{
  "function": "besselj",
  "backend": "jax_adaptive",
  "samples": 80,
  "seed": 0,
  "error_stats": {
    "mean": 8.730590160485463e-14,
    "median": 4.3624825973864745e-14,
    "p95": 2.4704214368620466e-13,
    "p99": 4.963505995103584e-13,
    "max": 1.273911531818328e-12
  },
  "containment_rate": 0.0,
  "mean_width": 7.717697077301734e-07
}