{
  "function": "besselk",
  "backend": "jax_rigorous",
  "samples": 80,
  "seed": 0,
  "error_stats": {
    "mean": 0.006661897425992989,
    "median": 9.068301665138279e-12,
    "p95": 2.4744750248828493e-09,
    "p99": 0.11192735376245885,
    "max": 0.5329388662139536
  },
  "containment_rate": 0.0125,
  "mean_width": 2.8979496880125564
}