{
  "function": "bessely",
  "backend": "jax_adaptive",
  "samples": 80,
  "seed": 0,
  "error_stats": {
    "mean": 1.1882939668422451e-07,
    "median": 1.6722873086294499e-12,
    "p95": 2.292420280269871e-08,
    "p99": 3.820269466814335e-06,
    "max": 6.098254743847065e-06
  },
  "containment_rate": 0.0,
  "mean_width": 0.01832128055045019
}