{
  "function": "besselj",
  "backend": "jax_rigorous",
  "samples": 80,
  "seed": 0,
  "error_stats": {
    "mean": 1.5104778635203263e-13,
    "median": 7.024936188315678e-14,
    "p95": 4.670985820354189e-13,
    "p99": 9.143538703959491e-13,
    "max": 1.8378493171766763e-12
  },
  "containment_rate": 0.0,
  "mean_width": 7.717693455439304e-07
}