{
  "function": "besselk",
  "backend": "jax_basic",
  "samples": 80,
  "seed": 0,
  "error_stats": {
    "mean": 0.013449423840525521,
    "median": 1.8136492307974095e-11,
    "p95": 4.949067289317099e-09,
    "p99": 0.22596527649437584,
    "max": 1.0759280481270252
  },
  "containment_rate": 1.0,
  "mean_width": 3.2406972071130636e-13
}