{
  "function": "besseli",
  "backend": "jax_adaptive",
  "samples": 80,
  "seed": 0,
  "error_stats": {
    "mean": 1.4518171029893095e-12,
    "median": 6.334932578511143e-13,
    "p95": 5.097255950659015e-12,
    "p99": 7.795009082656179e-12,
    "max": 7.823075520718703e-12
  },
  "containment_rate": 0.0,
  "mean_width": 8.491670407347645e-06
}