{
  "function": "besselk",
  "backend": "jax_adaptive",
  "samples": 80,
  "seed": 0,
  "error_stats": {
    "mean": 0.013449423840548102,
    "median": 1.8136825374881482e-11,
    "p95": 4.94906053916111e-09,
    "p99": 0.22596527649475784,
    "max": 1.0759280481288442
  },
  "containment_rate": 0.0,
  "mean_width": 2.9115247408416662
}