{
  "function": "besseli",
  "backend": "jax_rigorous",
  "samples": 80,
  "seed": 0,
  "error_stats": {
    "mean": 4.63267593025356e-13,
    "median": 2.2642998587230068e-13,
    "p95": 1.889155498702166e-12,
    "p99": 2.6496671523545954e-12,
    "max": 2.653877118063974e-12
  },
  "containment_rate": 0.0,
  "mean_width": 8.491667874216413e-06
}