{
  "function": "besseli",
  "backend": "jax_basic",
  "samples": 80,
  "seed": 0,
  "error_stats": {
    "mean": 1.4519483156773226e-12,
    "median": 6.333822355486518e-13,
    "p95": 5.099032307498415e-12,
    "p99": 7.795009082656179e-12,
    "max": 7.823075520718703e-12
  },
  "containment_rate": 1.0,
  "mean_width": 4.97864553409375e-15
}