{
  "function": "besselj",
  "backend": "jax_basic",
  "samples": 80,
  "seed": 0,
  "error_stats": {
    "mean": 8.732410163238569e-14,
    "median": 4.365952044338428e-14,
    "p95": 2.4704214368620466e-13,
    "p99": 4.963476851749188e-13,
    "max": 1.2738976540305202e-12
  },
  "containment_rate": 1.0,
  "mean_width": 4.1979973540626587e-16
}