{
  "function": "bessely",
  "backend": "jax_basic",
  "samples": 80,
  "seed": 0,
  "error_stats": {
    "mean": 1.1882937444637059e-07,
    "median": 1.6722873086294499e-12,
    "p95": 2.2924256803946627e-08,
    "p99": 3.820269084826559e-06,
    "max": 6.098252924857661e-06
  },
  "containment_rate": 1.0,
  "mean_width": 8.611972246441724e-13
}