{
  "function": "erf",
  "backend": "jax_adaptive",
  "samples": 80,
  "seed": 0,
  "error_stats": {
    "mean": 0.1488877977942451,
    "median": 0.05617169531334909,
    "p95": 0.6310983616632013,
    "p99": 0.7132634824142556,
    "max": 0.7281543485209738
  },
  "containment_rate": 0.0,
  "mean_width": 1.0194875543793544e-06
}