{
  "function": "erfc",
  "backend": "jax_basic",
  "samples": 80,
  "seed": 0,
  "error_stats": {
    "mean": 9.228728892196614e-17,
    "median": 5.551115123125783e-17,
    "p95": 2.2482016248659404e-16,
    "p99": 4.440892098500626e-16,
    "max": 4.440892098500626e-16
  },
  "containment_rate": 0.0,
  "mean_width": 1.374868547930619e-06
}