{
  "function": "erfc",
  "backend": "jax_rigorous",
  "samples": 80,
  "seed": 0,
  "error_stats": {
    "mean": 0.1531680597944886,
    "median": 0.04001123140290486,
    "p95": 0.5447561675669408,
    "p99": 0.6646294168639825,
    "max": 0.6931829816966446
  },
  "containment_rate": 0.0,
  "mean_width": 1.0339419858209233e-06
}