{
  "function": "gamma",
  "backend": "jax_basic",
  "samples": 80,
  "seed": 0,
  "error_stats": {
    "mean": 9.353628982466945e-16,
    "median": 6.661338147750939e-16,
    "p95": 2.6645352591003757e-15,
    "p99": 3.57491813929299e-15,
    "max": 5.329070518200751e-15
  },
  "containment_rate": 0.0875,
  "mean_width": 7.817575670214516e-06
}