{
  "function": "besseli",
  "backend": "jax_rigorous",
  "samples": 180,
  "seed": 2,
  "error_stats": {
    "mean": 5.282264241833606e-13,
    "median": 2.0289325775024736e-13,
    "p95": 2.365041495977492e-12,
    "p99": 4.459153046809664e-12,
    "max": 5.7056581681536045e-12
  },
  "containment_rate": 0.0,
  "mean_width": 9.341197998373955e-06
}