{
  "function": "bessely",
  "backend": "jax_adaptive",
  "samples": 180,
  "seed": 2,
  "error_stats": {
    "mean": 1.405744698886702e-07,
    "median": 3.743345911022544e-12,
    "p95": 7.3398126687606496e-09,
    "p99": 8.857633929437829e-08,
    "max": 2.4887220206437632e-05
  },
  "containment_rate": 0.0,
  "mean_width": 0.012888609078118
}