{
  "function": "besselk",
  "backend": "jax_basic",
  "samples": 180,
  "seed": 2,
  "error_stats": {
    "mean": 1.9217628701109605e-05,
    "median": 1.474387278932454e-11,
    "p95": 1.1509861224112609e-07,
    "p99": 0.00018916206361610136,
    "max": 0.0026192725636065006
  },
  "containment_rate": 1.0,
  "mean_width": 3.208030552238123e-11
}