{
  "function": "besseli",
  "backend": "jax_adaptive",
  "samples": 180,
  "seed": 2,
  "error_stats": {
    "mean": 1.6032221992136374e-12,
    "median": 4.740097203637106e-13,
    "p95": 6.708411603995042e-12,
    "p99": 8.47066417009046e-12,
    "max": 9.439560244572931e-12
  },
  "containment_rate": 0.0,
  "mean_width": 9.341200668233928e-06
}