{
  "function": "besseli",
  "backend": "jax_basic",
  "samples": 180,
  "seed": 2,
  "error_stats": {
    "mean": 1.6031978119771803e-12,
    "median": 4.740374759393262e-13,
    "p95": 6.7051253438421515e-12,
    "p99": 8.46711145641166e-12,
    "max": 9.439560244572931e-12
  },
  "containment_rate": 1.0,
  "mean_width": 5.84942040304544e-15
}