{
  "function": "CubesselK",
  "backend": "jax_adaptive",
  "samples": 180,
  "seed": 2,
  "error_stats": {
    "mean": 5.097283670141062e-08,
    "median": 1.0008882611600711e-11,
    "p95": 2.355779784579635e-08,
    "p99": 9.217516634407765e-07,
    "max": 5.963665898889303e-06
  },
  "containment_rate": 0.016666666666666666,
  "mean_width": 0.007043466241297687
}