{
  "function": "CubesselK",
  "backend": "jax_basic",
  "samples": 180,
  "seed": 2,
  "error_stats": {
    "mean": 5.097281445887054e-08,
    "median": 1.0008882611600711e-11,
    "p95": 2.3557743134005694e-08,
    "p99": 9.217516634407765e-07,
    "max": 5.963662260910496e-06
  },
  "containment_rate": 1.0,
  "mean_width": 1.5483835278754892e-13
}