{
  "function": "erf",
  "backend": "jax_basic",
  "samples": 180,
  "seed": 2,
  "error_stats": {
    "mean": 7.72530187968338e-17,
    "median": 3.469446951953614e-17,
    "p95": 2.220446049250313e-16,
    "p99": 3.4472424914611155e-16,
    "max": 4.440892098500626e-16
  },
  "containment_rate": 0.0,
  "mean_width": 1.3258824906542553e-06
}