{
  "function": "erf",
  "backend": "jax_adaptive",
  "samples": 180,
  "seed": 2,
  "error_stats": {
    "mean": 0.18368056189659873,
    "median": 0.08893177449435008,
    "p95": 0.643538252467839,
    "p99": 0.7370927920957348,
    "max": 0.7493331426282523
  },
  "containment_rate": 0.0,
  "mean_width": 9.238908839646435e-07
}