{
  "function": "erfc",
  "backend": "jax_adaptive",
  "samples": 180,
  "seed": 2,
  "error_stats": {
    "mean": 0.16367525064905805,
    "median": 0.06982365556660364,
    "p95": 0.5719856705176374,
    "p99": 0.7222146274657915,
    "max": 0.7327394752427119
  },
  "containment_rate": 0.0,
  "mean_width": 9.906699324903655e-07
}