{
  "function": "gamma",
  "backend": "jax_basic",
  "samples": 180,
  "seed": 2,
  "error_stats": {
    "mean": 9.677444031315948e-16,
    "median": 6.661338147750939e-16,
    "p95": 2.6645352591003757e-15,
    "p99": 5.702105454474818e-15,
    "max": 8.881784197001252e-15
  },
  "containment_rate": 0.14444444444444443,
  "mean_width": 9.737559471668161e-06
}