{
  "function": "gamma",
  "backend": "jax_rigorous",
  "samples": 180,
  "seed": 2,
  "error_stats": {
    "mean": 2.9637669479103895e-11,
    "median": 8.093525849517391e-13,
    "p95": 1.1842642422266162e-10,
    "p99": 6.703176325117967e-10,
    "max": 8.977920629149594e-10
  },
  "containment_rate": 0.0,
  "mean_width": 9.737678023655524e-06
}