{
  "function": "exp",
  "backend": "jax_rigorous",
  "samples": 40,
  "seed": 0,
  "error_stats": {
    "mean": 1.0359865743048146e-12,
    "median": 7.795986078917849e-13,
    "p95": 2.877920124433329e-12,
    "p99": 3.5630165484690223e-12,
    "max": 3.653077840226615e-12
  },
  "containment_rate": 0.0,
  "mean_width": 4.143734580562552e-06
}