{
  "function": "besseli",
  "backend": "jax_basic",
  "samples": 40,
  "seed": 0,
  "error_stats": {
    "mean": 1.3844241218286798e-12,
    "median": 3.459732500488144e-13,
    "p95": 5.547828862972889e-12,
    "p99": 8.318963296005675e-12,
    "max": 9.396927680427325e-12
  },
  "containment_rate": 1.0,
  "mean_width": 5.0840033883627586e-15
}