{
  "function": "besseli",
  "backend": "jax_adaptive",
  "samples": 40,
  "seed": 0,
  "error_stats": {
    "mean": 1.3844276293497628e-12,
    "median": 3.4602876120004566e-13,
    "p95": 5.5461413239754584e-12,
    "p99": 8.318963296005675e-12,
    "max": 9.396927680427325e-12
  },
  "containment_rate": 0.0,
  "mean_width": 7.930152538816898e-06
}