{
  "function": "bessely",
  "backend": "jax_basic",
  "samples": 40,
  "seed": 0,
  "error_stats": {
    "mean": 7.766789875425897e-08,
    "median": 7.236586330172656e-12,
    "p95": 6.849720648460702e-08,
    "p99": 1.7586874446351417e-06,
    "max": 2.653996489243582e-06
  },
  "containment_rate": 1.0,
  "mean_width": 9.79034344913976e-13
}