{
  "function": "besselj",
  "backend": "jax_adaptive",
  "samples": 40,
  "seed": 0,
  "error_stats": {
    "mean": 8.756929998976004e-14,
    "median": 4.5911299935419425e-14,
    "p95": 2.4426571876290347e-13,
    "p99": 4.4184877978636897e-13,
    "max": 4.9649173661237e-13
  },
  "containment_rate": 0.0,
  "mean_width": 7.09397507504008e-07
}