{
  "function": "bessely",
  "backend": "jax_adaptive",
  "samples": 40,
  "seed": 0,
  "error_stats": {
    "mean": 7.766788580767071e-08,
    "median": 7.236697352475119e-12,
    "p95": 6.849718374723948e-08,
    "p99": 1.758687267283675e-06,
    "max": 2.653996489243582e-06
  },
  "containment_rate": 0.0,
  "mean_width": 0.01824857487737098
}