{
  "function": "besselk",
  "backend": "jax_basic",
  "samples": 40,
  "seed": 0,
  "error_stats": {
    "mean": 1.845347181957807e-05,
    "median": 3.5865262149048505e-11,
    "p95": 1.699861016390963e-08,
    "p99": 0.00045023182155205137,
    "max": 0.000738061498850584
  },
  "containment_rate": 1.0,
  "mean_width": 6.989759604447698e-11
}