{
  "function": "CubesselK",
  "backend": "jax_basic",
  "samples": 40,
  "seed": 0,
  "error_stats": {
    "mean": 6.912653247709809e-09,
    "median": 1.3618994820774333e-11,
    "p95": 6.528611606881895e-09,
    "p99": 1.5950069666814658e-07,
    "max": 2.571750883362256e-07
  },
  "containment_rate": 1.0,
  "mean_width": 5.868187880064824e-14
}