{
  "function": "erf",
  "backend": "jax_basic",
  "samples": 40,
  "seed": 0,
  "error_stats": {
    "mean": 4.614364446098307e-17,
    "median": 0.0,
    "p95": 2.220446049250313e-16,
    "p99": 2.5590640717609855e-16,
    "max": 2.7755575615628914e-16
  },
  "containment_rate": 0.0,
  "mean_width": 1.5891686583003206e-06
}