{
  "function": "erfc",
  "backend": "jax_rigorous",
  "samples": 40,
  "seed": 0,
  "error_stats": {
    "mean": 0.13998127384790685,
    "median": 0.08659894308732116,
    "p95": 0.49266001962750006,
    "p99": 0.59758487283099,
    "max": 0.6292828335722477
  },
  "containment_rate": 0.0,
  "mean_width": 9.959092681981803e-07
}