{
  "function": "gamma",
  "backend": "jax_adaptive",
  "samples": 40,
  "seed": 0,
  "error_stats": {
    "mean": 2.6119323370821236e-11,
    "median": 7.788214517745473e-13,
    "p95": 1.7232593130245233e-10,
    "p99": 3.3392165477152956e-10,
    "max": 3.439240003899613e-10
  },
  "containment_rate": 0.0,
  "mean_width": 1.0044541880793733e-05
}