{
  "function": "besselk",
  "backend": "jax_rigorous",
  "samples": 360,
  "seed": 2,
  "error_stats": {
    "mean": 2.2119534514597453e-07,
    "median": 7.065570351016959e-12,
    "p95": 2.2417975031885382e-08,
    "p99": 2.1997559088050348e-06,
    "max": 5.1363022066652775e-05
  },
  "containment_rate": 0.0,
  "mean_width": 0.0563077156589847
}