{
  "function": "besseli",
  "backend": "jax_rigorous",
  "samples": 360,
  "seed": 2,
  "error_stats": {
    "mean": 5.261062940225536e-13,
    "median": 2.254862963013693e-13,
    "p95": 2.0988544235933663e-12,
    "p99": 4.731930403067973e-12,
    "max": 1.2028600337998796e-11
  },
  "containment_rate": 0.0,
  "mean_width": 8.273382776681078e-06
}