{
  "function": "besselk",
  "backend": "jax_adaptive",
  "samples": 360,
  "seed": 2,
  "error_stats": {
    "mean": 4.4239627853575505e-07,
    "median": 1.4128087588716198e-11,
    "p95": 4.4836669133019354e-08,
    "p99": 4.399561821628773e-06,
    "max": 0.00010272720828652382
  },
  "containment_rate": 0.005555555555555556,
  "mean_width": 0.05630815806087433
}