{
  "function": "besselj",
  "backend": "jax_rigorous",
  "samples": 360,
  "seed": 2,
  "error_stats": {
    "mean": 1.410168846473966e-13,
    "median": 7.413861191629678e-14,
    "p95": 3.933464665095699e-13,
    "p99": 1.1865969318236726e-12,
    "max": 3.147704319417244e-12
  },
  "containment_rate": 0.0,
  "mean_width": 7.601954825754476e-07
}