{
  "function": "besselk",
  "backend": "jax_basic",
  "samples": 360,
  "seed": 2,
  "error_stats": {
    "mean": 4.423962986214412e-07,
    "median": 1.4128087588716198e-11,
    "p95": 4.4836669133019354e-08,
    "p99": 4.399560330057462e-06,
    "max": 0.00010272720828652382
  },
  "containment_rate": 1.0,
  "mean_width": 2.0716560941636602e-12
}