{
  "function": "bessely",
  "backend": "jax_basic",
  "samples": 360,
  "seed": 2,
  "error_stats": {
    "mean": 1.1991450665926976e-06,
    "median": 5.55697154958068e-12,
    "p95": 3.6183826068736485e-08,
    "p99": 4.46106034360131e-06,
    "max": 0.00024109118385240436
  },
  "containment_rate": 1.0,
  "mean_width": 4.0621033494839566e-12
}