{
  "function": "CubesselK",
  "backend": "jax_rigorous",
  "samples": 360,
  "seed": 2,
  "error_stats": {
    "mean": 2.0348363682418703e-05,
    "median": 1.0237366510068568e-11,
    "p95": 2.91179091505001e-08,
    "p99": 6.7331818843288e-06,
    "max": 0.006460621953010559
  },
  "containment_rate": 0.002777777777777778,
  "mean_width": 2.6550858201854615
}