{
  "function": "CubesselK",
  "backend": "jax_adaptive",
  "samples": 360,
  "seed": 2,
  "error_stats": {
    "mean": 4.0700553335914964e-05,
    "median": 2.0478618800723325e-11,
    "p95": 5.823683011385592e-08,
    "p99": 1.346688562648566e-05,
    "max": 0.012921510264277458
  },
  "containment_rate": 0.008333333333333333,
  "mean_width": 2.6551265245596114
}