{
  "function": "CubesselK",
  "backend": "jax_basic",
  "samples": 360,
  "seed": 2,
  "error_stats": {
    "mean": 4.07005533390769e-05,
    "median": 2.04783967561184e-11,
    "p95": 5.823683011385592e-08,
    "p99": 1.3466885693560894e-05,
    "max": 0.012921510264277458
  },
  "containment_rate": 1.0,
  "mean_width": 2.0918623502956997e-11
}