{
  "function": "erf",
  "backend": "jax_adaptive",
  "samples": 360,
  "seed": 2,
  "error_stats": {
    "mean": 0.17669085064474038,
    "median": 0.06943467277621262,
    "p95": 0.6465062346248049,
    "p99": 0.7305607890581063,
    "max": 0.7436224779370997
  },
  "containment_rate": 0.0,
  "mean_width": 9.674728141959777e-07
}