{
  "function": "gamma",
  "backend": "jax_basic",
  "samples": 360,
  "seed": 2,
  "error_stats": {
    "mean": 8.625816110768231e-16,
    "median": 6.661338147750939e-16,
    "p95": 2.4424906541753444e-15,
    "p99": 3.643751966819769e-15,
    "max": 1.0658141036401503e-14
  },
  "containment_rate": 0.12777777777777777,
  "mean_width": 5.367602493994459e-06
}