{
  "function": "erf",
  "backend": "jax_rigorous",
  "samples": 40,
  "seed": 0,
  "error_stats": {
    "mean": 0.1687240969699158,
    "median": 0.07042809155398677,
    "p95": 0.5381877514403889,
    "p99": 0.6622842392032728,
    "max": 0.7281366293528457
  },
  "containment_rate": 0.0,
  "mean_width": 1.0300640197897957e-06
}