{
  "function": "erfc",
  "backend": "jax_basic",
  "samples": 40,
  "seed": 0,
  "error_stats": {
    "mean": 1.0130785099704553e-16,
    "median": 5.551115123125783e-17,
    "p95": 2.8588242884097734e-16,
    "p99": 4.440892098500626e-16,
    "max": 4.440892098500626e-16
  },
  "containment_rate": 0.0,
  "mean_width": 1.4008573973545158e-06
}