{
  "function": "besseli",
  "backend": "jax_adaptive",
  "samples": 5000,
  "seed": 0,
  "error_stats": {
    "mean": 3.104707854617512e-12,
    "median": 4.769570155493952e-13,
    "p95": 6.178701994485893e-12,
    "p99": 9.027729674926383e-12,
    "max": 8.418339851601342e-09
  },
  "containment_rate": 0.0,
  "mean_width": 8.030862729804567e-06
}