{
  "function": "besselj",
  "backend": "jax_basic",
  "samples": 5000,
  "seed": 0,
  "error_stats": {
    "mean": 3.1085758366901096e-13,
    "median": 1.6897594434794883e-13,
    "p95": 9.07840469466237e-13,
    "p99": 1.4089539561099042e-12,
    "max": 5.2619382809315773e-11
  },
  "containment_rate": 0.0,
  "mean_width": 7.49301821079287e-07
}