{
  "function": "sin",
  "backend": "jax_rigorous",
  "samples": 2000,
  "seed": 0,
  "error_stats": {
    "mean": 3.361797571549939e-13,
    "median": 3.714251128883461e-13,
    "p95": 4.987121826616203e-13,
    "p99": 4.99933427988708e-13,
    "max": 5.000444502911705e-13
  },
  "containment_rate": 0.0,
  "mean_width": 1.2221758327263895e-06
}