{
  "function": "sqrt",
  "backend": "jax_baseline",
  "samples": 2000,
  "seed": 0,
  "error_stats": {
    "mean": 1.3303941281961328e-16,
    "median": 0.0,
    "p95": 4.440892098500626e-16,
    "p99": 4.440892098500626e-16,
    "max": 4.440892098500626e-16
  },
  "containment_rate": 0.0,
  "mean_width": 9.568563963414726e-07
}