{
  "function": "besselk",
  "backend": "jax_basic",
  "samples": 280,
  "seed": 1,
  "error_stats": {
    "mean": 8.826661644918765e-06,
    "median": 1.2067125076953289e-11,
    "p95": 8.663825781241139e-08,
    "p99": 6.705218878096193e-05,
    "max": 0.0021430160850286484
  },
  "containment_rate": 1.0,
  "mean_width": 1.73517403074887e-11
}