{
  "function": "besselk",
  "backend": "jax_rigorous",
  "samples": 280,
  "seed": 1,
  "error_stats": {
    "mean": 4.4132312758117816e-06,
    "median": 6.031508625881088e-12,
    "p95": 4.331931506840247e-08,
    "p99": 3.3519222608901644e-05,
    "max": 0.0010714908130466938
  },
  "containment_rate": 0.0035714285714285713,
  "mean_width": 0.7543022036854891
}