{
  "function": "besselj",
  "backend": "jax_rigorous",
  "samples": 280,
  "seed": 1,
  "error_stats": {
    "mean": 2.2277002733590555e-12,
    "median": 6.350475700855895e-14,
    "p95": 3.709588192180037e-13,
    "p99": 6.166800403661824e-13,
    "max": 5.89885085222619e-10
  },
  "containment_rate": 0.0,
  "mean_width": 8.301374165526382e-07
}