{
  "function": "besselj",
  "backend": "jax_basic",
  "samples": 280,
  "seed": 1,
  "error_stats": {
    "mean": 4.156104898760523e-12,
    "median": 5.889039256246065e-14,
    "p95": 1.9506618542664005e-13,
    "p99": 6.899814053440383e-13,
    "max": 1.1370114849640345e-09
  },
  "containment_rate": 1.0,
  "mean_width": 4.196641496441485e-16
}