{
  "function": "besseli",
  "backend": "jax_basic",
  "samples": 280,
  "seed": 1,
  "error_stats": {
    "mean": 1.454587684756951e-12,
    "median": 6.777356453824268e-13,
    "p95": 5.566125338418716e-12,
    "p99": 8.012044361294099e-12,
    "max": 9.816147894525784e-12
  },
  "containment_rate": 1.0,
  "mean_width": 5.05889969536839e-15
}