{
  "function": "besseli",
  "backend": "jax_adaptive",
  "samples": 280,
  "seed": 1,
  "error_stats": {
    "mean": 1.4545547411774907e-12,
    "median": 6.778466676848893e-13,
    "p95": 5.564437799421286e-12,
    "p99": 8.012044361294099e-12,
    "max": 9.816147894525784e-12
  },
  "containment_rate": 0.0,
  "mean_width": 8.442952361614312e-06
}