{
  "function": "besselk",
  "backend": "jax_adaptive",
  "samples": 280,
  "seed": 1,
  "error_stats": {
    "mean": 8.826663199950606e-06,
    "median": 1.2067347121558214e-11,
    "p95": 8.663825497024045e-08,
    "p99": 6.705218878096193e-05,
    "max": 0.0021430165506899357
  },
  "containment_rate": 0.014285714285714285,
  "mean_width": 0.7543110305491809
}