{
  "function": "CubesselK",
  "backend": "jax_adaptive",
  "samples": 280,
  "seed": 1,
  "error_stats": {
    "mean": 5.640909345965412e-06,
    "median": 2.0451640381224934e-11,
    "p95": 8.826979041032257e-08,
    "p99": 8.418748853727804e-05,
    "max": 0.0010552930389167159
  },
  "containment_rate": 0.007142857142857143,
  "mean_width": 0.2340603191702745
}