{
  "function": "CubesselK",
  "backend": "jax_basic",
  "samples": 280,
  "seed": 1,
  "error_stats": {
    "mean": 5.6409095577499455e-06,
    "median": 2.0451196292015084e-11,
    "p95": 8.826979041032257e-08,
    "p99": 8.418748853727804e-05,
    "max": 0.0010552930389167159
  },
  "containment_rate": 1.0,
  "mean_width": 3.5846420945649463e-12
}