{
  "function": "erf",
  "backend": "jax_rigorous",
  "samples": 280,
  "seed": 1,
  "error_stats": {
    "mean": 0.16705697542327416,
    "median": 0.03417210399028309,
    "p95": 0.6018994173363307,
    "p99": 0.720324841836659,
    "max": 0.7478680072261182
  },
  "containment_rate": 0.0,
  "mean_width": 1.0427916616165666e-06
}