{
  "function": "erf",
  "backend": "jax_basic",
  "samples": 280,
  "seed": 1,
  "error_stats": {
    "mean": 4.2308860098408e-17,
    "median": 0.0,
    "p95": 2.220446049250313e-16,
    "p99": 2.337019466835943e-16,
    "max": 3.3306690738754696e-16
  },
  "containment_rate": 0.0,
  "mean_width": 1.4322955500605563e-06
}