{
  "function": "erfc",
  "backend": "jax_rigorous",
  "samples": 280,
  "seed": 1,
  "error_stats": {
    "mean": 0.17313008866240157,
    "median": 0.05815489707627472,
    "p95": 0.6329601274351738,
    "p99": 0.7050826732845745,
    "max": 0.7259245646151604
  },
  "containment_rate": 0.0,
  "mean_width": 9.906723953836613e-07
}