{
  "function": "gamma",
  "backend": "jax_basic",
  "samples": 280,
  "seed": 1,
  "error_stats": {
    "mean": 7.497970498450611e-16,
    "median": 5.551115123125783e-16,
    "p95": 2.220446049250313e-15,
    "p99": 3.552713678800501e-15,
    "max": 3.552713678800501e-15
  },
  "containment_rate": 0.10357142857142858,
  "mean_width": 5.2079315113092875e-06
}