{
  "function": "besseli",
  "backend": "jax_rigorous",
  "samples": 5000,
  "seed": 0,
  "error_stats": {
    "mean": 1.336218184439315e-12,
    "median": 2.0483614804334138e-13,
    "p95": 2.1747936784777286e-12,
    "p99": 4.5126924419492006e-12,
    "max": 4.233135528740328e-09
  },
  "containment_rate": 0.0,
  "mean_width": 8.030858597863094e-06
}