{
  "function": "besseli",
  "backend": "jax_basic",
  "samples": 5000,
  "seed": 0,
  "error_stats": {
    "mean": 1.1966647791771539e-12,
    "median": 6.821210263296962e-13,
    "p95": 4.401012887456091e-12,
    "p99": 5.982805362236832e-12,
    "max": 6.946837549648421e-11
  },
  "containment_rate": 0.0,
  "mean_width": 8.030854476724795e-06
}