{
  "function": "bessely",
  "backend": "jax_basic",
  "samples": 5000,
  "seed": 0,
  "error_stats": {
    "mean": 2.4742811861010184e-12,
    "median": 6.591949208711867e-16,
    "p95": 1.1368683772161603e-13,
    "p99": 7.285052561201354e-12,
    "max": 2.3283064365386963e-09
  },
  "containment_rate": 0.1646,
  "mean_width": 0.2427997811980612
}