{
  "function": "cos",
  "backend": "jax_basic",
  "samples": 40,
  "seed": 0,
  "error_stats": {
    "mean": 1.2836953722228373e-17,
    "median": 0.0,
    "p95": 1.1102230246251565e-16,
    "p99": 1.1102230246251565e-16,
    "max": 1.1102230246251565e-16
  },
  "containment_rate": 0.0,
  "mean_width": 1.3427271981230824e-06
}