{
  "function": "cos",
  "backend": "jax_adaptive",
  "samples": 40,
  "seed": 0,
  "error_stats": {
    "mean": 3.214589185118744e-13,
    "median": 3.494982081519993e-13,
    "p95": 4.739153514066174e-13,
    "p99": 4.842259926363112e-13,
    "max": 4.899414207670816e-13
  },
  "containment_rate": 0.0,
  "mean_width": 1.3427278404727973e-06
}