{
  "function": "exp",
  "backend": "jax_adaptive",
  "samples": 40,
  "seed": 0,
  "error_stats": {
    "mean": 9.675420187260642e-13,
    "median": 6.612488334667432e-13,
    "p95": 2.6283419884975948e-12,
    "p99": 3.3329694559824923e-12,
    "max": 3.651301483387215e-12
  },
  "containment_rate": 0.0,
  "mean_width": 3.870078892882766e-06
}