{
  "function": "log",
  "backend": "jax_rigorous",
  "samples": 40,
  "seed": 0,
  "error_stats": {
    "mean": 2.8920556284527977e-12,
    "median": 1.4271916981556387e-13,
    "p95": 1.546246464201315e-11,
    "p99": 3.50880280386434e-11,
    "max": 4.291322852623125e-11
  },
  "containment_rate": 0.0,
  "mean_width": 2.750484862558319e-06
}