{
  "function": "sinh",
  "backend": "jax_rigorous",
  "samples": 40,
  "seed": 0,
  "error_stats": {
    "mean": 8.889663311029139e-13,
    "median": 8.771872117563362e-13,
    "p95": 1.6783019418653566e-12,
    "p99": 1.7025536536152685e-12,
    "max": 1.7061907442439406e-12
  },
  "containment_rate": 0.0,
  "mean_width": 4.292769956593285e-06
}