{
  "function": "tan",
  "backend": "jax_rigorous",
  "samples": 40,
  "seed": 0,
  "error_stats": {
    "mean": 1.1802293878329325e-12,
    "median": 8.63142890494828e-13,
    "p95": 2.9419799929542003e-12,
    "p99": 4.32024416241461e-12,
    "max": 4.7415404935691186e-12
  },
  "containment_rate": 0.0,
  "mean_width": 3.103816994723237e-06
}