{
  "function": "besseli",
  "backend": "jax_basic",
  "samples": 40,
  "seed": 0,
  "error_stats": {
    "mean": 1.3235702642569627e-12,
    "median": 6.535882945968297e-13,
    "p95": 5.1009863000217534e-12,
    "p99": 7.36127603317982e-12,
    "max": 7.58504370423907e-12
  },
  "containment_rate": 1.0,
  "mean_width": 4.905071701661787e-15
}