{
  "function": "besselj",
  "backend": "jax_basic",
  "samples": 40,
  "seed": 0,
  "error_stats": {
    "mean": 8.380327749563273e-14,
    "median": 6.72708416749046e-14,
    "p95": 2.1619928070037985e-13,
    "p99": 2.4719462587974306e-13,
    "max": 2.6519064721952645e-13
  },
  "containment_rate": 1.0,
  "mean_width": 4.579656424051615e-16
}