{
  "function": "besselj",
  "backend": "jax_adaptive",
  "samples": 40,
  "seed": 0,
  "error_stats": {
    "mean": 8.378707036721996e-14,
    "median": 6.724308609928897e-14,
    "p95": 2.1619928070037985e-13,
    "p99": 2.4719462587974306e-13,
    "max": 2.6519064721952645e-13
  },
  "containment_rate": 0.0,
  "mean_width": 6.021755908656743e-07
}