{
  "function": "besselk",
  "backend": "jax_adaptive",
  "samples": 40,
  "seed": 0,
  "error_stats": {
    "mean": 0.004080157328020377,
    "median": 9.378581244945394e-12,
    "p95": 8.687874469614751e-07,
    "p99": 0.09955303004135194,
    "max": 0.16319465880587813
  },
  "containment_rate": 0.0,
  "mean_width": 3.2740362947013617
}