{
  "function": "bessely",
  "backend": "jax_basic",
  "samples": 40,
  "seed": 0,
  "error_stats": {
    "mean": 1.932809704386501e-09,
    "median": 8.38384917045687e-13,
    "p95": 2.11684818562924e-09,
    "p99": 4.0574653503711015e-08,
    "max": 5.354329246642919e-08
  },
  "containment_rate": 1.0,
  "mean_width": 2.2173929359325938e-14
}