{
  "function": "besselk",
  "backend": "jax_rigorous",
  "samples": 40,
  "seed": 0,
  "error_stats": {
    "mean": 0.002034931949286247,
    "median": 4.689179600170235e-12,
    "p95": 4.3439636101537265e-07,
    "p99": 0.04965093519764191,
    "max": 0.08139146089524729
  },
  "containment_rate": 0.0,
  "mean_width": 3.269945843943957
}