{
  "function": "besseli",
  "backend": "jax_adaptive",
  "samples": 40,
  "seed": 0,
  "error_stats": {
    "mean": 1.3234961915645385e-12,
    "median": 6.536993168992922e-13,
    "p95": 5.099209943182353e-12,
    "p99": 7.35949967634042e-12,
    "max": 7.58326734739967e-12
  },
  "containment_rate": 0.0,
  "mean_width": 8.235979962491632e-06
}