{
  "function": "bessely",
  "backend": "jax_rigorous",
  "samples": 40,
  "seed": 0,
  "error_stats": {
    "mean": 9.663846442260065e-10,
    "median": 3.8574698990601064e-13,
    "p95": 1.0584507048605203e-09,
    "p99": 2.028674700227383e-08,
    "max": 2.6770223371386237e-08
  },
  "containment_rate": 0.0,
  "mean_width": 0.0002512920133049525
}