{
  "function": "cos",
  "backend": "jax_basic",
  "samples": 40,
  "seed": 0,
  "error_stats": {
    "mean": 2.949029909160572e-18,
    "median": 0.0,
    "p95": 9.36750677027462e-18,
    "p99": 5.551115123125783e-17,
    "max": 5.551115123125783e-17
  },
  "containment_rate": 0.0,
  "mean_width": 1.1997528632878493e-06
}