{
  "function": "cosh",
  "backend": "jax_rigorous",
  "samples": 40,
  "seed": 0,
  "error_stats": {
    "mean": 9.707123993507593e-13,
    "median": 8.990586053414518e-13,
    "p95": 1.7583712264013227e-12,
    "p99": 1.8631807208180363e-12,
    "max": 1.878941446875615e-12
  },
  "containment_rate": 0.0,
  "mean_width": 3.091558961332286e-06
}