{
  "function": "cosh",
  "backend": "jax_basic",
  "samples": 40,
  "seed": 0,
  "error_stats": {
    "mean": 3.164135620181696e-16,
    "median": 2.220446049250313e-16,
    "p95": 8.881784197001252e-16,
    "p99": 1.1590728377086632e-15,
    "max": 1.3322676295501878e-15
  },
  "containment_rate": 0.0,
  "mean_width": 3.0915550802035343e-06
}