{
  "function": "CubesselK",
  "backend": "jax_adaptive",
  "samples": 40,
  "seed": 0,
  "error_stats": {
    "mean": 3.982879092005081e-06,
    "median": 3.629341271960129e-11,
    "p95": 1.8690061551751015e-07,
    "p99": 9.66450087867087e-05,
    "max": 0.00015713548054918647
  },
  "containment_rate": 0.05,
  "mean_width": 0.45527476478929757
}