{
  "function": "erf",
  "backend": "jax_basic",
  "samples": 40,
  "seed": 0,
  "error_stats": {
    "mean": 6.106226635438361e-17,
    "median": 0.0,
    "p95": 2.8033131371785187e-16,
    "p99": 4.0079051188968145e-16,
    "max": 4.440892098500626e-16
  },
  "containment_rate": 0.0,
  "mean_width": 1.3895549331842048e-06
}