{
  "function": "erf",
  "backend": "jax_rigorous",
  "samples": 40,
  "seed": 0,
  "error_stats": {
    "mean": 0.13987299147793494,
    "median": 0.03290612561592321,
    "p95": 0.48435453182124466,
    "p99": 0.6754493086489183,
    "max": 0.7364614138177269
  },
  "containment_rate": 0.0,
  "mean_width": 1.0970884178503754e-06
}