{
  "function": "gamma",
  "backend": "jax_basic",
  "samples": 40,
  "seed": 0,
  "error_stats": {
    "mean": 5.523359547510153e-16,
    "median": 4.440892098500626e-16,
    "p95": 1.56541446472147e-15,
    "p99": 1.7763568394002505e-15,
    "max": 1.7763568394002505e-15
  },
  "containment_rate": 0.15,
  "mean_width": 4.159737903203231e-06
}