{
  "function": "gamma",
  "backend": "jax_adaptive",
  "samples": 40,
  "seed": 0,
  "error_stats": {
    "mean": 1.0407888439978308e-11,
    "median": 6.111777750561487e-13,
    "p95": 6.639866434454687e-12,
    "p99": 2.2548537037536654e-10,
    "max": 3.650892921314153e-10
  },
  "containment_rate": 0.0,
  "mean_width": 4.159758718258466e-06
}