{
  "function": "log",
  "backend": "jax_basic",
  "samples": 40,
  "seed": 0,
  "error_stats": {
    "mean": 1.2490009027033011e-17,
    "median": 0.0,
    "p95": 5.828670879282056e-17,
    "p99": 1.7874590696465014e-16,
    "max": 2.220446049250313e-16
  },
  "containment_rate": 0.0,
  "mean_width": 1.7748778143208446e-06
}