{
  "function": "log",
  "backend": "jax_rigorous",
  "samples": 40,
  "seed": 0,
  "error_stats": {
    "mean": 1.0491061144812797e-12,
    "median": 1.6714407635731732e-13,
    "p95": 1.4189649455431572e-12,
    "p99": 1.8440935445340742e-11,
    "max": 2.7396751534070063e-11
  },
  "containment_rate": 0.0,
  "mean_width": 1.774882010190451e-06
}