{
  "function": "sinh",
  "backend": "jax_rigorous",
  "samples": 40,
  "seed": 0,
  "error_stats": {
    "mean": 6.3313035369994e-13,
    "median": 5.253575352526241e-13,
    "p95": 1.6390666601751032e-12,
    "p99": 1.7665335860783671e-12,
    "max": 1.7679191444130993e-12
  },
  "containment_rate": 0.0,
  "mean_width": 3.39582800408314e-06
}