{
  "function": "sqrt",
  "backend": "jax_rigorous",
  "samples": 40,
  "seed": 0,
  "error_stats": {
    "mean": 5.677971981477014e-13,
    "median": 5.928590951498336e-14,
    "p95": 2.629621520533475e-12,
    "p99": 8.531436113123898e-12,
    "max": 1.2086887046791617e-11
  },
  "containment_rate": 0.0,
  "mean_width": 1.0555398199413312e-06
}