{
  "function": "tanh",
  "backend": "jax_adaptive",
  "samples": 40,
  "seed": 0,
  "error_stats": {
    "mean": 2.401613630187427e-13,
    "median": 2.524647157997606e-13,
    "p95": 3.8321568140986526e-13,
    "p99": 3.8489544884612314e-13,
    "max": 3.850253449400043e-13
  },
  "containment_rate": 0.0,
  "mean_width": 1.003288409101577e-06
}