{
  "function": "cos",
  "backend": "jax_rigorous",
  "samples": 64,
  "seed": 1,
  "error_stats": {
    "mean": 3.2472277904788127e-13,
    "median": 3.7625458304546555e-13,
    "p95": 4.996170144266898e-13,
    "p99": 4.99933427988708e-13,
    "max": 4.99933427988708e-13
  },
  "containment_rate": 0.0,
  "mean_width": 1.2562893958239715e-06
}