{
  "function": "cosh",
  "backend": "jax_basic",
  "samples": 64,
  "seed": 1,
  "error_stats": {
    "mean": 8.673617379884035e-17,
    "median": 0.0,
    "p95": 4.440892098500626e-16,
    "p99": 4.440892098500626e-16,
    "max": 4.440892098500626e-16
  },
  "containment_rate": 0.0,
  "mean_width": 3.0000161672927295e-06
}