{
  "function": "cosh",
  "backend": "jax_rigorous",
  "samples": 64,
  "seed": 1,
  "error_stats": {
    "mean": 9.387421395778972e-13,
    "median": 8.221201497349284e-13,
    "p95": 1.6955770121285236e-12,
    "p99": 1.7888934777943173e-12,
    "max": 1.8669510382096632e-12
  },
  "containment_rate": 0.0,
  "mean_width": 3.00001992055432e-06
}