{
  "function": "cosh",
  "backend": "jax_adaptive",
  "samples": 64,
  "seed": 1,
  "error_stats": {
    "mean": 9.097687880821326e-13,
    "median": 8.554268404736831e-13,
    "p95": 1.6476375819252097e-12,
    "p99": 1.802309412823888e-12,
    "max": 1.8616219676914625e-12
  },
  "containment_rate": 0.0,
  "mean_width": 2.772002132396534e-06
}