{
  "function": "cosh",
  "backend": "jax_rigorous",
  "samples": 64,
  "seed": 1,
  "error_stats": {
    "mean": 8.833697662247175e-13,
    "median": 7.390754674929667e-13,
    "p95": 1.7550183528669547e-12,
    "p99": 1.8262147349901168e-12,
    "max": 1.8740564655672642e-12
  },
  "containment_rate": 0.0,
  "mean_width": 2.636505210013018e-06
}