{
  "function": "exp",
  "backend": "jax_rigorous",
  "samples": 64,
  "seed": 1,
  "error_stats": {
    "mean": 7.855942459056298e-13,
    "median": 3.805289416902724e-13,
    "p95": 3.1437519254495772e-12,
    "p99": 3.5356517713580615e-12,
    "max": 3.573141782453604e-12
  },
  "containment_rate": 0.0,
  "mean_width": 3.1423405426733025e-06
}