{
  "function": "exp",
  "backend": "jax_adaptive",
  "samples": 64,
  "seed": 1,
  "error_stats": {
    "mean": 9.22674697062531e-13,
    "median": 5.224709553885987e-13,
    "p95": 2.8426594411712356e-12,
    "p99": 3.3577407521079286e-12,
    "max": 3.5837999234900053e-12
  },
  "containment_rate": 0.0,
  "mean_width": 3.690792169321229e-06
}