{
  "function": "exp",
  "backend": "jax_rigorous",
  "samples": 64,
  "seed": 1,
  "error_stats": {
    "mean": 8.308002723278474e-13,
    "median": 3.9324099532223045e-13,
    "p95": 2.4109159113550044e-12,
    "p99": 3.3587621572905835e-12,
    "max": 3.637978807091713e-12
  },
  "containment_rate": 0.0,
  "mean_width": 3.323142349416497e-06
}