{
  "function": "exp",
  "backend": "jax_basic",
  "samples": 64,
  "seed": 1,
  "error_stats": {
    "mean": 1.951563910473908e-16,
    "median": 0.0,
    "p95": 1.6431300764452266e-15,
    "p99": 1.7763568394002505e-15,
    "max": 1.7763568394002505e-15
  },
  "containment_rate": 0.0,
  "mean_width": 3.6907903256046433e-06
}