{
  "function": "exp",
  "backend": "jax_basic",
  "samples": 64,
  "seed": 1,
  "error_stats": {
    "mean": 1.0798653637955624e-16,
    "median": 0.0,
    "p95": 8.215650382226133e-16,
    "p99": 1.2168044349891693e-15,
    "max": 1.7763568394002505e-15
  },
  "containment_rate": 0.0,
  "mean_width": 3.323139027694693e-06
}