{
  "function": "exp",
  "backend": "jax_basic",
  "samples": 64,
  "seed": 1,
  "error_stats": {
    "mean": 1.3574211199518516e-16,
    "median": 0.0,
    "p95": 8.881784197001252e-16,
    "p99": 1.2168044349891693e-15,
    "max": 1.7763568394002505e-15
  },
  "containment_rate": 0.0,
  "mean_width": 3.1423374017456804e-06
}