{
  "function": "log",
  "backend": "jax_rigorous",
  "samples": 64,
  "seed": 1,
  "error_stats": {
    "mean": 1.7060576042171594e-12,
    "median": 2.5443536166847025e-13,
    "p95": 1.2138279270601495e-11,
    "p99": 1.6823473725224852e-11,
    "max": 1.8234525001048496e-11
  },
  "containment_rate": 0.0,
  "mean_width": 2.576419325541531e-06
}