{
  "function": "log",
  "backend": "jax_adaptive",
  "samples": 64,
  "seed": 1,
  "error_stats": {
    "mean": 1.466817390206182e-12,
    "median": 2.645661467681748e-13,
    "p95": 4.811290255091182e-12,
    "p99": 2.430926127061634e-11,
    "max": 3.659339498085501e-11
  },
  "containment_rate": 0.0,
  "mean_width": 2.22150718248357e-06
}