{
  "function": "sin",
  "backend": "jax_rigorous",
  "samples": 64,
  "seed": 1,
  "error_stats": {
    "mean": 3.253534594516161e-13,
    "median": 3.8491432263754177e-13,
    "p95": 4.976963285940882e-13,
    "p99": 4.992672941739329e-13,
    "max": 4.992672941739329e-13
  },
  "containment_rate": 0.0,
  "mean_width": 1.2191836458749859e-06
}