{
  "function": "sin",
  "backend": "jax_rigorous",
  "samples": 64,
  "seed": 1,
  "error_stats": {
    "mean": 3.301821706672148e-13,
    "median": 3.747557819622216e-13,
    "p95": 4.94154717145534e-13,
    "p99": 4.984934687257691e-13,
    "max": 4.998224056862455e-13
  },
  "containment_rate": 0.0,
  "mean_width": 1.2305083916977857e-06
}