{
  "function": "sin",
  "backend": "jax_adaptive",
  "samples": 64,
  "seed": 1,
  "error_stats": {
    "mean": 3.65897850213015e-13,
    "median": 4.0084602304091277e-13,
    "p95": 4.990896584899928e-13,
    "p99": 4.998634839381566e-13,
    "max": 4.99933427988708e-13
  },
  "containment_rate": 0.0,
  "mean_width": 1.1225686617410621e-06
}