{
  "function": "sinh",
  "backend": "jax_adaptive",
  "samples": 64,
  "seed": 1,
  "error_stats": {
    "mean": 6.930150626537762e-13,
    "median": 6.937783680882603e-13,
    "p95": 1.5697887434384938e-12,
    "p99": 1.731237375679484e-12,
    "max": 1.7927881401647028e-12
  },
  "containment_rate": 0.0,
  "mean_width": 3.638908433462279e-06
}