{
  "function": "sinh",
  "backend": "jax_basic",
  "samples": 64,
  "seed": 1,
  "error_stats": {
    "mean": 8.988036009904832e-17,
    "median": 0.0,
    "p95": 4.440892098500626e-16,
    "p99": 8.881784197001252e-16,
    "max": 8.881784197001252e-16
  },
  "containment_rate": 0.0,
  "mean_width": 3.3187107046561345e-06
}