{
  "function": "sinh",
  "backend": "jax_adaptive",
  "samples": 64,
  "seed": 1,
  "error_stats": {
    "mean": 5.882698841941369e-13,
    "median": 4.706790512898351e-13,
    "p95": 1.5455414725806804e-12,
    "p99": 1.7327916879139592e-12,
    "max": 1.752376022068347e-12
  },
  "containment_rate": 0.0,
  "mean_width": 3.31871188029363e-06
}