{
  "function": "sqrt",
  "backend": "jax_adaptive",
  "samples": 64,
  "seed": 1,
  "error_stats": {
    "mean": 4.807452179400595e-13,
    "median": 5.3290705182007514e-14,
    "p95": 7.060962925464747e-13,
    "p99": 9.859138783152544e-12,
    "max": 2.062602866281793e-11
  },
  "containment_rate": 0.0,
  "mean_width": 9.275240303177959e-07
}