{
  "function": "sqrt",
  "backend": "jax_basic",
  "samples": 64,
  "seed": 1,
  "error_stats": {
    "mean": 2.0816681711721685e-17,
    "median": 0.0,
    "p95": 2.0539125955565333e-16,
    "p99": 2.220446049250313e-16,
    "max": 2.220446049250313e-16
  },
  "containment_rate": 0.0,
  "mean_width": 1.064723074523273e-06
}