{
  "function": "sqrt",
  "backend": "jax_adaptive",
  "samples": 64,
  "seed": 1,
  "error_stats": {
    "mean": 4.195437400267288e-13,
    "median": 5.3290705182007514e-14,
    "p95": 2.2564616841691465e-12,
    "p99": 4.400332320741994e-12,
    "max": 4.6969650391304185e-12
  },
  "containment_rate": 0.0,
  "mean_width": 1.0647239125118058e-06
}