{
  "function": "sqrt",
  "backend": "jax_adaptive",
  "samples": 64,
  "seed": 1,
  "error_stats": {
    "mean": 1.3998611297916241e-13,
    "median": 5.484501741648273e-14,
    "p95": 4.710232204274688e-13,
    "p99": 1.531284543609955e-12,
    "max": 1.8859358519307534e-12
  },
  "containment_rate": 0.0,
  "mean_width": 8.60069921060358e-07
}