{
  "function": "sqrt",
  "backend": "jax_adaptive",
  "samples": 64,
  "seed": 1,
  "error_stats": {
    "mean": 2.579603197716551e-13,
    "median": 4.340972026284362e-14,
    "p95": 3.420430605416412e-13,
    "p99": 5.851844564475072e-12,
    "max": 5.881850562161617e-12
  },
  "containment_rate": 0.0,
  "mean_width": 8.505661738995862e-07
}