{
  "function": "tan",
  "backend": "jax_adaptive",
  "samples": 64,
  "seed": 1,
  "error_stats": {
    "mean": 1.444688566367737e-12,
    "median": 9.054423877330464e-13,
    "p95": 3.851285956812944e-12,
    "p99": 4.305649170532888e-12,
    "max": 4.349853810481363e-12
  },
  "containment_rate": 0.0,
  "mean_width": 3.3521474246543437e-06
}