{
  "function": "tan",
  "backend": "jax_rigorous",
  "samples": 64,
  "seed": 1,
  "error_stats": {
    "mean": 1.1600420060306482e-12,
    "median": 7.177591854201637e-13,
    "p95": 3.888689370512564e-12,
    "p99": 4.58810767156592e-12,
    "max": 4.951816734433123e-12
  },
  "containment_rate": 0.0,
  "mean_width": 3.0701510838354205e-06
}