{
  "function": "tanh",
  "backend": "jax_adaptive",
  "samples": 64,
  "seed": 1,
  "error_stats": {
    "mean": 2.4823502628446015e-13,
    "median": 2.6451063561694355e-13,
    "p95": 3.787248292752565e-13,
    "p99": 3.8371750221699583e-13,
    "max": 3.8413716652030416e-13
  },
  "containment_rate": 0.0,
  "mean_width": 8.392097862620213e-07
}