{
  "function": "tanh",
  "backend": "jax_adaptive",
  "samples": 64,
  "seed": 1,
  "error_stats": {
    "mean": 2.1692726553858982e-13,
    "median": 2.212674488077937e-13,
    "p95": 3.8172243144174445e-13,
    "p99": 3.841205131749348e-13,
    "max": 3.844702334276917e-13
  },
  "containment_rate": 0.0,
  "mean_width": 1.0364237972536057e-06
}