{
  "function": "tanh",
  "backend": "jax_basic",
  "samples": 64,
  "seed": 1,
  "error_stats": {
    "mean": 1.0278236595162582e-16,
    "median": 1.1102230246251565e-16,
    "p95": 2.220446049250313e-16,
    "p99": 3.3306690738754696e-16,
    "max": 3.3306690738754696e-16
  },
  "containment_rate": 0.0,
  "mean_width": 8.392092904611383e-07
}