{
  "function": "tanh",
  "backend": "jax_rigorous",
  "samples": 64,
  "seed": 1,
  "error_stats": {
    "mean": 2.188960818161334e-13,
    "median": 2.0378143616994748e-13,
    "p95": 3.785471935913165e-13,
    "p99": 3.8220315801140713e-13,
    "max": 3.8458125573015423e-13
  },
  "containment_rate": 0.0,
  "mean_width": 9.78902302378867e-07
}