{
  "function": "tanh",
  "backend": "jax_basic",
  "samples": 64,
  "seed": 1,
  "error_stats": {
    "mean": 7.208589194312998e-17,
    "median": 1.5612511283791264e-17,
    "p95": 2.220446049250313e-16,
    "p99": 3.042011087472923e-16,
    "max": 4.440892098500626e-16
  },
  "containment_rate": 0.0,
  "mean_width": 1.0364233639670203e-06
}