{
  "function": "exp",
  "backend": "jax_baseline",
  "samples": 200,
  "seed": 0,
  "error_stats": {
    "mean": 1.0783041126671832e-16,
    "median": 0.0,
    "p95": 4.440892098500626e-16,
    "p99": 8.881784197001252e-16,
    "max": 8.881784197001252e-16
  },
  "containment_rate": 0.0,
  "mean_width": 3.5829340295344402e-06
}