{
  "function": "besseli",
  "backend": "jax_basic",
  "samples": 80,
  "seed": 0,
  "error_stats": {
    "mean": 1.2844056701577252e-12,
    "median": 4.971856260027607e-13,
    "p95": 5.611866527033271e-12,
    "p99": 7.708713667398107e-12,
    "max": 8.72191208145523e-12
  },
  "containment_rate": 1.0,
  "mean_width": 4.289163642524365e-15
}