{
  "function": "besselj",
  "backend": "jax_rigorous",
  "samples": 80,
  "seed": 0,
  "error_stats": {
    "mean": 1.216317234882727e-13,
    "median": 4.082845173059013e-14,
    "p95": 3.7824743337466733e-13,
    "p99": 1.0061611780864232e-12,
    "max": 2.0447422661979244e-12
  },
  "containment_rate": 0.0,
  "mean_width": 7.515923288959242e-07
}