{
  "function": "besseli",
  "backend": "jax_rigorous",
  "samples": 80,
  "seed": 0,
  "error_stats": {
    "mean": 4.316168226091371e-13,
    "median": 2.020605904817785e-13,
    "p95": 2.0367707520563266e-12,
    "p99": 3.525464364884097e-12,
    "max": 4.0110137433657655e-12
  },
  "containment_rate": 0.0,
  "mean_width": 7.493504639786714e-06
}