{
  "function": "besseli",
  "backend": "jax_adaptive",
  "samples": 80,
  "seed": 0,
  "error_stats": {
    "mean": 1.2844256636908337e-12,
    "median": 4.972133815783764e-13,
    "p95": 5.611866527033271e-12,
    "p99": 7.708713667398107e-12,
    "max": 8.72191208145523e-12
  },
  "containment_rate": 0.0,
  "mean_width": 7.493507104593247e-06
}