{
  "function": "CubesselK",
  "backend": "jax_rigorous",
  "samples": 80,
  "seed": 0,
  "error_stats": {
    "mean": 5.772060691655177e-07,
    "median": 2.26537122394177e-11,
    "p95": 2.7281930385924943e-07,
    "p99": 1.1319866850953753e-05,
    "max": 4.0823498920872225e-05
  },
  "containment_rate": 0.0,
  "mean_width": 0.028729668542852617
}