{
  "function": "CubesselK",
  "backend": "jax_adaptive",
  "samples": 80,
  "seed": 0,
  "error_stats": {
    "mean": 1.1548079044813451e-06,
    "median": 4.5308090612650176e-11,
    "p95": 5.45671461793515e-07,
    "p99": 2.2646397843572674e-05,
    "max": 8.167864973529504e-05
  },
  "containment_rate": 0.0,
  "mean_width": 0.0287308237464602
}