{
  "function": "erfc",
  "backend": "jax_adaptive",
  "samples": 80,
  "seed": 0,
  "error_stats": {
    "mean": 0.1299859660160829,
    "median": 0.022410075408017482,
    "p95": 0.5984912477945087,
    "p99": 0.7035142497897374,
    "max": 0.7485464346456259
  },
  "containment_rate": 0.0,
  "mean_width": 1.181039297154388e-06
}