{
  "function": "gamma",
  "backend": "jax_basic",
  "samples": 80,
  "seed": 0,
  "error_stats": {
    "mean": 9.159339953157541e-16,
    "median": 6.661338147750939e-16,
    "p95": 2.6867397195928776e-15,
    "p99": 4.485301019485605e-15,
    "max": 7.993605777301127e-15
  },
  "containment_rate": 0.0875,
  "mean_width": 1.0429695772891378e-05
}