{
  "function": "gamma",
  "backend": "jax_rigorous",
  "samples": 80,
  "seed": 0,
  "error_stats": {
    "mean": 3.614878257840459e-11,
    "median": 6.588618539637991e-13,
    "p95": 2.0546804258003668e-10,
    "p99": 7.823087599945195e-10,
    "max": 9.829950187167924e-10
  },
  "containment_rate": 0.0,
  "mean_width": 1.0429840370054789e-05
}