{
  "function": "besselj",
  "backend": "jax_adaptive",
  "samples": 80,
  "seed": 0,
  "error_stats": {
    "mean": 7.248191132383326e-14,
    "median": 4.198030811863873e-14,
    "p95": 1.9568791032043003e-13,
    "p99": 3.377720325659077e-13,
    "max": 4.235500838944972e-13
  },
  "containment_rate": 0.0,
  "mean_width": 7.547890227007227e-07
}