{
  "function": "besseli",
  "backend": "jax_rigorous",
  "samples": 80,
  "seed": 0,
  "error_stats": {
    "mean": 4.3771187846139425e-13,
    "median": 1.9667600881234648e-13,
    "p95": 1.7067236512957604e-12,
    "p99": 2.601723281259176e-12,
    "max": 3.4212632726848824e-12
  },
  "containment_rate": 0.0,
  "mean_width": 8.833892235482213e-06
}