{
  "function": "besseli",
  "backend": "jax_adaptive",
  "samples": 80,
  "seed": 0,
  "error_stats": {
    "mean": 1.495211508046549e-12,
    "median": 5.32018873400375e-13,
    "p95": 7.363887277733737e-12,
    "p99": 8.800284945209567e-12,
    "max": 9.041656312547275e-12
  },
  "containment_rate": 0.0,
  "mean_width": 8.833894858994974e-06
}