{
  "function": "bessely",
  "backend": "jax_basic",
  "samples": 80,
  "seed": 0,
  "error_stats": {
    "mean": 4.034348877336108e-05,
    "median": 1.4525713964985698e-11,
    "p95": 1.221181463506578e-07,
    "p99": 0.0006900438718622382,
    "max": 0.003200811864701336
  },
  "containment_rate": 1.0,
  "mean_width": 1.5669625319514325e-12
}