{
  "function": "besseli",
  "backend": "jax_basic",
  "samples": 80,
  "seed": 0,
  "error_stats": {
    "mean": 1.4952648670564679e-12,
    "median": 5.319078510979125e-13,
    "p95": 7.363887277733737e-12,
    "p99": 8.800284945209567e-12,
    "max": 9.041656312547275e-12
  },
  "containment_rate": 1.0,
  "mean_width": 5.390298125386439e-15
}