{
  "function": "besselj",
  "backend": "jax_rigorous",
  "samples": 80,
  "seed": 0,
  "error_stats": {
    "mean": 1.1134573822412809e-13,
    "median": 7.16093850883226e-14,
    "p95": 3.4854064079326e-13,
    "p99": 4.3189812837240843e-13,
    "max": 6.212808045802376e-13
  },
  "containment_rate": 0.0,
  "mean_width": 7.547886903095679e-07
}