{
  "function": "cos",
  "backend": "jax_rigorous",
  "samples": 80,
  "seed": 0,
  "error_stats": {
    "mean": 3.1685166643202754e-13,
    "median": 3.4522384950719243e-13,
    "p95": 4.914901818864337e-13,
    "p99": 4.99933427988708e-13,
    "max": 4.99933427988708e-13
  },
  "containment_rate": 0.0,
  "mean_width": 1.338852461663792e-06
}