{
  "function": "cosh",
  "backend": "jax_adaptive",
  "samples": 80,
  "seed": 0,
  "error_stats": {
    "mean": 9.240080922623406e-13,
    "median": 7.958078640513122e-13,
    "p95": 1.7788881478963957e-12,
    "p99": 1.8542589685921485e-12,
    "max": 1.8549606295437115e-12
  },
  "containment_rate": 0.0,
  "mean_width": 2.8261720858846484e-06
}