{
  "function": "cosh",
  "backend": "jax_basic",
  "samples": 80,
  "seed": 0,
  "error_stats": {
    "mean": 2.1094237467877973e-16,
    "median": 2.220446049250313e-16,
    "p95": 8.881784197001252e-16,
    "p99": 8.881784197001252e-16,
    "max": 8.881784197001252e-16
  },
  "containment_rate": 0.0,
  "mean_width": 2.8261702394449806e-06
}