{
  "function": "CubesselK",
  "backend": "jax_basic",
  "samples": 80,
  "seed": 0,
  "error_stats": {
    "mean": 4.064786746121223e-06,
    "median": 4.406586207039709e-12,
    "p95": 2.7573539718162004e-08,
    "p99": 6.829223806960068e-05,
    "max": 0.00032495433697476983
  },
  "containment_rate": 1.0,
  "mean_width": 4.389555364157916e-12
}