{
  "function": "erf",
  "backend": "jax_basic",
  "samples": 80,
  "seed": 0,
  "error_stats": {
    "mean": 4.753142324176451e-17,
    "median": 0.0,
    "p95": 2.220446049250313e-16,
    "p99": 2.8921309791485293e-16,
    "max": 3.3306690738754696e-16
  },
  "containment_rate": 0.0,
  "mean_width": 1.3757204633643455e-06
}