{
  "function": "erfc",
  "backend": "jax_adaptive",
  "samples": 80,
  "seed": 0,
  "error_stats": {
    "mean": 0.18041881179148625,
    "median": 0.07115220805988087,
    "p95": 0.6210063382717926,
    "p99": 0.71343612650379,
    "max": 0.718930958649854
  },
  "containment_rate": 0.0,
  "mean_width": 9.54921947014212e-07
}