{
  "function": "exp",
  "backend": "jax_adaptive",
  "samples": 80,
  "seed": 0,
  "error_stats": {
    "mean": 1.0101780523186221e-12,
    "median": 6.755707104844078e-13,
    "p95": 2.8719693290213393e-12,
    "p99": 3.4534686221832083e-12,
    "max": 3.5278446830488974e-12
  },
  "containment_rate": 0.0,
  "mean_width": 4.0407532409039715e-06
}