{
  "function": "gamma",
  "backend": "jax_basic",
  "samples": 80,
  "seed": 0,
  "error_stats": {
    "mean": 9.200973316580984e-16,
    "median": 6.661338147750939e-16,
    "p95": 2.0095036745715327e-15,
    "p99": 3.7836400679225e-15,
    "max": 7.993605777301127e-15
  },
  "containment_rate": 0.05,
  "mean_width": 6.851224714495008e-06
}