{
  "function": "log",
  "backend": "jax_adaptive",
  "samples": 80,
  "seed": 0,
  "error_stats": {
    "mean": 1.9225555724516634e-12,
    "median": 1.8443579996585413e-13,
    "p95": 1.0561351793114675e-11,
    "p99": 2.7062181384707047e-11,
    "max": 4.291322852623125e-11
  },
  "containment_rate": 0.0,
  "mean_width": 2.4209930381012545e-06
}