{
  "function": "sin",
  "backend": "jax_adaptive",
  "samples": 80,
  "seed": 0,
  "error_stats": {
    "mean": 3.410299820316709e-13,
    "median": 3.683164884193957e-13,
    "p95": 4.982070311854159e-13,
    "p99": 5.000444502911705e-13,
    "max": 5.000444502911705e-13
  },
  "containment_rate": 0.0,
  "mean_width": 1.2199099718720325e-06
}