{
  "function": "tan",
  "backend": "jax_rigorous",
  "samples": 80,
  "seed": 0,
  "error_stats": {
    "mean": 1.4042599876260074e-12,
    "median": 7.454592498845614e-13,
    "p95": 4.4151349243293225e-12,
    "p99": 5.0740589507825004e-12,
    "max": 5.10791409169542e-12
  },
  "containment_rate": 0.0,
  "mean_width": 3.2926941226563645e-06
}