{
  "function": "tanh",
  "backend": "jax_basic",
  "samples": 80,
  "seed": 0,
  "error_stats": {
    "mean": 2.205267218835516e-17,
    "median": 0.0,
    "p95": 1.1102230246251565e-16,
    "p99": 1.1102230246251565e-16,
    "max": 1.1102230246251565e-16
  },
  "containment_rate": 0.0,
  "mean_width": 1.1149844278789469e-06
}