{
  "function": "tanh",
  "backend": "jax_rigorous",
  "samples": 80,
  "seed": 0,
  "error_stats": {
    "mean": 2.3739966156094415e-13,
    "median": 2.4030777368011513e-13,
    "p95": 3.820221916583932e-13,
    "p99": 3.84738907399651e-13,
    "max": 3.8491432263754177e-13
  },
  "containment_rate": 0.0,
  "mean_width": 1.1149853769174076e-06
}