{
  "function": "besselk",
  "backend": "jax_basic",
  "samples": 280,
  "seed": 0,
  "error_stats": {
    "mean": 0.0011028504342397599,
    "median": 1.4746537324583642e-11,
    "p95": 1.2885980140708999e-07,
    "p99": 0.001377095087664088,
    "max": 0.22975960358598968
  },
  "containment_rate": 1.0,
  "mean_width": 3.189036377481056e-11
}