{
  "function": "besselj",
  "backend": "jax_basic",
  "samples": 280,
  "seed": 0,
  "error_stats": {
    "mean": 2.6111559809113633e-13,
    "median": 5.610117405352444e-14,
    "p95": 2.898906809045701e-13,
    "p99": 1.5247669793438768e-12,
    "max": 4.068273495860808e-11
  },
  "containment_rate": 1.0,
  "mean_width": 4.0517911749988923e-16
}