{
  "function": "besseli",
  "backend": "jax_adaptive",
  "samples": 280,
  "seed": 0,
  "error_stats": {
    "mean": 1.4341916821634541e-12,
    "median": 5.676570324908425e-13,
    "p95": 5.837286209953167e-12,
    "p99": 8.705285381438436e-12,
    "max": 9.510614518148941e-12
  },
  "containment_rate": 0.0,
  "mean_width": 8.419672933001318e-06
}