{
  "function": "besseli",
  "backend": "jax_basic",
  "samples": 280,
  "seed": 0,
  "error_stats": {
    "mean": 1.4342049866188601e-12,
    "median": 5.676570324908425e-13,
    "p95": 5.838973748950598e-12,
    "p99": 8.705285381438436e-12,
    "max": 9.510614518148941e-12
  },
  "containment_rate": 1.0,
  "mean_width": 5.118024563643658e-15
}