{
  "function": "besselj",
  "backend": "jax_rigorous",
  "samples": 280,
  "seed": 0,
  "error_stats": {
    "mean": 2.284823096308522e-13,
    "median": 5.721464968466705e-14,
    "p95": 4.802547248772271e-13,
    "p99": 1.049365039307304e-12,
    "max": 2.2781887487610675e-11
  },
  "containment_rate": 0.0,
  "mean_width": 7.830691341708138e-07
}