{
  "function": "besselj",
  "backend": "jax_adaptive",
  "samples": 280,
  "seed": 0,
  "error_stats": {
    "mean": 2.611010547403844e-13,
    "median": 5.607331005769156e-14,
    "p95": 2.898906809045701e-13,
    "p99": 1.5247669793438768e-12,
    "max": 4.068267944745685e-11
  },
  "containment_rate": 0.0,
  "mean_width": 7.830696663981514e-07
}