{
  "function": "besselk",
  "backend": "jax_adaptive",
  "samples": 280,
  "seed": 0,
  "error_stats": {
    "mean": 0.0011028504354393244,
    "median": 1.4746537324583642e-11,
    "p95": 1.2885977866972245e-07,
    "p99": 0.001377095139468906,
    "max": 0.22975960358598968
  },
  "containment_rate": 0.017857142857142856,
  "mean_width": 2.4125325614851953
}