{
  "function": "CubesselK",
  "backend": "jax_rigorous",
  "samples": 280,
  "seed": 0,
  "error_stats": {
    "mean": 6.093401884381905e-06,
    "median": 9.793499344823431e-12,
    "p95": 2.019565386035543e-08,
    "p99": 2.5130856588190324e-05,
    "max": 0.0014190580695867538
  },
  "containment_rate": 0.0035714285714285713,
  "mean_width": 1.1203318693035107
}