{
  "function": "CubesselK",
  "backend": "jax_adaptive",
  "samples": 280,
  "seed": 0,
  "error_stats": {
    "mean": 1.2187070223011397e-05,
    "median": 1.9596768652263563e-11,
    "p95": 4.03906767587615e-08,
    "p99": 5.0270561931424906e-05,
    "max": 0.002838169690221548
  },
  "containment_rate": 0.007142857142857143,
  "mean_width": 1.1203440566418585
}