{
  "function": "erf",
  "backend": "jax_basic",
  "samples": 280,
  "seed": 0,
  "error_stats": {
    "mean": 4.795271322878745e-17,
    "median": 0.0,
    "p95": 2.220446049250313e-16,
    "p99": 3.4472424914610997e-16,
    "max": 4.440892098500626e-16
  },
  "containment_rate": 0.0,
  "mean_width": 1.280256607195153e-06
}