{
  "function": "erf",
  "backend": "jax_adaptive",
  "samples": 280,
  "seed": 0,
  "error_stats": {
    "mean": 0.16234887817787813,
    "median": 0.06099636930249147,
    "p95": 0.657017652983362,
    "p99": 0.7165689643834612,
    "max": 0.7290197321641426
  },
  "containment_rate": 0.0,
  "mean_width": 9.709374367015234e-07
}