{
  "function": "erfc",
  "backend": "jax_rigorous",
  "samples": 280,
  "seed": 0,
  "error_stats": {
    "mean": 0.1950431069748987,
    "median": 0.07639116989188488,
    "p95": 0.6774730790721425,
    "p99": 0.7297632485466056,
    "max": 0.7365205332241693
  },
  "containment_rate": 0.0,
  "mean_width": 9.148703208595514e-07
}