{
  "function": "gamma",
  "backend": "jax_basic",
  "samples": 280,
  "seed": 0,
  "error_stats": {
    "mean": 8.314777437996261e-16,
    "median": 6.661338147750939e-16,
    "p95": 2.4424906541753444e-15,
    "p99": 3.552713678800501e-15,
    "max": 5.329070518200751e-15
  },
  "containment_rate": 0.07142857142857142,
  "mean_width": 4.429369427904776e-06
}