{
  "function": "gamma",
  "backend": "jax_rigorous",
  "samples": 280,
  "seed": 0,
  "error_stats": {
    "mean": 8.314181882645195e-12,
    "median": 6.747935543671701e-13,
    "p95": 2.1980905984264664e-11,
    "p99": 2.1976932274014817e-10,
    "max": 3.1324720595193867e-10
  },
  "containment_rate": 0.0,
  "mean_width": 4.429402684863471e-06
}