{
  "function": "log",
  "backend": "jax_rigorous",
  "samples": 200,
  "seed": 0,
  "error_stats": {
    "mean": 1.769691997111078e-12,
    "median": 2.4158453015843406e-13,
    "p95": 6.208122904638344e-12,
    "p99": 3.0930698002862264e-11,
    "max": 3.596234421365807e-11
  },
  "containment_rate": 0.0,
  "mean_width": 2.3814589880865116e-06
}