{
  "function": "besseli",
  "backend": "jax_adaptive",
  "samples": 360,
  "seed": 2,
  "error_stats": {
    "mean": 1.2949607815354224e-12,
    "median": 5.058731211704526e-13,
    "p95": 4.858424773601656e-12,
    "p99": 6.714753197911711e-12,
    "max": 9.425349389857729e-12
  },
  "containment_rate": 0.0,
  "mean_width": 7.552964937273415e-06
}