{
  "function": "besseli",
  "backend": "jax_basic",
  "samples": 360,
  "seed": 2,
  "error_stats": {
    "mean": 1.2950152114243913e-12,
    "median": 5.058176100192213e-13,
    "p95": 4.8602011304410564e-12,
    "p99": 6.7133854031453726e-12,
    "max": 9.425349389857729e-12
  },
  "containment_rate": 1.0,
  "mean_width": 4.4924001710305436e-15
}