{
  "function": "besselk",
  "backend": "jax_rigorous",
  "samples": 360,
  "seed": 2,
  "error_stats": {
    "mean": 9.543707044269291e-07,
    "median": 1.4420020733041383e-11,
    "p95": 1.3830773752943074e-07,
    "p99": 1.2793875469583571e-05,
    "max": 0.00020548055181279778
  },
  "containment_rate": 0.0,
  "mean_width": 0.17887033056108376
}