{
  "function": "bessely",
  "backend": "jax_rigorous",
  "samples": 360,
  "seed": 2,
  "error_stats": {
    "mean": 1.229643776773009e-07,
    "median": 2.7625263188113536e-12,
    "p95": 3.5267722076071108e-09,
    "p99": 1.2920615063194435e-07,
    "max": 3.7121011359886324e-05
  },
  "containment_rate": 0.002777777777777778,
  "mean_width": 0.007920971162964016
}