{
  "function": "besselk",
  "backend": "jax_adaptive",
  "samples": 360,
  "seed": 2,
  "error_stats": {
    "mean": 1.908783767624639e-06,
    "median": 2.884026351068769e-11,
    "p95": 2.766286527844389e-07,
    "p99": 2.5590212354132323e-05,
    "max": 0.0004109676810912788
  },
  "containment_rate": 0.005555555555555556,
  "mean_width": 0.1788722393871814
}