{
  "function": "besselk",
  "backend": "jax_basic",
  "samples": 360,
  "seed": 2,
  "error_stats": {
    "mean": 1.9087841170914776e-06,
    "median": 2.883981942147784e-11,
    "p95": 2.7662861654675936e-07,
    "p99": 2.559021828687995e-05,
    "max": 0.0004109677392989397
  },
  "containment_rate": 1.0,
  "mean_width": 4.9177681313757515e-12
}