{
  "function": "besseli",
  "backend": "jax_rigorous",
  "samples": 360,
  "seed": 2,
  "error_stats": {
    "mean": 4.4070064766387206e-13,
    "median": 2.104150187420828e-13,
    "p95": 1.9470647316666144e-12,
    "p99": 3.3061553494917515e-12,
    "max": 4.362732397567015e-12
  },
  "containment_rate": 0.0,
  "mean_width": 7.552962590590472e-06
}