{
  "function": "besselj",
  "backend": "jax_basic",
  "samples": 360,
  "seed": 2,
  "error_stats": {
    "mean": 9.29119029479364e-14,
    "median": 4.277481147063611e-14,
    "p95": 2.0778379017372134e-13,
    "p99": 8.407780981850658e-13,
    "max": 2.448208302752164e-12
  },
  "containment_rate": 1.0,
  "mean_width": 3.9655766175917097e-16
}