{
  "function": "CubesselK",
  "backend": "jax_adaptive",
  "samples": 360,
  "seed": 2,
  "error_stats": {
    "mean": 4.423962517272505e-07,
    "median": 1.4128698211379742e-11,
    "p95": 4.483648154973711e-08,
    "p99": 4.399564804771395e-06,
    "max": 0.00010272720828652382
  },
  "containment_rate": 0.016666666666666666,
  "mean_width": 0.05630815806065477
}