{
  "function": "erf",
  "backend": "jax_basic",
  "samples": 360,
  "seed": 2,
  "error_stats": {
    "mean": 7.783125995549275e-17,
    "median": 5.551115123125783e-17,
    "p95": 2.220446049250313e-16,
    "p99": 4.440892098500626e-16,
    "max": 4.996003610813204e-16
  },
  "containment_rate": 0.0,
  "mean_width": 1.3252281349617416e-06
}