{
  "function": "erf",
  "backend": "jax_adaptive",
  "samples": 360,
  "seed": 2,
  "error_stats": {
    "mean": 0.16251689488948118,
    "median": 0.04762914973011173,
    "p95": 0.6111784766515485,
    "p99": 0.6998293016783796,
    "max": 0.7356030260968909
  },
  "containment_rate": 0.0,
  "mean_width": 9.918983229463667e-07
}