{
  "function": "gamma",
  "backend": "jax_basic",
  "samples": 360,
  "seed": 2,
  "error_stats": {
    "mean": 7.817820465068811e-16,
    "median": 5.551115123125783e-16,
    "p95": 2.009503674571536e-15,
    "p99": 2.886579864025407e-15,
    "max": 1.4210854715202004e-14
  },
  "containment_rate": 0.09444444444444444,
  "mean_width": 8.158101675784544e-06
}