{
  "function": "cos",
  "backend": "jax_adaptive",
  "samples": 80,
  "seed": 0,
  "error_stats": {
    "mean": 3.235943197427149e-13,
    "median": 3.875233467454109e-13,
    "p95": 4.900579941846672e-13,
    "p99": 4.987932289424179e-13,
    "max": 4.99933427988708e-13
  },
  "containment_rate": 0.0,
  "mean_width": 1.271240677314621e-06
}