{
  "function": "cosh",
  "backend": "jax_basic",
  "samples": 80,
  "seed": 0,
  "error_stats": {
    "mean": 2.8588242884097783e-16,
    "median": 2.220446049250313e-16,
    "p95": 8.881784197001252e-16,
    "p99": 9.814371537686356e-16,
    "max": 1.3322676295501878e-15
  },
  "containment_rate": 0.0,
  "mean_width": 2.7852990695964587e-06
}