{
  "function": "sin",
  "backend": "jax_rigorous",
  "samples": 80,
  "seed": 0,
  "error_stats": {
    "mean": 3.235341248380985e-13,
    "median": 3.5493830097266255e-13,
    "p95": 4.981903778400465e-13,
    "p99": 4.99693619815389e-13,
    "max": 5.000444502911705e-13
  },
  "containment_rate": 0.0,
  "mean_width": 1.2601906780918036e-06
}