{
  "function": "sinh",
  "backend": "jax_rigorous",
  "samples": 80,
  "seed": 0,
  "error_stats": {
    "mean": 6.365274626829453e-13,
    "median": 5.370148770111882e-13,
    "p95": 1.4101386724973957e-12,
    "p99": 1.7651125006068468e-12,
    "max": 1.7679191444130993e-12
  },
  "containment_rate": 0.0,
  "mean_width": 3.423279410118968e-06
}