{
  "function": "sqrt",
  "backend": "jax_rigorous",
  "samples": 80,
  "seed": 0,
  "error_stats": {
    "mean": 3.509248447386426e-13,
    "median": 4.418687638008123e-14,
    "p95": 8.106793014661633e-13,
    "p99": 6.109971972811912e-12,
    "max": 8.84237127962706e-12
  },
  "containment_rate": 0.0,
  "mean_width": 9.444699258322198e-07
}