{
  "function": "tan",
  "backend": "jax_adaptive",
  "samples": 80,
  "seed": 0,
  "error_stats": {
    "mean": 1.2689212274687005e-12,
    "median": 8.110179194886769e-13,
    "p95": 4.276323739560439e-12,
    "p99": 5.001716818497925e-12,
    "max": 5.056621787957738e-12
  },
  "containment_rate": 0.0,
  "mean_width": 3.1766812958061874e-06
}