{
  "function": "tanh",
  "backend": "jax_adaptive",
  "samples": 80,
  "seed": 0,
  "error_stats": {
    "mean": 2.350919867035329e-13,
    "median": 2.446931546273845e-13,
    "p95": 3.827715922000152e-13,
    "p99": 3.849376373210589e-13,
    "max": 3.850253449400043e-13
  },
  "containment_rate": 0.0,
  "mean_width": 9.620706775637209e-07
}