{
  "function": "besseli",
  "backend": "jax_rigorous",
  "samples": 180,
  "seed": 0,
  "error_stats": {
    "mean": 5.575582431715197e-13,
    "median": 2.1199708655217364e-13,
    "p95": 2.2862600701500874e-12,
    "p99": 4.967972699887477e-12,
    "max": 6.66844357510854e-12
  },
  "containment_rate": 0.0,
  "mean_width": 9.780654637409459e-06
}