{
  "function": "besseli",
  "backend": "jax_basic",
  "samples": 180,
  "seed": 0,
  "error_stats": {
    "mean": 1.6881566603057302e-12,
    "median": 6.284972542403011e-13,
    "p95": 7.38653582743609e-12,
    "p99": 1.001321692228885e-11,
    "max": 1.0899725566559937e-11
  },
  "containment_rate": 1.0,
  "mean_width": 5.99360102783807e-15
}