{
  "function": "besselk",
  "backend": "jax_basic",
  "samples": 180,
  "seed": 0,
  "error_stats": {
    "mean": 2.1945058237890704e-06,
    "median": 2.7785995726503643e-11,
    "p95": 1.4366396499098854e-07,
    "p99": 3.579689692628682e-05,
    "max": 0.00023135216906666756
  },
  "containment_rate": 1.0,
  "mean_width": 5.6228830426651045e-12
}