{
  "function": "besseli",
  "backend": "jax_adaptive",
  "samples": 180,
  "seed": 0,
  "error_stats": {
    "mean": 1.6881960937929025e-12,
    "median": 6.287192988452261e-13,
    "p95": 7.38484828843866e-12,
    "p99": 1.0016023566095103e-11,
    "max": 1.0903278280238737e-11
  },
  "containment_rate": 0.0,
  "mean_width": 9.780657459874267e-06
}