{
  "function": "besselk",
  "backend": "jax_adaptive",
  "samples": 180,
  "seed": 0,
  "error_stats": {
    "mean": 2.1945064419160995e-06,
    "median": 2.7786217771108568e-11,
    "p95": 1.4366398772835608e-07,
    "p99": 3.5796895465410956e-05,
    "max": 0.00023135228548198938
  },
  "containment_rate": 0.03333333333333333,
  "mean_width": 0.18367452697432982
}