{
  "function": "CubesselK",
  "backend": "jax_adaptive",
  "samples": 180,
  "seed": 0,
  "error_stats": {
    "mean": 7.249014742514828e-06,
    "median": 1.4500289857721782e-11,
    "p95": 1.0869094921872592e-07,
    "p99": 3.2112031567522274e-06,
    "max": 0.0012900808360427618
  },
  "containment_rate": 0.011111111111111112,
  "mean_width": 0.6957467407722421
}