{
  "function": "erf",
  "backend": "jax_adaptive",
  "samples": 180,
  "seed": 0,
  "error_stats": {
    "mean": 0.1518785143751379,
    "median": 0.023365692562575757,
    "p95": 0.6218165668134767,
    "p99": 0.7310009844063999,
    "max": 0.7478622974369102
  },
  "containment_rate": 0.0,
  "mean_width": 1.110386488445944e-06
}