{
  "function": "erfc",
  "backend": "jax_basic",
  "samples": 180,
  "seed": 0,
  "error_stats": {
    "mean": 4.6876083261951054e-17,
    "median": 0.0,
    "p95": 2.220446049250313e-16,
    "p99": 2.337019466835959e-16,
    "max": 4.440892098500626e-16
  },
  "containment_rate": 0.0,
  "mean_width": 1.3637940688007414e-06
}