{
  "function": "gamma",
  "backend": "jax_basic",
  "samples": 180,
  "seed": 0,
  "error_stats": {
    "mean": 7.888751380530973e-16,
    "median": 5.551115123125783e-16,
    "p95": 2.220446049250313e-15,
    "p99": 3.2951419370874717e-15,
    "max": 5.329070518200751e-15
  },
  "containment_rate": 0.07222222222222222,
  "mean_width": 5.192566094822412e-06
}