{
  "function": "besselj",
  "backend": "jax_basic",
  "samples": 2000,
  "seed": 0,
  "error_stats": {
    "mean": 2.212842260391526e-16,
    "median": 1.1102230246251565e-16,
    "p95": 7.771561172376096e-16,
    "p99": 1.1102230246251565e-15,
    "max": 1.6653345369377348e-15
  },
  "containment_rate": 0.0175,
  "mean_width": 4.447796761899387e-07
}