{
  "function": "bessely",
  "backend": "jax_basic",
  "samples": 2000,
  "seed": 0,
  "error_stats": {
    "mean": 7.81430781107012e-12,
    "median": 5.551115123125783e-16,
    "p95": 7.105427357601002e-14,
    "p99": 1.462467480450862e-11,
    "max": 9.313225746154785e-09
  },
  "containment_rate": 0.15,
  "mean_width": 0.5312242433178694
}