{
  "function": "besseli",
  "backend": "jax_basic",
  "samples": 2000,
  "seed": 0,
  "error_stats": {
    "mean": 2.4268111336567094e-15,
    "median": 4.440892098500626e-16,
    "p95": 1.1568523916594111e-14,
    "p99": 2.4868995751603507e-14,
    "max": 5.3290705182007514e-14
  },
  "containment_rate": 0.0035,
  "mean_width": 5.579307357862943e-06
}