{
  "function": "erfc",
  "backend": "jax_baseline",
  "samples": 2000,
  "seed": 0,
  "error_stats": {
    "mean": 1.1129985821867194e-16,
    "median": 5.551115123125783e-17,
    "p95": 4.440892098500626e-16,
    "p99": 4.440892098500626e-16,
    "max": 4.440892098500626e-16
  },
  "containment_rate": 0.0,
  "mean_width": 1.3624951442691158e-06
}