{
  "function": "log",
  "backend": "jax_rigorous",
  "samples": 2000,
  "seed": 0,
  "error_stats": {
    "mean": 1.6067218044316794e-12,
    "median": 2.2085111517355926e-13,
    "p95": 8.350919955546487e-12,
    "p99": 2.6201749658838477e-11,
    "max": 4.92872409552092e-11
  },
  "containment_rate": 0.0,
  "mean_width": 2.3408403314522093e-06
}