{
  "function": "sinh",
  "backend": "jax_rigorous",
  "samples": 2000,
  "seed": 0,
  "error_stats": {
    "mean": 6.88654791503561e-13,
    "median": 5.824229987183571e-13,
    "p95": 1.670330540548548e-12,
    "p99": 1.790128045797701e-12,
    "max": 1.8114398869784054e-12
  },
  "containment_rate": 0.0,
  "mean_width": 3.6289833972739056e-06
}