{
  "function": "besseli",
  "backend": "jax_adaptive",
  "samples": 180,
  "seed": 0,
  "error_stats": {
    "mean": 1.7369112323167621e-12,
    "median": 6.054046153280979e-13,
    "p95": 6.620304304760793e-12,
    "p99": 9.492175934155979e-12,
    "max": 3.618161326102154e-11
  },
  "containment_rate": 0.0,
  "mean_width": 8.961551701666422e-06
}