{
  "function": "besseli",
  "backend": "jax_rigorous",
  "samples": 180,
  "seed": 0,
  "error_stats": {
    "mean": 6.070914616612111e-13,
    "median": 2.1971313657331848e-13,
    "p95": 2.435474044659707e-12,
    "p99": 5.455511598029269e-12,
    "max": 2.1069035405218983e-11
  },
  "containment_rate": 0.0,
  "mean_width": 8.961548834431493e-06
}