{
  "function": "besselj",
  "backend": "jax_adaptive",
  "samples": 180,
  "seed": 0,
  "error_stats": {
    "mean": 8.026230288274077e-14,
    "median": 5.039024753017429e-14,
    "p95": 2.0578538872939584e-13,
    "p99": 3.252069924117312e-13,
    "max": 8.484879465697759e-13
  },
  "containment_rate": 0.0,
  "mean_width": 6.30389521966366e-07
}