{
  "function": "besselj",
  "backend": "jax_basic",
  "samples": 180,
  "seed": 0,
  "error_stats": {
    "mean": 8.025223681613226e-14,
    "median": 5.0383308636270385e-14,
    "p95": 2.0589085991673523e-13,
    "p99": 3.2529471141479943e-13,
    "max": 8.484324354185446e-13
  },
  "containment_rate": 1.0,
  "mean_width": 4.193973548126672e-16
}