{
  "function": "CubesselK",
  "backend": "jax_basic",
  "samples": 180,
  "seed": 0,
  "error_stats": {
    "mean": 1.988507881817057e-05,
    "median": 1.917643821514048e-11,
    "p95": 2.3623073275302823e-07,
    "p99": 0.00023979039844562958,
    "max": 0.00244262589623645
  },
  "containment_rate": 1.0,
  "mean_width": 7.997160967779557e-12
}