{
  "function": "CubesselK",
  "backend": "jax_adaptive",
  "samples": 180,
  "seed": 0,
  "error_stats": {
    "mean": 1.9885078821402445e-05,
    "median": 1.917643821514048e-11,
    "p95": 2.3623078959644709e-07,
    "p99": 0.00023979039844562958,
    "max": 0.00244262589623645
  },
  "containment_rate": 0.016666666666666666,
  "mean_width": 0.6759008054812681
}