{
  "function": "erf",
  "backend": "jax_basic",
  "samples": 180,
  "seed": 0,
  "error_stats": {
    "mean": 6.585203061860846e-17,
    "median": 0.0,
    "p95": 2.220446049250313e-16,
    "p99": 3.4472424914611155e-16,
    "max": 4.440892098500626e-16
  },
  "containment_rate": 0.0,
  "mean_width": 1.2861310424573495e-06
}