{
  "function": "erf",
  "backend": "jax_adaptive",
  "samples": 180,
  "seed": 0,
  "error_stats": {
    "mean": 0.15416785462036545,
    "median": 0.05931730285035636,
    "p95": 0.6831958930129991,
    "p99": 0.7298225683845556,
    "max": 0.7486851237312404
  },
  "containment_rate": 0.0,
  "mean_width": 1.0092469202141771e-06
}