{
  "function": "gamma",
  "backend": "jax_adaptive",
  "samples": 180,
  "seed": 0,
  "error_stats": {
    "mean": 1.2814517965272406e-11,
    "median": 6.417089082333405e-13,
    "p95": 2.630280437898583e-11,
    "p99": 3.7346896242240775e-10,
    "max": 6.706493138608494e-10
  },
  "containment_rate": 0.0,
  "mean_width": 5.192591723371079e-06
}