{
  "function": "gamma",
  "backend": "jax_basic",
  "samples": 180,
  "seed": 0,
  "error_stats": {
    "mean": 7.241121282832965e-16,
    "median": 4.440892098500626e-16,
    "p95": 1.7874590696464982e-15,
    "p99": 2.6645352591003757e-15,
    "max": 2.6645352591003757e-15
  },
  "containment_rate": 0.08888888888888889,
  "mean_width": 5.192566094915548e-06
}