{
  "function": "erf",
  "backend": "jax_basic",
  "samples": 80,
  "seed": 0,
  "error_stats": {
    "mean": 5.2735593669694933e-17,
    "median": 0.0,
    "p95": 2.220446049250313e-16,
    "p99": 3.3306690738754696e-16,
    "max": 3.3306690738754696e-16
  },
  "containment_rate": 0.0,
  "mean_width": 1.398263950079157e-06
}