{
  "function": "erfc",
  "backend": "jax_basic",
  "samples": 80,
  "seed": 0,
  "error_stats": {
    "mean": 1.033895191682177e-16,
    "median": 5.551115123125783e-17,
    "p95": 2.220446049250313e-16,
    "p99": 4.440892098500626e-16,
    "max": 4.440892098500626e-16
  },
  "containment_rate": 0.0,
  "mean_width": 1.3888007075444491e-06
}