{
  "function": "gamma",
  "backend": "jax_adaptive",
  "samples": 80,
  "seed": 0,
  "error_stats": {
    "mean": 2.18305068466762e-11,
    "median": 7.315259509255156e-13,
    "p95": 9.669633982412042e-11,
    "p99": 4.104217588007911e-10,
    "max": 7.944702673512438e-10
  },
  "containment_rate": 0.0,
  "mean_width": 7.817619330505176e-06
}