{
  "function": "gamma",
  "backend": "jax_basic",
  "samples": 80,
  "seed": 0,
  "error_stats": {
    "mean": 7.382983113757291e-16,
    "median": 4.440892098500626e-16,
    "p95": 1.7763568394002505e-15,
    "p99": 2.757793993168886e-15,
    "max": 3.1086244689504383e-15
  },
  "containment_rate": 0.0875,
  "mean_width": 7.817575670232558e-06
}