{
  "function": "erf",
  "backend": "jax_rigorous",
  "samples": 40,
  "seed": 0,
  "error_stats": {
    "mean": 0.20157809187165018,
    "median": 0.037420205229320436,
    "p95": 0.6811207867244058,
    "p99": 0.7374683892284469,
    "max": 0.7375560309508816
  },
  "containment_rate": 0.0,
  "mean_width": 9.636272669255597e-07
}