{
  "function": "erf",
  "backend": "jax_basic",
  "samples": 40,
  "seed": 0,
  "error_stats": {
    "mean": 6.661338147750939e-17,
    "median": 0.0,
    "p95": 2.2482016248659404e-16,
    "p99": 3.7914116290949086e-16,
    "max": 4.440892098500626e-16
  },
  "containment_rate": 0.0,
  "mean_width": 1.473408165150042e-06
}