{
  "function": "gamma",
  "backend": "jax_basic",
  "samples": 40,
  "seed": 0,
  "error_stats": {
    "mean": 7.438494264988549e-16,
    "median": 5.551115123125783e-16,
    "p95": 1.8207657603852542e-15,
    "p99": 2.9354296771089136e-15,
    "max": 3.1086244689504383e-15
  },
  "containment_rate": 0.125,
  "mean_width": 3.838481947784911e-06
}