{
  "function": "gamma",
  "backend": "jax_rigorous",
  "samples": 40,
  "seed": 0,
  "error_stats": {
    "mean": 5.269384928396903e-12,
    "median": 8.096856518591267e-13,
    "p95": 2.5620616739274663e-11,
    "p99": 5.807089031861778e-11,
    "max": 6.291722698392732e-11
  },
  "containment_rate": 0.0,
  "mean_width": 3.838503023501083e-06
}