{
  "function": "besselj",
  "backend": "jax_basic",
  "samples": 360,
  "seed": 0,
  "error_stats": {
    "mean": 9.218522971448255e-09,
    "median": 4.057630590900696e-09,
    "p95": 3.154261441311313e-08,
    "p99": 5.5521660937557545e-08,
    "max": 2.759047988687424e-07
  },
  "containment_rate": 0.9972222222222222,
  "mean_width": 4.4035403261525145e-16
}