{
  "function": "besselj",
  "backend": "jax_rigorous",
  "samples": 360,
  "seed": 0,
  "error_stats": {
    "mean": 8.844496578725051e-09,
    "median": 4.057720087886907e-09,
    "p95": 3.1542889762214285e-08,
    "p99": 5.5521670447034085e-08,
    "max": 1.4124601532827796e-07
  },
  "containment_rate": 0.0,
  "mean_width": 1.6669891108090551e-06
}