{
  "function": "besselk",
  "backend": "jax_basic",
  "samples": 360,
  "seed": 0,
  "error_stats": {
    "mean": 0.0045316939051439015,
    "median": 1.1497678284455581e-07,
    "p95": 0.00017855347216198103,
    "p99": 0.009937253589857933,
    "max": 0.9979069392229576
  },
  "containment_rate": 1.0,
  "mean_width": 5.419756917562912e-12
}