{
  "function": "besselk",
  "backend": "jax_adaptive",
  "samples": 360,
  "seed": 0,
  "error_stats": {
    "mean": 0.004531693905478498,
    "median": 1.1497678281680024e-07,
    "p95": 0.00017855347222166663,
    "p99": 0.009937253589925008,
    "max": 0.9979069392229576
  },
  "containment_rate": 0.2638888888888889,
  "mean_width": 0.3665586960884554
}