{
  "function": "bessely",
  "backend": "jax_adaptive",
  "samples": 360,
  "seed": 0,
  "error_stats": {
    "mean": 0.00015167782560808403,
    "median": 4.623894667155071e-08,
    "p95": 1.7179354713015026e-05,
    "p99": 0.0005392378161678947,
    "max": 0.02326488378457725
  },
  "containment_rate": 0.28055555555555556,
  "mean_width": 0.06298051066683262
}