{
  "function": "besselk",
  "backend": "jax_rigorous",
  "samples": 360,
  "seed": 0,
  "error_stats": {
    "mean": 0.004379895050940844,
    "median": 1.1497651433711731e-07,
    "p95": 0.00017853577341497972,
    "p99": 0.010049113642989002,
    "max": 0.943070159672061
  },
  "containment_rate": 0.2638888888888889,
  "mean_width": 0.36625015543445216
}