{
  "function": "bessely",
  "backend": "jax_rigorous",
  "samples": 360,
  "seed": 0,
  "error_stats": {
    "mean": 0.00015200425607227983,
    "median": 4.6227247918473324e-08,
    "p95": 1.7183415298660534e-05,
    "p99": 0.0005416922293969265,
    "max": 0.02331454672093969
  },
  "containment_rate": 0.28055555555555556,
  "mean_width": 0.062979849659383
}