{
  "function": "bessely",
  "backend": "jax_basic",
  "samples": 360,
  "seed": 0,
  "error_stats": {
    "mean": 0.00015167782557681364,
    "median": 4.62389464495061e-08,
    "p95": 1.7179354713192662e-05,
    "p99": 0.0005392378161737212,
    "max": 0.023264883770025335
  },
  "containment_rate": 1.0,
  "mean_width": 1.6607343731307578e-12
}