{
  "function": "CubesselK",
  "backend": "jax_adaptive",
  "samples": 360,
  "seed": 0,
  "error_stats": {
    "mean": 0.009462565578754729,
    "median": 8.804822659858047e-08,
    "p95": 0.00012549211484440582,
    "p99": 0.023359263482998938,
    "max": 3.1487104245461524
  },
  "containment_rate": 0.2777777777777778,
  "mean_width": 0.8624105044169784
}