{
  "function": "CubesselK",
  "backend": "jax_rigorous",
  "samples": 360,
  "seed": 0,
  "error_stats": {
    "mean": 0.009458924359773815,
    "median": 8.80487444621103e-08,
    "p95": 0.00012546605605621186,
    "p99": 0.023347955154168303,
    "max": 3.147333906032145
  },
  "containment_rate": 0.2777777777777778,
  "mean_width": 0.8624016551302239
}