bin_left,bin_right,count
9.40577e-12,0.125948,359
0.125948,0.251897,0
0.251897,0.377845,0
0.377845,0.503794,0
0.503794,0.629742,0
0.629742,0.755691,0
0.755691,0.881639,0
0.881639,1.00759,0
1.00759,1.13354,0
1.13354,1.25948,0
1.25948,1.38543,0
1.38543,1.51138,0
1.51138,1.63733,0
1.63733,1.76328,0
1.76328,1.88923,0
1.88923,2.01517,0
2.01517,2.14112,0
2.14112,2.26707,0
2.26707,2.39302,0
2.39302,2.51897,0
2.51897,2.64492,0
2.64492,2.77087,0
2.77087,2.89681,0
2.89681,3.02276,0
3.02276,3.14871,1