bin_left,bin_right,count
9.39334e-12,0.125893,359
0.125893,0.251787,0
0.251787,0.37768,0
0.37768,0.503573,0
0.503573,0.629467,0
0.629467,0.75536,0
0.75536,0.881253,0
0.881253,1.00715,0
1.00715,1.13304,0
1.13304,1.25893,0
1.25893,1.38483,0
1.38483,1.51072,0
1.51072,1.63661,0
1.63661,1.76251,0
1.76251,1.8884,0
1.8884,2.01429,0
2.01429,2.14019,0
2.14019,2.26608,0
2.26608,2.39197,0
2.39197,2.51787,0
2.51787,2.64376,0
2.64376,2.76965,0
2.76965,2.89555,0
2.89555,3.02144,0
3.02144,3.14733,1