{
  "function": "CubesselK",
  "backend": "jax_basic",
  "samples": 360,
  "seed": 0,
  "error_stats": {
    "mean": 0.009462565579885803,
    "median": 8.804822659858047e-08,
    "p95": 0.00012549211479040458,
    "p99": 0.02335926349158457,
    "max": 3.1487104250118136
  },
  "containment_rate": 1.0,
  "mean_width": 1.0102579233242648e-11
}