{
  "function": "erf",
  "backend": "jax_basic",
  "samples": 360,
  "seed": 0,
  "error_stats": {
    "mean": 6.20798381066485e-09,
    "median": 3.9360116554920666e-09,
    "p95": 2.0227504987646602e-08,
    "p99": 3.748227111022296e-08,
    "max": 3.998070707833534e-08
  },
  "containment_rate": 0.29444444444444445,
  "mean_width": 1.2584058249537276e-06
}