{
  "function": "erf",
  "backend": "jax_rigorous",
  "samples": 360,
  "seed": 0,
  "error_stats": {
    "mean": 0.14920678453076544,
    "median": 0.05471699034376143,
    "p95": 0.6164390716196846,
    "p99": 0.739598973631092,
    "max": 0.7484293164889742
  },
  "containment_rate": 0.005555555555555556,
  "mean_width": 1.0061554530560997e-06
}