{
  "function": "erfc",
  "backend": "jax_adaptive",
  "samples": 360,
  "seed": 0,
  "error_stats": {
    "mean": 0.1845705114749718,
    "median": 0.06863273553538049,
    "p95": 0.6670537825914945,
    "p99": 0.7315497908675097,
    "max": 0.7482008557191928
  },
  "containment_rate": 0.008333333333333333,
  "mean_width": 9.635499706540013e-07
}