{
  "function": "erfc",
  "backend": "jax_basic",
  "samples": 360,
  "seed": 0,
  "error_stats": {
    "mean": 7.259730728761651e-09,
    "median": 3.926227565287377e-09,
    "p95": 2.8557233094916868e-08,
    "p99": 3.67702809800364e-08,
    "max": 4.3604056254586965e-08
  },
  "containment_rate": 0.24444444444444444,
  "mean_width": 1.3887997396081857e-06
}