{
  "function": "gamma",
  "backend": "jax_rigorous",
  "samples": 360,
  "seed": 0,
  "error_stats": {
    "mean": 2.326169877676766e-08,
    "median": 1.026867396669573e-08,
    "p95": 9.299724095246377e-08,
    "p99": 1.2668037590035653e-07,
    "max": 2.362173088243935e-07
  },
  "containment_rate": 0.30277777777777776,
  "mean_width": 8.642090025584582e-06
}