{
  "function": "gamma",
  "backend": "jax_basic",
  "samples": 360,
  "seed": 0,
  "error_stats": {
    "mean": 2.326733553542009e-08,
    "median": 1.026893325928313e-08,
    "p95": 9.297448988476732e-08,
    "p99": 1.2673714520072823e-07,
    "max": 2.365587858932372e-07
  },
  "containment_rate": 0.30277777777777776,
  "mean_width": 8.641992299702874e-06
}