{
  "function": "besselk",
  "backend": "jax_adaptive",
  "samples": 360,
  "seed": 1,
  "error_stats": {
    "mean": 3.5339468697533594e-06,
    "median": 2.4158897105053256e-11,
    "p95": 5.845191459741277e-08,
    "p99": 7.363862480360749e-06,
    "max": 0.0011880816891789436
  },
  "containment_rate": 0.008333333333333333,
  "mean_width": 0.38348146929166027
}