{
  "function": "besselk",
  "backend": "jax_rigorous",
  "samples": 360,
  "seed": 1,
  "error_stats": {
    "mean": 1.7669720329623816e-06,
    "median": 1.2079004463316778e-11,
    "p95": 2.9227198083958708e-08,
    "p99": 3.681795901684409e-06,
    "max": 0.0005940408445894718
  },
  "containment_rate": 0.002777777777777778,
  "mean_width": 0.3834779353419422
}