{
  "function": "besselj",
  "backend": "jax_adaptive",
  "samples": 360,
  "seed": 1,
  "error_stats": {
    "mean": 9.594757901153187e-14,
    "median": 5.867875629839148e-14,
    "p95": 2.3229751455744487e-13,
    "p99": 5.047040563255248e-13,
    "max": 3.743227949826178e-12
  },
  "containment_rate": 0.0,
  "mean_width": 7.427923545559137e-07
}