{
  "function": "bessely",
  "backend": "jax_rigorous",
  "samples": 360,
  "seed": 1,
  "error_stats": {
    "mean": 7.283582880377597e-08,
    "median": 2.239292085093325e-12,
    "p95": 1.2645460856219884e-08,
    "p99": 8.048645395319946e-07,
    "max": 1.601321855559945e-05
  },
  "containment_rate": 0.0,
  "mean_width": 0.01489844162039065
}