{
  "function": "bessely",
  "backend": "jax_adaptive",
  "samples": 360,
  "seed": 1,
  "error_stats": {
    "mean": 1.456882860688937e-07,
    "median": 4.478611925762266e-12,
    "p95": 2.5290768235208844e-08,
    "p99": 1.6108035742945578e-06,
    "max": 3.202711377525702e-05
  },
  "containment_rate": 0.0,
  "mean_width": 0.01489858732528125
}