{
  "function": "besseli",
  "backend": "jax_rigorous",
  "samples": 360,
  "seed": 1,
  "error_stats": {
    "mean": 4.879582085178544e-13,
    "median": 2.0983215165415459e-13,
    "p95": 2.1759483104233373e-12,
    "p99": 4.291003108392037e-12,
    "max": 4.916955731459893e-12
  },
  "containment_rate": 0.0,
  "mean_width": 7.891540715537062e-06
}