{
  "function": "besselj",
  "backend": "jax_rigorous",
  "samples": 360,
  "seed": 1,
  "error_stats": {
    "mean": 1.2664327766434848e-13,
    "median": 7.121386813579988e-14,
    "p95": 4.1820436003092733e-13,
    "p99": 6.219547099561859e-13,
    "max": 8.287814878826794e-13
  },
  "containment_rate": 0.0,
  "mean_width": 7.42791987578569e-07
}