{
  "function": "besselj",
  "backend": "jax_basic",
  "samples": 360,
  "seed": 1,
  "error_stats": {
    "mean": 9.593911869940036e-14,
    "median": 5.867181740448757e-14,
    "p95": 2.324085368599074e-13,
    "p99": 5.048150786279874e-13,
    "max": 3.74333897212864e-12
  },
  "containment_rate": 1.0,
  "mean_width": 4.165405460384201e-16
}