{
  "function": "erf",
  "backend": "jax_basic",
  "samples": 360,
  "seed": 1,
  "error_stats": {
    "mean": 7.540761634908245e-17,
    "median": 2.7755575615628914e-17,
    "p95": 2.220446049250313e-16,
    "p99": 3.3306690738754696e-16,
    "max": 4.996003610813204e-16
  },
  "containment_rate": 0.0,
  "mean_width": 1.375154269211439e-06
}