{
  "function": "erf",
  "backend": "jax_rigorous",
  "samples": 360,
  "seed": 1,
  "error_stats": {
    "mean": 0.17985315207839456,
    "median": 0.05338626541018432,
    "p95": 0.6677722501985363,
    "p99": 0.7399337201975489,
    "max": 0.7478680072261182
  },
  "containment_rate": 0.0,
  "mean_width": 9.645341092781466e-07
}