{
  "function": "gamma",
  "backend": "jax_basic",
  "samples": 360,
  "seed": 1,
  "error_stats": {
    "mean": 8.9064558197707e-16,
    "median": 6.661338147750939e-16,
    "p95": 2.231548279496567e-15,
    "p99": 4.440892098500626e-15,
    "max": 7.105427357601002e-15
  },
  "containment_rate": 0.10555555555555556,
  "mean_width": 7.241909245755654e-06
}