{
  "function": "gamma",
  "backend": "jax_adaptive",
  "samples": 360,
  "seed": 1,
  "error_stats": {
    "mean": 1.8563201901559505e-11,
    "median": 7.263634138610087e-13,
    "p95": 8.122305050761724e-11,
    "p99": 4.672809161832026e-10,
    "max": 7.814637825731552e-10
  },
  "containment_rate": 0.0,
  "mean_width": 7.241946371402038e-06
}