{
  "function": "cos",
  "backend": "jax_baseline",
  "samples": 5000,
  "seed": 0,
  "error_stats": {
    "mean": 1.1951859857708969e-17,
    "median": 0.0,
    "p95": 1.1102230246251565e-16,
    "p99": 1.1102230246251565e-16,
    "max": 2.220446049250313e-16
  },
  "containment_rate": 0.0,
  "mean_width": 1.3187579785525154e-06
}