{
  "function": "gamma",
  "backend": "jax_baseline",
  "samples": 5000,
  "seed": 0,
  "error_stats": {
    "mean": 8.196998635412456e-16,
    "median": 6.661338147750939e-16,
    "p95": 2.220446049250313e-15,
    "p99": 3.552713678800501e-15,
    "max": 8.881784197001252e-15
  },
  "containment_rate": 0.0924,
  "mean_width": 6.871524865028289e-06
}