{
  "function": "sqrt",
  "backend": "jax_rigorous",
  "samples": 5000,
  "seed": 0,
  "error_stats": {
    "mean": 6.548526582106363e-13,
    "median": 4.39648317751562e-14,
    "p95": 1.3681195065728964e-12,
    "p99": 1.283064654522558e-11,
    "max": 1.062780419225362e-10
  },
  "containment_rate": 0.0,
  "mean_width": 9.514304154508657e-07
}