{
  "function": "tan",
  "backend": "jax_adaptive",
  "samples": 5000,
  "seed": 0,
  "error_stats": {
    "mean": 1.2149090238390905e-12,
    "median": 7.184808303861701e-13,
    "p95": 4.141043064009865e-12,
    "p99": 5.1161497260920905e-12,
    "max": 5.333733454904177e-12
  },
  "containment_rate": 0.0,
  "mean_width": 3.1170694595799466e-06
}