{
  "function": "tanh",
  "backend": "jax_baseline",
  "samples": 5000,
  "seed": 0,
  "error_stats": {
    "mean": 6.871933577734523e-18,
    "median": 0.0,
    "p95": 5.551115123125783e-17,
    "p99": 1.1102230246251565e-16,
    "max": 1.1102230246251565e-16
  },
  "containment_rate": 0.0,
  "mean_width": 9.59904183124437e-07
}