{
  "function": "tanh",
  "backend": "jax_rigorous",
  "samples": 5000,
  "seed": 0,
  "error_stats": {
    "mean": 2.3392036838359305e-13,
    "median": 2.3736568266485847e-13,
    "p95": 3.8336001040306655e-13,
    "p99": 3.8480330033507926e-13,
    "max": 3.850253449400043e-13
  },
  "containment_rate": 0.0,
  "mean_width": 9.599051182093406e-07
}