{
  "function": "cos",
  "backend": "jax_baseline",
  "samples": 5000,
  "seed": 1,
  "error_stats": {
    "mean": 1.0694852121961862e-17,
    "median": 0.0,
    "p95": 1.1102230246251565e-16,
    "p99": 1.1102230246251565e-16,
    "max": 2.220446049250313e-16
  },
  "containment_rate": 0.0,
  "mean_width": 1.3306572154949973e-06
}