{
  "function": "cosh",
  "backend": "jax_rigorous",
  "samples": 5000,
  "seed": 1,
  "error_stats": {
    "mean": 9.012422363952055e-13,
    "median": 7.601697049608447e-13,
    "p95": 1.7044587963255255e-12,
    "p99": 1.8483037322880592e-12,
    "max": 1.8816059821347153e-12
  },
  "containment_rate": 0.0,
  "mean_width": 2.736344025498738e-06
}