{
  "function": "exp",
  "backend": "jax_adaptive",
  "samples": 5000,
  "seed": 1,
  "error_stats": {
    "mean": 9.002981971040214e-13,
    "median": 4.927724894798757e-13,
    "p95": 3.0251356974986265e-12,
    "p99": 3.5340796955551927e-12,
    "max": 3.6921576906934206e-12
  },
  "containment_rate": 0.0,
  "mean_width": 3.6011936035950543e-06
}