{
  "function": "sinh",
  "backend": "jax_baseline",
  "samples": 5000,
  "seed": 1,
  "error_stats": {
    "mean": 2.1611690844032527e-16,
    "median": 5.551115123125783e-17,
    "p95": 8.881784197001252e-16,
    "p99": 1.3322676295501878e-15,
    "max": 1.7763568394002505e-15
  },
  "containment_rate": 0.0,
  "mean_width": 3.6145481924294163e-06
}