{
  "function": "cos",
  "backend": "jax_rigorous",
  "samples": 128,
  "seed": 1,
  "error_stats": {
    "mean": 3.0071093998131765e-13,
    "median": 3.3389957465601583e-13,
    "p95": 4.956701715741474e-13,
    "p99": 4.997624536429157e-13,
    "max": 5.000444502911705e-13
  },
  "containment_rate": 0.0,
  "mean_width": 1.3368103501724645e-06
}