{
  "function": "cosh",
  "backend": "jax_adaptive",
  "samples": 128,
  "seed": 1,
  "error_stats": {
    "mean": 9.190374156142767e-13,
    "median": 8.172351684265777e-13,
    "p95": 1.6239010136587237e-12,
    "p99": 1.8061152573523037e-12,
    "max": 1.8705037518884637e-12
  },
  "containment_rate": 0.0,
  "mean_width": 2.8821438362407192e-06
}