{
  "function": "log",
  "backend": "jax_rigorous",
  "samples": 128,
  "seed": 1,
  "error_stats": {
    "mean": 2.0308852527201743e-12,
    "median": 2.4252821972936545e-13,
    "p95": 8.691036779140395e-12,
    "p99": 1.9839025977574926e-11,
    "max": 4.2893244511788e-11
  },
  "containment_rate": 0.0,
  "mean_width": 2.7010467526508773e-06
}