{
  "function": "sin",
  "backend": "jax_basic",
  "samples": 128,
  "seed": 1,
  "error_stats": {
    "mean": 6.808789643208968e-17,
    "median": 1.3877787807814457e-17,
    "p95": 2.220446049250313e-16,
    "p99": 2.220446049250313e-16,
    "max": 2.220446049250313e-16
  },
  "containment_rate": 0.0,
  "mean_width": 1.1498695112032852e-06
}