{
  "function": "sinh",
  "backend": "jax_rigorous",
  "samples": 128,
  "seed": 1,
  "error_stats": {
    "mean": 6.691360790109235e-13,
    "median": 5.333511410299252e-13,
    "p95": 1.6048717910166481e-12,
    "p99": 1.7436585508789905e-12,
    "max": 1.7976731214730535e-12
  },
  "containment_rate": 0.0,
  "mean_width": 3.5368229439351664e-06
}