{
  "function": "sqrt",
  "backend": "jax_basic",
  "samples": 128,
  "seed": 1,
  "error_stats": {
    "mean": 1.929879867024198e-17,
    "median": 0.0,
    "p95": 1.8318679906314988e-16,
    "p99": 2.220446049250313e-16,
    "max": 2.220446049250313e-16
  },
  "containment_rate": 0.0,
  "mean_width": 9.182599777714413e-07
}