{
  "function": "tan",
  "backend": "jax_adaptive",
  "samples": 128,
  "seed": 1,
  "error_stats": {
    "mean": 1.1019659780487322e-12,
    "median": 6.827871601444713e-13,
    "p95": 3.6019187632518863e-12,
    "p99": 4.849673995721561e-12,
    "max": 5.128786284558373e-12
  },
  "containment_rate": 0.0,
  "mean_width": 3.0167872555366933e-06
}