{
  "function": "tan",
  "backend": "jax_basic",
  "samples": 128,
  "seed": 1,
  "error_stats": {
    "mean": 5.212979570581866e-17,
    "median": 0.0,
    "p95": 2.220446049250313e-16,
    "p99": 4.440892098500626e-16,
    "max": 4.440892098500626e-16
  },
  "containment_rate": 0.0,
  "mean_width": 3.0167850521611294e-06
}