{
  "function": "tanh",
  "backend": "jax_rigorous",
  "samples": 128,
  "seed": 1,
  "error_stats": {
    "mean": 2.2945225363821264e-13,
    "median": 2.285810429825119e-13,
    "p95": 3.840594509085804e-13,
    "p99": 3.847433482917495e-13,
    "max": 3.8480330033507926e-13
  },
  "containment_rate": 0.0,
  "mean_width": 8.518588842695146e-07
}