{
  "function": "cos",
  "backend": "jax_basic",
  "samples": 80,
  "seed": 0,
  "error_stats": {
    "mean": 1.3163613389415278e-08,
    "median": 8.715643262657835e-09,
    "p95": 4.053251583258088e-08,
    "p99": 4.512626257224813e-08,
    "max": 4.971461131653143e-08
  },
  "containment_rate": 0.35,
  "mean_width": 1.2792657948426504e-06
}