{
  "function": "cosh",
  "backend": "jax_basic",
  "samples": 80,
  "seed": 0,
  "error_stats": {
    "mean": 2.2722550499509887e-08,
    "median": 8.369890114323653e-09,
    "p95": 9.193770773574528e-08,
    "p99": 1.1913971579513556e-07,
    "max": 1.3871725723646477e-07
  },
  "containment_rate": 0.2125,
  "mean_width": 2.791535961227387e-06
}