{
  "function": "exp",
  "backend": "jax_basic",
  "samples": 80,
  "seed": 0,
  "error_stats": {
    "mean": 3.064285499371211e-08,
    "median": 5.615698545069492e-09,
    "p95": 1.4935174701413696e-07,
    "p99": 2.1502757008740018e-07,
    "max": 2.528608851193326e-07
  },
  "containment_rate": 0.3,
  "mean_width": 3.8039293592934812e-06
}