{
  "function": "log",
  "backend": "jax_basic",
  "samples": 80,
  "seed": 0,
  "error_stats": {
    "mean": 1.2038252567101587e-08,
    "median": 1.2494181300670704e-08,
    "p95": 2.7378471224859256e-08,
    "p99": 2.9735428504068505e-08,
    "max": 3.134939219329169e-08
  },
  "containment_rate": 0.3375,
  "mean_width": 1.8573815560463808e-06
}