{
  "function": "log",
  "backend": "jax_adaptive",
  "samples": 80,
  "seed": 0,
  "error_stats": {
    "mean": 1.2038981282084908e-08,
    "median": 1.2494224099768303e-08,
    "p95": 2.7378372081943157e-08,
    "p99": 2.973511055839871e-08,
    "max": 3.134966364282121e-08
  },
  "containment_rate": 0.3375,
  "mean_width": 1.857383663915555e-06
}