{
  "function": "sin",
  "backend": "jax_adaptive",
  "samples": 80,
  "seed": 0,
  "error_stats": {
    "mean": 1.0141763471561982e-08,
    "median": 4.519375484957067e-09,
    "p95": 4.776832658870411e-08,
    "p99": 5.805642205869425e-08,
    "max": 6.75698175189865e-08
  },
  "containment_rate": 0.325,
  "mean_width": 1.145601387135542e-06
}