{
  "function": "sin",
  "backend": "jax_basic",
  "samples": 80,
  "seed": 0,
  "error_stats": {
    "mean": 1.0141788503101323e-08,
    "median": 4.5189124109334955e-09,
    "p95": 4.776860170752073e-08,
    "p99": 5.8056262841055176e-08,
    "max": 6.756989945344571e-08
  },
  "containment_rate": 0.325,
  "mean_width": 1.145600679677318e-06
}