{
  "function": "sinh",
  "backend": "jax_adaptive",
  "samples": 80,
  "seed": 0,
  "error_stats": {
    "mean": 2.7068831307116777e-08,
    "median": 1.1690998558133714e-08,
    "p95": 9.655848274281451e-08,
    "p99": 1.350068696126527e-07,
    "max": 1.3976458834719097e-07
  },
  "containment_rate": 0.2125,
  "mean_width": 3.519211121912058e-06
}