{
  "function": "sinh",
  "backend": "jax_basic",
  "samples": 80,
  "seed": 0,
  "error_stats": {
    "mean": 2.706891943874551e-08,
    "median": 1.1690741902325996e-08,
    "p95": 9.656024015924911e-08,
    "p99": 1.3500789692866274e-07,
    "max": 1.3976302337681545e-07
  },
  "containment_rate": 0.2125,
  "mean_width": 3.5192097993572753e-06
}