{
  "function": "sqrt",
  "backend": "jax_basic",
  "samples": 80,
  "seed": 0,
  "error_stats": {
    "mean": 6.784064438686288e-09,
    "median": 5.541435033062925e-09,
    "p95": 1.645858680454637e-08,
    "p99": 2.0271413823103028e-08,
    "max": 2.2589507597814418e-08
  },
  "containment_rate": 0.3625,
  "mean_width": 9.590242469308813e-07
}