{
  "function": "sqrt",
  "backend": "jax_rigorous",
  "samples": 80,
  "seed": 0,
  "error_stats": {
    "mean": 6.7842452516897465e-09,
    "median": 5.541337111392153e-09,
    "p95": 1.645859932786209e-08,
    "p99": 2.0271389666870457e-08,
    "max": 2.2589536241568453e-08
  },
  "containment_rate": 0.3625,
  "mean_width": 9.590261676128976e-07
}