{
  "function": "tan",
  "backend": "jax_basic",
  "samples": 80,
  "seed": 0,
  "error_stats": {
    "mean": 9.105259968526613e-09,
    "median": 6.388945594792972e-09,
    "p95": 3.1449331949762184e-08,
    "p99": 3.8670465893897435e-08,
    "max": 3.967113948455392e-08
  },
  "containment_rate": 0.3875,
  "mean_width": 3.1722635443897978e-06
}