{
  "function": "tan",
  "backend": "jax_rigorous",
  "samples": 80,
  "seed": 0,
  "error_stats": {
    "mean": 9.105533980582283e-09,
    "median": 6.390001805467449e-09,
    "p95": 3.1451298354578934e-08,
    "p99": 3.8674061462184986e-08,
    "max": 3.967412109950885e-08
  },
  "containment_rate": 0.3875,
  "mean_width": 3.1722685860774835e-06
}