{
  "function": "tanh",
  "backend": "jax_basic",
  "samples": 80,
  "seed": 0,
  "error_stats": {
    "mean": 4.0599562287600696e-09,
    "median": 3.352724542438068e-09,
    "p95": 1.1059782162314844e-08,
    "p99": 1.3377417078519435e-08,
    "max": 1.8026485193445296e-08
  },
  "containment_rate": 0.2125,
  "mean_width": 9.636646033222077e-07
}