{
  "function": "tanh",
  "backend": "jax_rigorous",
  "samples": 80,
  "seed": 0,
  "error_stats": {
    "mean": 4.059979496952998e-09,
    "median": 3.3525030529446553e-09,
    "p95": 1.1059447924122165e-08,
    "p99": 1.337770176967897e-08,
    "max": 1.8026803827453364e-08
  },
  "containment_rate": 0.2125,
  "mean_width": 9.636655632711682e-07
}