{
  "function": "besselk",
  "backend": "jax_rigorous",
  "samples": 5000,
  "seed": 0,
  "error_stats": {
    "mean": 0.0001101451004043672,
    "median": 9.215628260506037e-12,
    "p95": 5.9684341824351e-08,
    "p99": 9.881234800559469e-06,
    "max": 0.5181172253051045
  },
  "containment_rate": 0.002,
  "mean_width": 0.7785392933058698
}