{
  "function": "besselj",
  "backend": "jax_basic",
  "samples": 5000,
  "seed": 0,
  "error_stats": {
    "mean": 1.1638975494527592e-13,
    "median": 5.467848396278896e-14,
    "p95": 2.2216117834261697e-13,
    "p99": 5.985523448409656e-13,
    "max": 5.633432609286615e-11
  },
  "containment_rate": 1.0,
  "mean_width": 4.1687388105548706e-16
}