{
  "function": "cos",
  "backend": "jax_basic",
  "samples": 40,
  "seed": 0,
  "error_stats": {
    "mean": 2.329931935805135e-08,
    "median": 2.21428956281855e-08,
    "p95": 4.819713109172062e-08,
    "p99": 5.740362142070409e-08,
    "max": 6.100330751657168e-08
  },
  "containment_rate": 0.05,
  "mean_width": 1.9097701624559704e-06
}