{
  "function": "cosh",
  "backend": "jax_basic",
  "samples": 40,
  "seed": 0,
  "error_stats": {
    "mean": 5.805945041958971e-08,
    "median": 3.405091075769917e-08,
    "p95": 1.8377547177372834e-07,
    "p99": 1.927383442357211e-07,
    "max": 1.9796850203590566e-07
  },
  "containment_rate": 0.0,
  "mean_width": 4.476308731682366e-06
}