{
  "function": "exp",
  "backend": "jax_rigorous",
  "samples": 40,
  "seed": 0,
  "error_stats": {
    "mean": 2.1698465563768642e-07,
    "median": 3.6852247031760044e-08,
    "p95": 8.991531289304076e-07,
    "p99": 1.0239361659536427e-06,
    "max": 1.052082614805272e-06
  },
  "containment_rate": 0.1,
  "mean_width": 5.317479462974006e-06
}