{
  "function": "exp",
  "backend": "jax_basic",
  "samples": 40,
  "seed": 0,
  "error_stats": {
    "mean": 1.4135724686475947e-07,
    "median": 6.103549221592175e-08,
    "p95": 5.295104581470865e-07,
    "p99": 6.30730255011258e-07,
    "max": 6.662041425187226e-07
  },
  "containment_rate": 0.0,
  "mean_width": 7.760897460684646e-06
}