{
  "function": "log",
  "backend": "jax_basic",
  "samples": 40,
  "seed": 0,
  "error_stats": {
    "mean": 2.6328115421440577e-08,
    "median": 1.564212193105874e-08,
    "p95": 8.744767978630107e-08,
    "p99": 9.486046624429534e-08,
    "max": 9.788891253137422e-08
  },
  "containment_rate": 0.025,
  "mean_width": 3.014318735949928e-06
}