{
  "function": "log",
  "backend": "jax_rigorous",
  "samples": 40,
  "seed": 0,
  "error_stats": {
    "mean": 3.912621028387582e-08,
    "median": 3.6476888176650846e-08,
    "p95": 9.792960863896915e-08,
    "p99": 1.0058663399203916e-07,
    "max": 1.0179103027141423e-07
  },
  "containment_rate": 0.125,
  "mean_width": 2.4052801563811954e-06
}