{
  "function": "sin",
  "backend": "jax_basic",
  "samples": 40,
  "seed": 0,
  "error_stats": {
    "mean": 2.8275892241524937e-08,
    "median": 2.3633588419613716e-08,
    "p95": 7.301225437017498e-08,
    "p99": 7.662085590220968e-08,
    "max": 7.684640479510563e-08
  },
  "containment_rate": 0.0,
  "mean_width": 1.946277961906162e-06
}