{
  "function": "sin",
  "backend": "jax_adaptive",
  "samples": 40,
  "seed": 0,
  "error_stats": {
    "mean": 3.544992635551303e-08,
    "median": 2.0662895228173994e-08,
    "p95": 1.1544628610027354e-07,
    "p99": 1.4990396848324482e-07,
    "max": 1.5218604976219297e-07
  },
  "containment_rate": 0.2,
  "mean_width": 1.3619661558550433e-06
}