{
  "function": "sinh",
  "backend": "jax_rigorous",
  "samples": 40,
  "seed": 0,
  "error_stats": {
    "mean": 7.661590392691393e-08,
    "median": 3.0983216214863774e-08,
    "p95": 2.539382344179938e-07,
    "p99": 3.894111429492142e-07,
    "max": 3.998743554056716e-07
  },
  "containment_rate": 0.2,
  "mean_width": 3.616593403421575e-06
}