{
  "function": "sinh",
  "backend": "jax_basic",
  "samples": 40,
  "seed": 0,
  "error_stats": {
    "mean": 4.8954214468467e-08,
    "median": 2.0348452201002232e-08,
    "p95": 1.4860264312410716e-07,
    "p99": 2.9052557212416717e-07,
    "max": 3.7304560551731925e-07
  },
  "containment_rate": 0.0,
  "mean_width": 4.944294687447837e-06
}