{
  "function": "sqrt",
  "backend": "jax_rigorous",
  "samples": 40,
  "seed": 0,
  "error_stats": {
    "mean": 2.9343155105721054e-08,
    "median": 2.8036684029952852e-08,
    "p95": 6.316522611626846e-08,
    "p99": 8.603104643789549e-08,
    "max": 9.116867838443454e-08
  },
  "containment_rate": 0.275,
  "mean_width": 9.00030158845766e-07
}