{
  "function": "sqrt",
  "backend": "jax_basic",
  "samples": 40,
  "seed": 0,
  "error_stats": {
    "mean": 4.49817368797234e-08,
    "median": 3.415685623231468e-08,
    "p95": 1.1260989623007583e-07,
    "p99": 1.40338013820962e-07,
    "max": 1.470532240421818e-07
  },
  "containment_rate": 0.0,
  "mean_width": 2.1636485598719446e-06
}