{
  "function": "tan",
  "backend": "jax_adaptive",
  "samples": 40,
  "seed": 0,
  "error_stats": {
    "mean": 3.593163158260859e-08,
    "median": 1.947461586437882e-08,
    "p95": 1.1463976760106575e-07,
    "p99": 1.3249465137255e-07,
    "max": 1.4360186328943314e-07
  },
  "containment_rate": 0.025,
  "mean_width": 3.3511780657136114e-06
}