{
  "function": "tan",
  "backend": "jax_basic",
  "samples": 40,
  "seed": 0,
  "error_stats": {
    "mean": 2.5679412934270783e-08,
    "median": 1.5252038382262967e-08,
    "p95": 7.28710453201664e-08,
    "p99": 9.522709247145044e-08,
    "max": 1.0598757205215747e-07
  },
  "containment_rate": 0.0,
  "mean_width": 3.9785168155503925e-06
}