{
  "function": "tanh",
  "backend": "jax_basic",
  "samples": 40,
  "seed": 0,
  "error_stats": {
    "mean": 2.9381604991531028e-08,
    "median": 2.202735832623759e-08,
    "p95": 8.73081090813077e-08,
    "p99": 1.0384745411817774e-07,
    "max": 1.1272084221580769e-07
  },
  "containment_rate": 0.0,
  "mean_width": 1.5866011153775617e-06
}