{
  "function": "bessely",
  "backend": "jax_basic",
  "samples": 80,
  "seed": 0,
  "error_stats": {
    "mean": 2.6974360364574475e-07,
    "median": 1.2208789534895459e-11,
    "p95": 1.970613681123713e-07,
    "p99": 7.987646287901358e-06,
    "max": 1.1431653547333553e-05
  },
  "containment_rate": 1.0,
  "mean_width": 1.2045929358162067e-12
}