{
  "function": "besseli",
  "backend": "jax_basic",
  "samples": 80,
  "seed": 0,
  "error_stats": {
    "mean": 1.979737415829631e-12,
    "median": 9.655609645164986e-13,
    "p95": 6.8999028712823916e-12,
    "p99": 1.020843853893893e-11,
    "max": 1.077538058780192e-11
  },
  "containment_rate": 1.0,
  "mean_width": 6.8173202817789074e-15
}