{
  "function": "besselk",
  "backend": "jax_rigorous",
  "samples": 80,
  "seed": 0,
  "error_stats": {
    "mean": 2.7433062530100776e-07,
    "median": 3.881672760996935e-12,
    "p95": 5.793972540857331e-07,
    "p99": 7.044639242508264e-06,
    "max": 1.2895161319192994e-05
  },
  "containment_rate": 0.0125,
  "mean_width": 0.02183124846072337
}