{
  "function": "besseli",
  "backend": "jax_adaptive",
  "samples": 80,
  "seed": 0,
  "error_stats": {
    "mean": 1.979624162781219e-12,
    "median": 9.656719868189612e-13,
    "p95": 6.8999028712823916e-12,
    "p99": 1.020843853893893e-11,
    "max": 1.077538058780192e-11
  },
  "containment_rate": 0.0,
  "mean_width": 1.0794615586681543e-05
}