{
  "function": "besselj",
  "backend": "jax_rigorous",
  "samples": 80,
  "seed": 0,
  "error_stats": {
    "mean": 1.216289940516551e-13,
    "median": 4.082845173059013e-14,
    "p95": 3.7846947797959237e-13,
    "p99": 1.0061611787979308e-12,
    "max": 2.044742269586056e-12
  },
  "containment_rate": 0.0,
  "mean_width": 7.515923289308576e-07
}