{
  "function": "besselj",
  "backend": "jax_basic",
  "samples": 80,
  "seed": 0,
  "error_stats": {
    "mean": 1.2618785293131477e-13,
    "median": 3.5105598983342645e-14,
    "p95": 2.593508741099978e-13,
    "p99": 1.3802493492963865e-12,
    "max": 4.240010940411527e-12
  },
  "containment_rate": 1.0,
  "mean_width": 4.0367383877661253e-16
}