{
  "function": "bessely",
  "backend": "jax_adaptive",
  "samples": 80,
  "seed": 0,
  "error_stats": {
    "mean": 2.6974362622932904e-07,
    "median": 1.2209122601802846e-11,
    "p95": 1.970613681123713e-07,
    "p99": 7.987646287901358e-06,
    "max": 1.1431653547333553e-05
  },
  "containment_rate": 0.0,
  "mean_width": 0.027122039644970054
}