{
  "function": "besseli",
  "backend": "jax_rigorous",
  "samples": 80,
  "seed": 0,
  "error_stats": {
    "mean": 7.571048061604215e-13,
    "median": 3.7214675785435247e-13,
    "p95": 2.9939606349671506e-12,
    "p99": 5.080700304915797e-12,
    "max": 6.565414878423326e-12
  },
  "containment_rate": 0.0,
  "mean_width": 1.0794612440985574e-05
}