{
  "function": "besselj",
  "backend": "jax_adaptive",
  "samples": 80,
  "seed": 0,
  "error_stats": {
    "mean": 1.2616854055894154e-13,
    "median": 3.5077843407727016e-14,
    "p95": 2.5934809855243626e-13,
    "p99": 1.3802493489406328e-12,
    "max": 4.240010938717461e-12
  },
  "containment_rate": 0.0,
  "mean_width": 7.515926569844334e-07
}