{
  "function": "cos",
  "backend": "jax_adaptive",
  "samples": 80,
  "seed": 0,
  "error_stats": {
    "mean": 3.1245275464164557e-13,
    "median": 3.4044989050130425e-13,
    "p95": 4.949374243778948e-13,
    "p99": 4.986178137045271e-13,
    "max": 4.99933427988708e-13
  },
  "containment_rate": 0.0,
  "mean_width": 1.318828553223926e-06
}