{
  "function": "CubesselK",
  "backend": "jax_rigorous",
  "samples": 80,
  "seed": 0,
  "error_stats": {
    "mean": 4.0403735271328034e-07,
    "median": 1.734323795687942e-11,
    "p95": 2.4471180637419407e-08,
    "p99": 8.63611046497666e-06,
    "max": 2.7326642793923384e-05
  },
  "containment_rate": 0.0125,
  "mean_width": 0.014662824803737508
}