{
  "function": "CubesselK",
  "backend": "jax_basic",
  "samples": 80,
  "seed": 0,
  "error_stats": {
    "mean": 8.083431250477478e-07,
    "median": 3.4688474315203166e-11,
    "p95": 4.8943194030925126e-08,
    "p99": 1.727675089057327e-05,
    "max": 5.46743846712161e-05
  },
  "containment_rate": 1.0,
  "mean_width": 1.9549696063381194e-13
}