{
  "function": "erfc",
  "backend": "jax_basic",
  "samples": 80,
  "seed": 0,
  "error_stats": {
    "mean": 8.604228440844963e-17,
    "median": 0.0,
    "p95": 2.8588242884097734e-16,
    "p99": 4.440892098500626e-16,
    "max": 4.440892098500626e-16
  },
  "containment_rate": 0.0,
  "mean_width": 1.4438663784917954e-06
}