{
  "function": "exp",
  "backend": "jax_adaptive",
  "samples": 80,
  "seed": 0,
  "error_stats": {
    "mean": 7.715134087149522e-13,
    "median": 4.903299988257004e-13,
    "p95": 2.8267610474586024e-12,
    "p99": 3.3770852780889976e-12,
    "max": 3.4514613389546867e-12
  },
  "containment_rate": 0.0,
  "mean_width": 3.086014369917123e-06
}