{
  "function": "gamma",
  "backend": "jax_basic",
  "samples": 80,
  "seed": 0,
  "error_stats": {
    "mean": 8.743006318923108e-16,
    "median": 6.661338147750939e-16,
    "p95": 2.220446049250313e-15,
    "p99": 2.711164626134631e-15,
    "max": 2.886579864025407e-15
  },
  "containment_rate": 0.0625,
  "mean_width": 4.9702294742215434e-06
}