{
  "function": "log",
  "backend": "jax_rigorous",
  "samples": 80,
  "seed": 0,
  "error_stats": {
    "mean": 2.822008813365505e-12,
    "median": 3.4301728124574993e-13,
    "p95": 1.5370582584495195e-11,
    "p99": 3.960010097614485e-11,
    "max": 4.070521697485674e-11
  },
  "containment_rate": 0.0,
  "mean_width": 3.0815138708702897e-06
}