{
  "function": "log",
  "backend": "jax_basic",
  "samples": 80,
  "seed": 0,
  "error_stats": {
    "mean": 3.2265856653168614e-17,
    "median": 0.0,
    "p95": 2.220446049250313e-16,
    "p99": 2.686739719592865e-16,
    "max": 4.440892098500626e-16
  },
  "containment_rate": 0.0,
  "mean_width": 3.0815025833843207e-06
}