{
  "function": "sin",
  "backend": "jax_adaptive",
  "samples": 80,
  "seed": 0,
  "error_stats": {
    "mean": 3.179805868619304e-13,
    "median": 3.341771304121721e-13,
    "p95": 4.989453294967916e-13,
    "p99": 4.999567426722251e-13,
    "max": 5.000444502911705e-13
  },
  "containment_rate": 0.0,
  "mean_width": 1.313286879875483e-06
}