{
  "function": "sinh",
  "backend": "jax_rigorous",
  "samples": 80,
  "seed": 0,
  "error_stats": {
    "mean": 6.617537247344263e-13,
    "median": 5.501155087017651e-13,
    "p95": 1.5951906462419173e-12,
    "p99": 1.7529666607174474e-12,
    "max": 1.7785772854495008e-12
  },
  "containment_rate": 0.0,
  "mean_width": 3.5230100306003763e-06
}