{
  "function": "sqrt",
  "backend": "jax_rigorous",
  "samples": 80,
  "seed": 0,
  "error_stats": {
    "mean": 4.1147849016986984e-13,
    "median": 4.773959005888173e-14,
    "p95": 9.59482493456671e-13,
    "p99": 8.104610316195218e-12,
    "max": 1.2086887046791617e-11
  },
  "containment_rate": 0.0,
  "mean_width": 9.453509285009543e-07
}