{
  "function": "tan",
  "backend": "jax_adaptive",
  "samples": 80,
  "seed": 0,
  "error_stats": {
    "mean": 1.267620643868872e-12,
    "median": 7.546741009889502e-13,
    "p95": 4.663114339109597e-12,
    "p99": 4.928777386226101e-12,
    "max": 5.076827847005916e-12
  },
  "containment_rate": 0.0,
  "mean_width": 3.1552156294896093e-06
}