{
  "function": "tan",
  "backend": "jax_basic",
  "samples": 80,
  "seed": 0,
  "error_stats": {
    "mean": 3.174543961037557e-17,
    "median": 0.0,
    "p95": 2.220446049250313e-16,
    "p99": 4.440892098500626e-16,
    "max": 4.440892098500626e-16
  },
  "containment_rate": 0.0,
  "mean_width": 3.155213094811933e-06
}