{
  "function": "tanh",
  "backend": "jax_rigorous",
  "samples": 80,
  "seed": 0,
  "error_stats": {
    "mean": 2.360398768802563e-13,
    "median": 2.2672141941626478e-13,
    "p95": 3.8190006712568446e-13,
    "p99": 3.8447578454281486e-13,
    "max": 3.8491432263754177e-13
  },
  "containment_rate": 0.0,
  "mean_width": 9.965596812384468e-07
}