{
  "function": "besselj",
  "backend": "jax_basic",
  "samples": 180,
  "seed": 1,
  "error_stats": {
    "mean": 1.0193893044035467e-13,
    "median": 6.443803823863448e-14,
    "p95": 1.9749479829300743e-13,
    "p99": 5.981146133926552e-13,
    "max": 2.6531832286735835e-12
  },
  "containment_rate": 1.0,
  "mean_width": 4.0703847348933164e-16
}