{
  "function": "besselj",
  "backend": "jax_rigorous",
  "samples": 180,
  "seed": 1,
  "error_stats": {
    "mean": 1.5757463461013513e-13,
    "median": 8.561207298640738e-14,
    "p95": 4.1046784027276574e-13,
    "p99": 9.938308509482888e-13,
    "max": 2.6667001939983948e-12
  },
  "containment_rate": 0.0,
  "mean_width": 7.556858371130703e-07
}