{
  "function": "bessely",
  "backend": "jax_adaptive",
  "samples": 180,
  "seed": 1,
  "error_stats": {
    "mean": 2.6685416187651265e-07,
    "median": 3.451294805500993e-12,
    "p95": 4.018508548142562e-08,
    "p99": 8.095370904896985e-06,
    "max": 2.7658577891997993e-05
  },
  "containment_rate": 0.0,
  "mean_width": 0.030707196795779487
}