{
  "function": "bessely",
  "backend": "jax_basic",
  "samples": 180,
  "seed": 1,
  "error_stats": {
    "mean": 2.6685415078970216e-07,
    "median": 3.451350316652224e-12,
    "p95": 4.018508263925468e-08,
    "p99": 8.095368027909447e-06,
    "max": 2.7658577891997993e-05
  },
  "containment_rate": 1.0,
  "mean_width": 1.0871119205452868e-12
}