{
  "function": "besselj",
  "backend": "jax_adaptive",
  "samples": 180,
  "seed": 1,
  "error_stats": {
    "mean": 1.0195501006442731e-13,
    "median": 6.44657938142501e-14,
    "p95": 1.9749757385056898e-13,
    "p99": 5.981146133926552e-13,
    "max": 2.6531832286735835e-12
  },
  "containment_rate": 0.0,
  "mean_width": 7.556862286374008e-07
}