{
  "function": "besseli",
  "backend": "jax_basic",
  "samples": 180,
  "seed": 1,
  "error_stats": {
    "mean": 1.4301758406674275e-12,
    "median": 5.129785485280536e-13,
    "p95": 5.5653259778409815e-12,
    "p99": 7.64561747246262e-12,
    "max": 9.343636975245317e-12
  },
  "containment_rate": 1.0,
  "mean_width": 4.885812831183531e-15
}