{
  "function": "bessely",
  "backend": "jax_rigorous",
  "samples": 180,
  "seed": 1,
  "error_stats": {
    "mean": 1.334179330364897e-07,
    "median": 1.7258416917798058e-12,
    "p95": 2.0092153363293614e-08,
    "p99": 4.047346341735649e-06,
    "max": 1.382912159897387e-05
  },
  "containment_rate": 0.0,
  "mean_width": 0.03070692992342385
}