{
  "function": "CubesselK",
  "backend": "jax_basic",
  "samples": 180,
  "seed": 1,
  "error_stats": {
    "mean": 4.061859247278633e-06,
    "median": 6.2573557446654604e-12,
    "p95": 5.375439968702192e-08,
    "p99": 8.856514580557487e-07,
    "max": 0.000728046870790422
  },
  "containment_rate": 1.0,
  "mean_width": 3.931794367322149e-12
}