{
  "function": "CubesselK",
  "backend": "jax_adaptive",
  "samples": 180,
  "seed": 1,
  "error_stats": {
    "mean": 4.061859892632783e-06,
    "median": 6.257411255816692e-12,
    "p95": 5.375429168452609e-08,
    "p99": 8.856514588018186e-07,
    "max": 0.0007280469872057438
  },
  "containment_rate": 0.005555555555555556,
  "mean_width": 0.35639624702066997
}