{
  "function": "erf",
  "backend": "jax_basic",
  "samples": 180,
  "seed": 1,
  "error_stats": {
    "mean": 7.888173139372314e-17,
    "median": 5.551115123125783e-17,
    "p95": 2.7755575615628914e-16,
    "p99": 4.0023540037736937e-16,
    "max": 4.440892098500626e-16
  },
  "containment_rate": 0.0,
  "mean_width": 1.3934682140486722e-06
}