{
  "function": "erfc",
  "backend": "jax_rigorous",
  "samples": 180,
  "seed": 1,
  "error_stats": {
    "mean": 0.15991010942773928,
    "median": 0.051938923285436145,
    "p95": 0.6689792587545501,
    "p99": 0.7148828191936197,
    "max": 0.7469392083900526
  },
  "containment_rate": 0.0,
  "mean_width": 1.0587162039075233e-06
}