{
  "function": "gamma",
  "backend": "jax_basic",
  "samples": 180,
  "seed": 1,
  "error_stats": {
    "mean": 8.135467608225452e-16,
    "median": 6.661338147750939e-16,
    "p95": 2.0095036745715296e-15,
    "p99": 2.8044233602031507e-15,
    "max": 7.105427357601002e-15
  },
  "containment_rate": 0.11666666666666667,
  "mean_width": 5.0810379704329605e-06
}