{
  "function": "gamma",
  "backend": "jax_baseline",
  "samples": 200,
  "seed": 0,
  "error_stats": {
    "mean": 8.210099267103032e-16,
    "median": 6.661338147750939e-16,
    "p95": 2.220446049250313e-15,
    "p99": 3.561595462997494e-15,
    "max": 5.329070518200751e-15
  },
  "containment_rate": 0.07,
  "mean_width": 7.604249137202479e-06
}