{
  "function": "bessely",
  "backend": "jax_adaptive",
  "samples": 180,
  "seed": 0,
  "error_stats": {
    "mean": 0.0010800015774004269,
    "median": 3.7029670038601914e-08,
    "p95": 4.380516646076363e-05,
    "p99": 0.01128823065480938,
    "max": 0.1430553083482664
  },
  "containment_rate": 0.2722222222222222,
  "mean_width": 0.14557425846561722
}