{
  "function": "besseli",
  "backend": "jax_basic",
  "samples": 180,
  "seed": 0,
  "error_stats": {
    "mean": 1.5626265173771753e-07,
    "median": 2.6312605538869605e-08,
    "p95": 9.370962668953089e-07,
    "p99": 1.4962279287189542e-06,
    "max": 3.1088019838421133e-06
  },
  "containment_rate": 1.0,
  "mean_width": 4.880502806354959e-15
}