{
  "function": "besselk",
  "backend": "jax_rigorous",
  "samples": 180,
  "seed": 0,
  "error_stats": {
    "mean": 0.0038369689250302872,
    "median": 6.468681157389966e-08,
    "p95": 0.0003097924562780457,
    "p99": 0.046992173679215134,
    "max": 0.5020340159535408
  },
  "containment_rate": 0.25555555555555554,
  "mean_width": 0.9029703948329947
}