{
  "function": "besselj",
  "backend": "jax_basic",
  "samples": 180,
  "seed": 0,
  "error_stats": {
    "mean": 8.03849457179289e-09,
    "median": 4.4652042376081e-09,
    "p95": 2.9216324642922233e-08,
    "p99": 4.5968759341402796e-08,
    "max": 6.085913739628523e-08
  },
  "containment_rate": 0.9944444444444445,
  "mean_width": 4.0025990527581993e-16
}