{
  "function": "besselj",
  "backend": "jax_rigorous",
  "samples": 180,
  "seed": 0,
  "error_stats": {
    "mean": 8.038538014015297e-09,
    "median": 4.4655044002805955e-09,
    "p95": 2.921626672119926e-08,
    "p99": 4.596875834900219e-08,
    "max": 6.085943329847687e-08
  },
  "containment_rate": 0.0,
  "mean_width": 7.511910053174533e-07
}