{
  "function": "besselk",
  "backend": "jax_adaptive",
  "samples": 180,
  "seed": 0,
  "error_stats": {
    "mean": 0.003851375523235498,
    "median": 6.475063818456306e-08,
    "p95": 0.0003099839968967893,
    "p99": 0.04797290964038562,
    "max": 0.5010728812776506
  },
  "containment_rate": 0.25555555555555554,
  "mean_width": 0.9030206654758647
}