{
  "function": "besseli",
  "backend": "jax_adaptive",
  "samples": 180,
  "seed": 0,
  "error_stats": {
    "mean": 1.56262651728157e-07,
    "median": 2.6312605538869605e-08,
    "p95": 9.370962635202308e-07,
    "p99": 1.4962279269425974e-06,
    "max": 3.108801987394827e-06
  },
  "containment_rate": 0.0,
  "mean_width": 8.139353621569463e-06
}