{
  "function": "besselk",
  "backend": "jax_basic",
  "samples": 180,
  "seed": 0,
  "error_stats": {
    "mean": 0.0038513755232171968,
    "median": 6.475063812905191e-08,
    "p95": 0.0003099839968058398,
    "p99": 0.04797290964038562,
    "max": 0.5010728812776506
  },
  "containment_rate": 1.0,
  "mean_width": 1.6224477182271958e-11
}