{
  "function": "besselj",
  "backend": "jax_adaptive",
  "samples": 180,
  "seed": 0,
  "error_stats": {
    "mean": 8.03849456563403e-09,
    "median": 4.4652042376081e-09,
    "p95": 2.9216324640146674e-08,
    "p99": 4.5968759341402796e-08,
    "max": 6.085913739628523e-08
  },
  "containment_rate": 0.0,
  "mean_width": 7.511913761987663e-07
}