{
  "function": "bessely",
  "backend": "jax_rigorous",
  "samples": 180,
  "seed": 0,
  "error_stats": {
    "mean": 0.0010798187034350907,
    "median": 3.7024722759904094e-08,
    "p95": 4.374079289366457e-05,
    "p99": 0.011272450745127938,
    "max": 0.14309805096127093
  },
  "containment_rate": 0.2722222222222222,
  "mean_width": 0.1455729341825589
}