{
  "function": "CubesselK",
  "backend": "jax_basic",
  "samples": 180,
  "seed": 0,
  "error_stats": {
    "mean": 0.00021343252340342019,
    "median": 9.129668882001951e-08,
    "p95": 0.00012121631208401347,
    "p99": 0.0029061163666210805,
    "max": 0.024900376796722412
  },
  "containment_rate": 1.0,
  "mean_width": 5.684394987893872e-13
}