{
  "function": "CubesselK",
  "backend": "jax_adaptive",
  "samples": 180,
  "seed": 0,
  "error_stats": {
    "mean": 0.00021343252340646975,
    "median": 9.129668882001951e-08,
    "p95": 0.00012121631035597353,
    "p99": 0.0029061163666210805,
    "max": 0.024900376796722412
  },
  "containment_rate": 0.3277777777777778,
  "mean_width": 0.02763749239072001
}