{
  "function": "CubesselK",
  "backend": "jax_rigorous",
  "samples": 180,
  "seed": 0,
  "error_stats": {
    "mean": 0.00021346227930408223,
    "median": 9.131336603518392e-08,
    "p95": 0.000120628817410304,
    "p99": 0.002907699654954303,
    "max": 0.02489344459900167
  },
  "containment_rate": 0.3277777777777778,
  "mean_width": 0.027637187132051613
}