{
  "function": "erf",
  "backend": "jax_basic",
  "samples": 180,
  "seed": 0,
  "error_stats": {
    "mean": 8.357355319314213e-09,
    "median": 5.007421532976508e-09,
    "p95": 3.214377832794211e-08,
    "p99": 4.297557024801616e-08,
    "max": 4.644647322304962e-08
  },
  "containment_rate": 0.2611111111111111,
  "mean_width": 1.3579120117403544e-06
}