{
  "function": "erf",
  "backend": "jax_adaptive",
  "samples": 180,
  "seed": 0,
  "error_stats": {
    "mean": 0.18417379668494166,
    "median": 0.05260179654503416,
    "p95": 0.6570555053378934,
    "p99": 0.7146803855265733,
    "max": 0.7315423935094818
  },
  "containment_rate": 0.0,
  "mean_width": 9.480680474261798e-07
}