{
  "function": "erfc",
  "backend": "jax_basic",
  "samples": 180,
  "seed": 0,
  "error_stats": {
    "mean": 7.872169347870421e-09,
    "median": 4.098457573320502e-09,
    "p95": 3.216068337197341e-08,
    "p99": 3.897141880759848e-08,
    "max": 4.3604056254586965e-08
  },
  "containment_rate": 0.24444444444444444,
  "mean_width": 1.411008794464467e-06
}