{
  "function": "erfc",
  "backend": "jax_rigorous",
  "samples": 180,
  "seed": 0,
  "error_stats": {
    "mean": 0.1992452086403757,
    "median": 0.07439064368455228,
    "p95": 0.6670537825914945,
    "p99": 0.7300675119638396,
    "max": 0.7375560317686636
  },
  "containment_rate": 0.011111111111111112,
  "mean_width": 9.310156392760171e-07
}