{
  "function": "gamma",
  "backend": "jax_basic",
  "samples": 180,
  "seed": 0,
  "error_stats": {
    "mean": 2.0675519930691954e-08,
    "median": 1.1558857981874837e-08,
    "p95": 6.101695242399785e-08,
    "p99": 1.7296805654432035e-07,
    "max": 1.798717317313958e-07
  },
  "containment_rate": 0.3055555555555556,
  "mean_width": 6.632174092355589e-06
}