{
  "function": "gamma",
  "backend": "jax_rigorous",
  "samples": 180,
  "seed": 0,
  "error_stats": {
    "mean": 2.067008763718804e-08,
    "median": 1.1495018048535144e-08,
    "p95": 6.101627091359418e-08,
    "p99": 1.7329441334368312e-07,
    "max": 1.7952544961730155e-07
  },
  "containment_rate": 0.3055555555555556,
  "mean_width": 6.632245743074281e-06
}