{
  "function": "erf",
  "backend": "jax_rigorous",
  "samples": 2000,
  "seed": 1,
  "error_stats": {
    "mean": 0.1622313368987814,
    "median": 0.05009664727287089,
    "p95": 0.626081349638594,
    "p99": 0.7218524445544452,
    "max": 0.7490830027158737
  },
  "containment_rate": 0.0,
  "mean_width": 1.0126126442124547e-06
}