{
  "function": "erfc",
  "backend": "jax_baseline",
  "samples": 2000,
  "seed": 1,
  "error_stats": {
    "mean": 1.0537404282473517e-16,
    "median": 5.551115123125783e-17,
    "p95": 4.440892098500626e-16,
    "p99": 4.440892098500626e-16,
    "max": 5.551115123125783e-16
  },
  "containment_rate": 0.0005,
  "mean_width": 1.3515248528149503e-06
}