{
  "function": "exp",
  "backend": "jax_baseline",
  "samples": 2000,
  "seed": 1,
  "error_stats": {
    "mean": 1.1322887072395816e-16,
    "median": 0.0,
    "p95": 4.440892098500626e-16,
    "p99": 8.881784197001252e-16,
    "max": 1.7763568394002505e-15
  },
  "containment_rate": 0.0,
  "mean_width": 3.6314851744470992e-06
}