{
  "function": "gamma",
  "backend": "jax_adaptive",
  "samples": 2000,
  "seed": 1,
  "error_stats": {
    "mean": 1.6836868954595018e-11,
    "median": 7.205347429817266e-13,
    "p95": 8.048828270545981e-11,
    "p99": 3.965525419147297e-10,
    "max": 9.975469339451593e-10
  },
  "containment_rate": 0.0,
  "mean_width": 6.730109259056372e-06
}