{
  "function": "gamma",
  "backend": "jax_baseline",
  "samples": 2000,
  "seed": 1,
  "error_stats": {
    "mean": 8.034128917699946e-16,
    "median": 5.551115123125783e-16,
    "p95": 2.220446049250313e-15,
    "p99": 3.552713678800501e-15,
    "max": 8.881784197001252e-15
  },
  "containment_rate": 0.0965,
  "mean_width": 6.730075586088347e-06
}