{
  "function": "sin",
  "backend": "jax_adaptive",
  "samples": 2000,
  "seed": 1,
  "error_stats": {
    "mean": 3.3259077802483097e-13,
    "median": 3.6148861681795097e-13,
    "p95": 4.981570711493077e-13,
    "p99": 4.99933427988708e-13,
    "max": 5.000444502911705e-13
  },
  "containment_rate": 0.0,
  "mean_width": 1.2307905791239067e-06
}