{
  "function": "sin",
  "backend": "jax_baseline",
  "samples": 2000,
  "seed": 1,
  "error_stats": {
    "mean": 1.0707851706009963e-17,
    "median": 0.0,
    "p95": 1.1102230246251565e-16,
    "p99": 1.1102230246251565e-16,
    "max": 1.1102230246251565e-16
  },
  "containment_rate": 0.0,
  "mean_width": 1.2307899145388652e-06
}