{
  "function": "sinh",
  "backend": "jax_baseline",
  "samples": 2000,
  "seed": 1,
  "error_stats": {
    "mean": 2.2758119173904576e-16,
    "median": 5.551115123125783e-17,
    "p95": 8.881784197001252e-16,
    "p99": 1.3322676295501878e-15,
    "max": 1.3322676295501878e-15
  },
  "containment_rate": 0.0,
  "mean_width": 3.6795874473837756e-06
}