{
  "function": "sqrt",
  "backend": "jax_baseline",
  "samples": 2000,
  "seed": 1,
  "error_stats": {
    "mean": 1.3130468934363647e-16,
    "median": 0.0,
    "p95": 4.440892098500626e-16,
    "p99": 4.440892098500626e-16,
    "max": 4.440892098500626e-16
  },
  "containment_rate": 0.0,
  "mean_width": 9.34896394746601e-07
}