{
  "function": "log",
  "backend": "jax_baseline",
  "samples": 200,
  "seed": 0,
  "error_stats": {
    "mean": 2.321060010856968e-17,
    "median": 0.0,
    "p95": 1.1102230246251565e-16,
    "p99": 4.440892098500626e-16,
    "max": 4.440892098500626e-16
  },
  "containment_rate": 0.0,
  "mean_width": 1.993987080803807e-06
}