{
  "function": "sin",
  "backend": "jax_baseline",
  "samples": 200,
  "seed": 0,
  "error_stats": {
    "mean": 8.049116928532384e-18,
    "median": 0.0,
    "p95": 5.551115123125783e-17,
    "p99": 1.1102230246251565e-16,
    "max": 1.1102230246251565e-16
  },
  "containment_rate": 0.0,
  "mean_width": 1.1653678270745613e-06
}