{
  "function": "besseli",
  "backend": "jax_basic",
  "samples": 5000,
  "seed": 0,
  "error_stats": {
    "mean": 2.4524385081121994e-15,
    "median": 4.440892098500626e-16,
    "p95": 1.0658141036401503e-14,
    "p99": 2.4868995751603507e-14,
    "max": 8.171241461241152e-14
  },
  "containment_rate": 0.003,
  "mean_width": 5.624234796312668e-06
}