{
  "function": "cos",
  "backend": "jax_rigorous",
  "samples": 80,
  "seed": 0,
  "error_stats": {
    "mean": 2.9435874310951295e-13,
    "median": 3.2834845953289005e-13,
    "p95": 4.930333918906627e-13,
    "p99": 4.987465995753836e-13,
    "max": 4.99711383383783e-13
  },
  "containment_rate": 0.0,
  "mean_width": 1.372165946186485e-06
}