{
  "function": "cosh",
  "backend": "jax_basic",
  "samples": 80,
  "seed": 0,
  "error_stats": {
    "mean": 1.582067810090848e-16,
    "median": 0.0,
    "p95": 4.440892098500626e-16,
    "p99": 8.881784197001252e-16,
    "max": 8.881784197001252e-16
  },
  "containment_rate": 0.0,
  "mean_width": 2.8607136244085395e-06
}