{
  "function": "cosh",
  "backend": "jax_adaptive",
  "samples": 80,
  "seed": 0,
  "error_stats": {
    "mean": 9.287598468077362e-13,
    "median": 8.493206138382448e-13,
    "p95": 1.6805223879146069e-12,
    "p99": 1.78613124290905e-12,
    "max": 1.8145485114473558e-12
  },
  "containment_rate": 0.0,
  "mean_width": 2.8607154802962055e-06
}