{
  "function": "sin",
  "backend": "jax_adaptive",
  "samples": 80,
  "seed": 0,
  "error_stats": {
    "mean": 3.213180630313832e-13,
    "median": 3.431699369116359e-13,
    "p95": 4.912126261302774e-13,
    "p99": 4.995825975129265e-13,
    "max": 4.99933427988708e-13
  },
  "containment_rate": 0.0,
  "mean_width": 1.3235182561162373e-06
}