{
  "function": "sinh",
  "backend": "jax_rigorous",
  "samples": 80,
  "seed": 0,
  "error_stats": {
    "mean": 6.963542372936949e-13,
    "median": 6.551426068313049e-13,
    "p95": 1.66742175622403e-12,
    "p99": 1.7956525155682356e-12,
    "max": 1.8114398869784054e-12
  },
  "containment_rate": 0.0,
  "mean_width": 3.6477433640063566e-06
}