{
  "function": "tanh",
  "backend": "jax_rigorous",
  "samples": 80,
  "seed": 0,
  "error_stats": {
    "mean": 2.388839126510334e-13,
    "median": 2.3928081738233686e-13,
    "p95": 3.8199998719790074e-13,
    "p99": 3.8438252580874633e-13,
    "max": 3.844702334276917e-13
  },
  "containment_rate": 0.0,
  "mean_width": 9.62108731361426e-07
}