{
  "function": "log",
  "backend": "jax_adaptive",
  "samples": 200,
  "seed": 0,
  "error_stats": {
    "mean": 1.3799789089219417e-12,
    "median": 1.8224310949221945e-13,
    "p95": 5.180889051104031e-12,
    "p99": 2.1730690580312688e-11,
    "max": 4.913935924832913e-11
  },
  "containment_rate": 0.0,
  "mean_width": 2.1694247371680918e-06
}