{
  "function": "cos",
  "backend": "jax_rigorous",
  "samples": 128,
  "seed": 1,
  "error_stats": {
    "mean": 2.874659908171876e-13,
    "median": 2.9809488211185453e-13,
    "p95": 4.929223695882001e-13,
    "p99": 4.984213042291685e-13,
    "max": 4.998224056862455e-13
  },
  "containment_rate": 0.0,
  "mean_width": 1.3941189747287036e-06
}