{
  "function": "cosh",
  "backend": "jax_basic",
  "samples": 128,
  "seed": 1,
  "error_stats": {
    "mean": 1.1102230246251565e-16,
    "median": 0.0,
    "p95": 7.327471962525995e-16,
    "p99": 8.881784197001252e-16,
    "max": 8.881784197001252e-16
  },
  "containment_rate": 0.0,
  "mean_width": 2.8821419997757114e-06
}