{
  "function": "cosh",
  "backend": "jax_rigorous",
  "samples": 128,
  "seed": 1,
  "error_stats": {
    "mean": 8.966265230281323e-13,
    "median": 7.398526236102043e-13,
    "p95": 1.7718715383807649e-12,
    "p99": 1.8578827365445253e-12,
    "max": 1.8771650900362147e-12
  },
  "containment_rate": 0.0,
  "mean_width": 2.6859468475123882e-06
}