{
  "function": "cosh",
  "backend": "jax_adaptive",
  "samples": 128,
  "seed": 1,
  "error_stats": {
    "mean": 9.190738448072722e-13,
    "median": 8.172351684265777e-13,
    "p95": 1.6245005340920212e-12,
    "p99": 1.8064394424754942e-12,
    "max": 1.870947841098314e-12
  },
  "containment_rate": 0.0,
  "mean_width": 2.8821438365495e-06
}