{
  "function": "cosh",
  "backend": "jax_adaptive",
  "samples": 128,
  "seed": 1,
  "error_stats": {
    "mean": 9.448761217889512e-13,
    "median": 8.621992009238966e-13,
    "p95": 1.660760418076279e-12,
    "p99": 1.7610002345236353e-12,
    "max": 1.8616219676914625e-12
  },
  "containment_rate": 0.0,
  "mean_width": 2.9349763489318337e-06
}