{
  "function": "exp",
  "backend": "jax_rigorous",
  "samples": 128,
  "seed": 1,
  "error_stats": {
    "mean": 8.814576672733221e-13,
    "median": 4.939937348069634e-13,
    "p95": 3.159872363767135e-12,
    "p99": 3.4739322529731004e-12,
    "max": 3.679723192817619e-12
  },
  "containment_rate": 0.0,
  "mean_width": 3.5259297894480075e-06
}