{
  "function": "exp",
  "backend": "jax_adaptive",
  "samples": 128,
  "seed": 1,
  "error_stats": {
    "mean": 9.761670638486208e-13,
    "median": 5.935252289646087e-13,
    "p95": 3.062128328679137e-12,
    "p99": 3.439035722863082e-12,
    "max": 3.6912695122737205e-12
  },
  "containment_rate": 0.0,
  "mean_width": 3.904865120547135e-06
}