{
  "function": "exp",
  "backend": "jax_basic",
  "samples": 128,
  "seed": 1,
  "error_stats": {
    "mean": 1.3032110113275763e-16,
    "median": 0.0,
    "p95": 8.881784197001252e-16,
    "p99": 1.7763568394002505e-15,
    "max": 1.7763568394002505e-15
  },
  "containment_rate": 0.0,
  "mean_width": 3.5259262651274152e-06
}