{
  "function": "exp",
  "backend": "jax_rigorous",
  "samples": 128,
  "seed": 1,
  "error_stats": {
    "mean": 9.832549271310276e-13,
    "median": 4.894973315572315e-13,
    "p95": 3.1519231669108194e-12,
    "p99": 3.3425351375626634e-12,
    "max": 3.678835014397919e-12
  },
  "containment_rate": 0.0,
  "mean_width": 3.932911711434974e-06
}