{
  "function": "log",
  "backend": "jax_rigorous",
  "samples": 128,
  "seed": 1,
  "error_stats": {
    "mean": 1.4822179907872293e-12,
    "median": 2.8485547254319954e-13,
    "p95": 4.158207111970567e-12,
    "p99": 2.0071075912397876e-11,
    "max": 4.452926916087563e-11
  },
  "containment_rate": 0.0,
  "mean_width": 2.256980222201727e-06
}