{
  "function": "log",
  "backend": "jax_basic",
  "samples": 128,
  "seed": 1,
  "error_stats": {
    "mean": 4.098284211995207e-17,
    "median": 0.0,
    "p95": 2.220446049250313e-16,
    "p99": 2.220446049250313e-16,
    "max": 2.220446049250313e-16
  },
  "containment_rate": 0.0,
  "mean_width": 2.2639812028766275e-06
}