{
  "function": "log",
  "backend": "jax_adaptive",
  "samples": 128,
  "seed": 1,
  "error_stats": {
    "mean": 1.2365898778045337e-12,
    "median": 1.9739765377835283e-13,
    "p95": 6.4418803624732824e-12,
    "p99": 2.3114263836276918e-11,
    "max": 2.8763658121988556e-11
  },
  "containment_rate": 0.0,
  "mean_width": 2.0596266556884425e-06
}