{
  "function": "log",
  "backend": "jax_rigorous",
  "samples": 128,
  "seed": 1,
  "error_stats": {
    "mean": 1.4236557150716124e-12,
    "median": 2.105260410445453e-13,
    "p95": 7.69718733195642e-12,
    "p99": 2.140845944964555e-11,
    "max": 2.2674528921129422e-11
  },
  "containment_rate": 0.0,
  "mean_width": 2.263986896954717e-06
}