{
  "function": "sin",
  "backend": "jax_rigorous",
  "samples": 128,
  "seed": 1,
  "error_stats": {
    "mean": 3.4562565483231555e-13,
    "median": 3.97237798210881e-13,
    "p95": 4.986233648196503e-13,
    "p99": 4.997324776212508e-13,
    "max": 4.99933427988708e-13
  },
  "containment_rate": 0.0,
  "mean_width": 1.1708765197219204e-06
}