{
  "function": "sin",
  "backend": "jax_rigorous",
  "samples": 128,
  "seed": 1,
  "error_stats": {
    "mean": 3.622128638691713e-13,
    "median": 4.0234482412415673e-13,
    "p95": 4.989675339572841e-13,
    "p99": 4.998734759453782e-13,
    "max": 5.000444502911705e-13
  },
  "containment_rate": 0.0,
  "mean_width": 1.1409625961108453e-06
}