{
  "function": "sin",
  "backend": "jax_rigorous",
  "samples": 128,
  "seed": 1,
  "error_stats": {
    "mean": 3.342025583412487e-13,
    "median": 3.72257780156815e-13,
    "p95": 4.984901380566953e-13,
    "p99": 4.999034519670431e-13,
    "max": 4.99933427988708e-13
  },
  "containment_rate": 0.0,
  "mean_width": 1.2028535202824795e-06
}