{
  "function": "sinh",
  "backend": "jax_adaptive",
  "samples": 128,
  "seed": 1,
  "error_stats": {
    "mean": 7.205694374512461e-13,
    "median": 6.463718449367661e-13,
    "p95": 1.54571910826462e-12,
    "p99": 1.7357582038357581e-12,
    "max": 1.8030021919912542e-12
  },
  "containment_rate": 0.0,
  "mean_width": 3.6762122659302933e-06
}