{
  "function": "sinh",
  "backend": "jax_adaptive",
  "samples": 128,
  "seed": 1,
  "error_stats": {
    "mean": 7.786112656308838e-13,
    "median": 6.730171975277699e-13,
    "p95": 1.6412649017638613e-12,
    "p99": 1.7692070031216645e-12,
    "max": 1.8052226380405045e-12
  },
  "containment_rate": 0.0,
  "mean_width": 3.89113213807512e-06
}