{
  "function": "sinh",
  "backend": "jax_basic",
  "samples": 128,
  "seed": 1,
  "error_stats": {
    "mean": 1.0003120293894385e-16,
    "median": 0.0,
    "p95": 4.440892098500626e-16,
    "p99": 7.682743330406101e-16,
    "max": 8.881784197001252e-16
  },
  "containment_rate": 0.0,
  "mean_width": 3.460456365742692e-06
}