{
  "function": "sinh",
  "backend": "jax_rigorous",
  "samples": 128,
  "seed": 1,
  "error_stats": {
    "mean": 6.446136891413365e-13,
    "median": 5.943023850818463e-13,
    "p95": 1.5223378113660144e-12,
    "p99": 1.683990724643536e-12,
    "max": 1.8118839761882555e-12
  },
  "containment_rate": 0.0,
  "mean_width": 3.460458943098122e-06
}