{
  "function": "sqrt",
  "backend": "jax_adaptive",
  "samples": 128,
  "seed": 1,
  "error_stats": {
    "mean": 7.173233361468245e-13,
    "median": 4.496403249731884e-14,
    "p95": 2.1034035624367644e-12,
    "p99": 1.4901065104044893e-11,
    "max": 2.1787932569239388e-11
  },
  "containment_rate": 0.0,
  "mean_width": 1.0261859759168497e-06
}