{
  "function": "sqrt",
  "backend": "jax_rigorous",
  "samples": 128,
  "seed": 1,
  "error_stats": {
    "mean": 3.910977444676611e-13,
    "median": 4.285460875053104e-14,
    "p95": 6.980971356540513e-13,
    "p99": 2.0991908211698284e-12,
    "max": 3.1851521420378504e-11
  },
  "containment_rate": 0.0,
  "mean_width": 8.812062321028949e-07
}