{
  "function": "sqrt",
  "backend": "jax_adaptive",
  "samples": 128,
  "seed": 1,
  "error_stats": {
    "mean": 6.223086282397539e-13,
    "median": 4.96269692007445e-14,
    "p95": 1.3740175663912152e-12,
    "p99": 4.569836731249667e-12,
    "max": 4.1189662791651926e-11
  },
  "containment_rate": 0.0,
  "mean_width": 1.0285671429299814e-06
}