{
  "function": "sqrt",
  "backend": "jax_basic",
  "samples": 128,
  "seed": 1,
  "error_stats": {
    "mean": 1.5395670849294163e-17,
    "median": 0.0,
    "p95": 1.1102230246251565e-16,
    "p99": 2.220446049250313e-16,
    "max": 2.220446049250313e-16
  },
  "containment_rate": 0.0,
  "mean_width": 1.0261845424526083e-06
}