{
  "function": "tan",
  "backend": "jax_adaptive",
  "samples": 128,
  "seed": 1,
  "error_stats": {
    "mean": 1.4276152485105838e-12,
    "median": 8.535949724830516e-13,
    "p95": 4.173650314243104e-12,
    "p99": 5.008247150328771e-12,
    "max": 5.272005054735018e-12
  },
  "containment_rate": 0.0,
  "mean_width": 3.3223202077716814e-06
}