{
  "function": "tan",
  "backend": "jax_rigorous",
  "samples": 128,
  "seed": 1,
  "error_stats": {
    "mean": 1.1062176023292347e-12,
    "median": 6.936673457857978e-13,
    "p95": 3.8533176649480065e-12,
    "p99": 4.9999582252269195e-12,
    "max": 5.122124946410622e-12
  },
  "containment_rate": 0.0,
  "mean_width": 3.0099143127472017e-06
}