{
  "function": "tan",
  "backend": "jax_adaptive",
  "samples": 128,
  "seed": 1,
  "error_stats": {
    "mean": 1.1019438603244135e-12,
    "median": 6.827871601444713e-13,
    "p95": 3.6019187632518863e-12,
    "p99": 4.8495119031599655e-12,
    "max": 5.128564239953448e-12
  },
  "containment_rate": 0.0,
  "mean_width": 3.0167872555323565e-06
}