{
  "function": "tanh",
  "backend": "jax_basic",
  "samples": 128,
  "seed": 1,
  "error_stats": {
    "mean": 8.700722434196173e-17,
    "median": 1.1102230246251565e-16,
    "p95": 2.220446049250313e-16,
    "p99": 2.220446049250313e-16,
    "max": 2.220446049250313e-16
  },
  "containment_rate": 0.0,
  "mean_width": 9.794735356256608e-07
}