{
  "function": "tanh",
  "backend": "jax_rigorous",
  "samples": 128,
  "seed": 1,
  "error_stats": {
    "mean": 2.419711566531424e-13,
    "median": 2.510491814433635e-13,
    "p95": 3.837263840011929e-13,
    "p99": 3.847733243134144e-13,
    "max": 3.8491432263754177e-13
  },
  "containment_rate": 0.0,
  "mean_width": 9.909230224953796e-07
}