{
  "function": "tanh",
  "backend": "jax_basic",
  "samples": 128,
  "seed": 1,
  "error_stats": {
    "mean": 9.526071338000763e-17,
    "median": 1.1102230246251565e-16,
    "p95": 2.220446049250313e-16,
    "p99": 3.030908857226682e-16,
    "max": 3.3306690738754696e-16
  },
  "containment_rate": 0.0,
  "mean_width": 9.909220551981602e-07
}