{
  "function": "tanh",
  "backend": "jax_rigorous",
  "samples": 128,
  "seed": 1,
  "error_stats": {
    "mean": 2.339235576076515e-13,
    "median": 2.5618396293225487e-13,
    "p95": 3.824940364438589e-13,
    "p99": 3.847344665075525e-13,
    "max": 3.8491432263754177e-13
  },
  "containment_rate": 0.0,
  "mean_width": 1.014719927059293e-06
}