{
  "function": "tanh",
  "backend": "jax_rigorous",
  "samples": 128,
  "seed": 1,
  "error_stats": {
    "mean": 2.398711654652552e-13,
    "median": 2.483291350330319e-13,
    "p95": 3.810229909362306e-13,
    "p99": 3.8466230201095186e-13,
    "max": 3.8491432263754177e-13
  },
  "containment_rate": 0.0,
  "mean_width": 9.794744945706068e-07
}