{
  "function": "cosh",
  "backend": "jax_rigorous",
  "samples": 128,
  "seed": 0,
  "error_stats": {
    "mean": 9.299453568312188e-13,
    "median": 8.493206138382448e-13,
    "p95": 1.7163381826890143e-12,
    "p99": 1.8090329234610182e-12,
    "max": 1.821653938804957e-12
  },
  "containment_rate": 0.0,
  "mean_width": 2.891786708602434e-06
}