{
  "function": "cosh",
  "backend": "jax_basic",
  "samples": 128,
  "seed": 0,
  "error_stats": {
    "mean": 1.734723475976807e-17,
    "median": 0.0,
    "p95": 0.0,
    "p99": 4.440892098500626e-16,
    "max": 4.440892098500626e-16
  },
  "containment_rate": 0.0,
  "mean_width": 2.8917829904169523e-06
}