{
  "function": "log",
  "backend": "jax_rigorous",
  "samples": 128,
  "seed": 0,
  "error_stats": {
    "mean": 1.6884947758553925e-12,
    "median": 1.8934853684982045e-13,
    "p95": 5.143763193160566e-12,
    "p99": 2.5812705306549355e-11,
    "max": 4.913935924832913e-11
  },
  "containment_rate": 0.0,
  "mean_width": 2.3171254367744098e-06
}