{
  "function": "sinh",
  "backend": "jax_adaptive",
  "samples": 128,
  "seed": 0,
  "error_stats": {
    "mean": 6.344150736432158e-13,
    "median": 5.216937992713611e-13,
    "p95": 1.6123102852816373e-12,
    "p99": 1.7397550067244085e-12,
    "max": 1.7772450178199506e-12
  },
  "containment_rate": 0.0,
  "mean_width": 3.4502685735783643e-06
}