{
  "function": "sinh",
  "backend": "jax_basic",
  "samples": 128,
  "seed": 0,
  "error_stats": {
    "mean": 4.174178364069192e-17,
    "median": 0.0,
    "p95": 2.220446049250313e-16,
    "p99": 4.440892098500626e-16,
    "max": 4.440892098500626e-16
  },
  "containment_rate": 0.0,
  "mean_width": 3.4502673058735647e-06
}