{
  "function": "tanh",
  "backend": "jax_rigorous",
  "samples": 128,
  "seed": 0,
  "error_stats": {
    "mean": 2.413446368752445e-13,
    "median": 2.497724249650446e-13,
    "p95": 3.825162409043514e-13,
    "p99": 3.8468339624841975e-13,
    "max": 3.8491432263754177e-13
  },
  "containment_rate": 0.0,
  "mean_width": 1.0114202973582852e-06
}