{
  "function": "cos",
  "backend": "jax_adaptive",
  "samples": 40,
  "seed": 0,
  "error_stats": {
    "mean": 3.344990950893134e-13,
    "median": 3.4350300381902343e-13,
    "p95": 4.938494058137621e-13,
    "p99": 4.967093403251965e-13,
    "max": 4.982680934517703e-13
  },
  "containment_rate": 0.0,
  "mean_width": 1.2703271500394408e-06
}