{
  "function": "cos",
  "backend": "jax_basic",
  "samples": 40,
  "seed": 0,
  "error_stats": {
    "mean": 2.151057110211241e-17,
    "median": 0.0,
    "p95": 1.1102230246251565e-16,
    "p99": 1.7874590696465014e-16,
    "max": 2.220446049250313e-16
  },
  "containment_rate": 0.0,
  "mean_width": 1.2703264816324445e-06
}