{
  "function": "cosh",
  "backend": "jax_basic",
  "samples": 40,
  "seed": 0,
  "error_stats": {
    "mean": 1.9984014443252818e-16,
    "median": 1.1102230246251565e-16,
    "p95": 4.440892098500626e-16,
    "p99": 7.149836278586006e-16,
    "max": 8.881784197001252e-16
  },
  "containment_rate": 0.0,
  "mean_width": 2.6997390891014826e-06
}