{
  "function": "exp",
  "backend": "jax_adaptive",
  "samples": 40,
  "seed": 0,
  "error_stats": {
    "mean": 1.3183232283608958e-12,
    "median": 1.2256862191861728e-12,
    "p95": 3.2529534621517087e-12,
    "p99": 3.3824498757439867e-12,
    "max": 3.4274805216227833e-12
  },
  "containment_rate": 0.0,
  "mean_width": 5.272925425291175e-06
}