{
  "function": "log",
  "backend": "jax_adaptive",
  "samples": 40,
  "seed": 0,
  "error_stats": {
    "mean": 1.6608641545401426e-12,
    "median": 2.2387647291566282e-13,
    "p95": 6.8934413732790654e-12,
    "p99": 2.222104722449102e-11,
    "max": 3.0107472070994845e-11
  },
  "containment_rate": 0.0,
  "mean_width": 2.346835319703977e-06
}