{
  "function": "log",
  "backend": "jax_basic",
  "samples": 40,
  "seed": 0,
  "error_stats": {
    "mean": 2.8449465006019634e-17,
    "median": 0.0,
    "p95": 1.2767564783189206e-16,
    "p99": 4.440892098500626e-16,
    "max": 4.440892098500626e-16
  },
  "containment_rate": 0.0,
  "mean_width": 2.346831998591148e-06
}