{
  "function": "sinh",
  "backend": "jax_adaptive",
  "samples": 40,
  "seed": 0,
  "error_stats": {
    "mean": 7.27190703486702e-13,
    "median": 6.282752096353761e-13,
    "p95": 1.686806250233985e-12,
    "p99": 1.7716583755600368e-12,
    "max": 1.7754686609805503e-12
  },
  "containment_rate": 0.0,
  "mean_width": 3.7668228163784122e-06
}