{
  "function": "sqrt",
  "backend": "jax_adaptive",
  "samples": 40,
  "seed": 0,
  "error_stats": {
    "mean": 1.351793676995783e-13,
    "median": 3.6193270602780103e-14,
    "p95": 5.353828491649887e-13,
    "p99": 1.3738316040345915e-12,
    "max": 1.7759682613416317e-12
  },
  "containment_rate": 0.0,
  "mean_width": 8.148274860619864e-07
}