{
  "function": "tan",
  "backend": "jax_basic",
  "samples": 40,
  "seed": 0,
  "error_stats": {
    "mean": 2.5326962749261383e-17,
    "median": 0.0,
    "p95": 1.1657341758564112e-16,
    "p99": 3.574918139293003e-16,
    "max": 4.440892098500626e-16
  },
  "containment_rate": 0.0,
  "mean_width": 3.324778557241021e-06
}