{
  "function": "tanh",
  "backend": "jax_adaptive",
  "samples": 40,
  "seed": 0,
  "error_stats": {
    "mean": 2.1149998663235262e-13,
    "median": 2.1616042289451798e-13,
    "p95": 3.8222203180282577e-13,
    "p99": 3.84007270426423e-13,
    "max": 3.8413716652030416e-13
  },
  "containment_rate": 0.0,
  "mean_width": 9.570641090654905e-07
}