{
  "function": "besselk",
  "backend": "jax_basic",
  "samples": 5000,
  "seed": 0,
  "error_stats": {
    "mean": 9.103614413610155e-12,
    "median": 3.552713678800501e-15,
    "p95": 2.8421709430404007e-13,
    "p99": 1.2751115718856851e-11,
    "max": 1.30385160446167e-08
  },
  "containment_rate": 0.1666,
  "mean_width": 0.7783190031159415
}