{
  "function": "besseli",
  "backend": "jax_rigorous",
  "samples": 5000,
  "seed": 0,
  "error_stats": {
    "mean": 9.507261795208762e-13,
    "median": 2.0569657088742588e-13,
    "p95": 2.234656903965515e-12,
    "p99": 4.6120263164084595e-12,
    "max": 2.1084235733194456e-09
  },
  "containment_rate": 0.0,
  "mean_width": 8.27622172041942e-06
}