{
  "function": "log",
  "backend": "jax_basic",
  "samples": 20,
  "seed": 0,
  "error_stats": {
    "mean": 2.8449465006019634e-17,
    "median": 0.0,
    "p95": 1.2767564783189324e-16,
    "p99": 3.8080649744642827e-16,
    "max": 4.440892098500626e-16
  },
  "containment_rate": 0.0,
  "mean_width": 3.5672306645136846e-06
}