{
  "function": "besseli",
  "backend": "jax_basic",
  "samples": 5000,
  "seed": 0,
  "error_stats": {
    "mean": 2.5748701893695143e-15,
    "median": 4.440892098500626e-16,
    "p95": 1.2434497875801753e-14,
    "p99": 2.842170943040401e-14,
    "max": 6.039613253960852e-14
  },
  "containment_rate": 0.0012,
  "mean_width": 5.739714718689433e-06
}