{
  "function": "cos",
  "backend": "jax_adaptive",
  "samples": 40,
  "seed": 0,
  "error_stats": {
    "mean": 1.4321178934406652e-08,
    "median": 9.611086093652688e-09,
    "p95": 4.080818879620417e-08,
    "p99": 4.7449246222963645e-08,
    "max": 4.971429601319244e-08
  },
  "containment_rate": 0.375,
  "mean_width": 1.255976571992723e-06
}