{
  "function": "cos",
  "backend": "jax_basic",
  "samples": 40,
  "seed": 0,
  "error_stats": {
    "mean": 1.4321158079561024e-08,
    "median": 9.610692797146214e-09,
    "p95": 4.080839798581425e-08,
    "p99": 4.744947712631564e-08,
    "max": 4.971461131653143e-08
  },
  "containment_rate": 0.375,
  "mean_width": 1.25597590523302e-06
}