{
  "function": "cosh",
  "backend": "jax_basic",
  "samples": 40,
  "seed": 0,
  "error_stats": {
    "mean": 2.257771735680869e-08,
    "median": 5.849205786390144e-09,
    "p95": 8.511445785952526e-08,
    "p99": 1.0831720232307162e-07,
    "max": 1.1163832347449443e-07
  },
  "containment_rate": 0.2,
  "mean_width": 2.8048296394411753e-06
}