{
  "function": "exp",
  "backend": "jax_basic",
  "samples": 40,
  "seed": 0,
  "error_stats": {
    "mean": 2.4767146336590607e-08,
    "median": 6.1589073840906394e-09,
    "p95": 1.5242798157011342e-07,
    "p99": 1.8073058321910196e-07,
    "max": 1.8138322310790045e-07
  },
  "containment_rate": 0.225,
  "mean_width": 3.3827386288272367e-06
}