{
  "function": "exp",
  "backend": "jax_adaptive",
  "samples": 40,
  "seed": 0,
  "error_stats": {
    "mean": 2.476683081051312e-08,
    "median": 6.158236143249951e-09,
    "p95": 1.5242567470430392e-07,
    "p99": 1.8073321728984126e-07,
    "max": 1.8138601998174408e-07
  },
  "containment_rate": 0.225,
  "mean_width": 3.382740313097321e-06
}