{
  "function": "log",
  "backend": "jax_adaptive",
  "samples": 40,
  "seed": 0,
  "error_stats": {
    "mean": 1.2423729075887457e-08,
    "median": 1.177779584971006e-08,
    "p95": 2.4991661068396446e-08,
    "p99": 2.9527328857525957e-08,
    "max": 3.042910079464889e-08
  },
  "containment_rate": 0.5,
  "mean_width": 2.034061209888957e-06
}