{
  "function": "log",
  "backend": "jax_basic",
  "samples": 40,
  "seed": 0,
  "error_stats": {
    "mean": 1.2422391968205936e-08,
    "median": 1.1753331641273235e-08,
    "p95": 2.4989840841094227e-08,
    "p99": 2.952725044691462e-08,
    "max": 3.0429019526323486e-08
  },
  "containment_rate": 0.5,
  "mean_width": 2.0340576630282354e-06
}