{
  "function": "sin",
  "backend": "jax_rigorous",
  "samples": 40,
  "seed": 0,
  "error_stats": {
    "mean": 8.505246499191515e-09,
    "median": 6.022775722591689e-09,
    "p95": 2.701687168427113e-08,
    "p99": 3.417595116184113e-08,
    "max": 3.734781345299254e-08
  },
  "containment_rate": 0.275,
  "mean_width": 1.2808145828780911e-06
}