{
  "function": "sin",
  "backend": "jax_basic",
  "samples": 40,
  "seed": 0,
  "error_stats": {
    "mean": 8.505199378290585e-09,
    "median": 6.023144705213923e-09,
    "p95": 2.7016588821648916e-08,
    "p99": 3.417622800871988e-08,
    "max": 3.734802844768126e-08
  },
  "containment_rate": 0.275,
  "mean_width": 1.280813275701849e-06
}