{
  "function": "sinh",
  "backend": "jax_basic",
  "samples": 40,
  "seed": 0,
  "error_stats": {
    "mean": 2.378044744776457e-08,
    "median": 1.256066289867519e-08,
    "p95": 7.947045301825995e-08,
    "p99": 9.423666790020489e-08,
    "max": 1.0350181023355276e-07
  },
  "containment_rate": 0.25,
  "mean_width": 3.6555438357233194e-06
}