{
  "function": "sinh",
  "backend": "jax_rigorous",
  "samples": 40,
  "seed": 0,
  "error_stats": {
    "mean": 2.378040216981895e-08,
    "median": 1.2561109485886846e-08,
    "p95": 7.946918587631301e-08,
    "p99": 9.423513888329181e-08,
    "max": 1.0350021817373545e-07
  },
  "containment_rate": 0.25,
  "mean_width": 3.655546618395053e-06
}