{
  "function": "sqrt",
  "backend": "jax_basic",
  "samples": 40,
  "seed": 0,
  "error_stats": {
    "mean": 6.858623245731277e-09,
    "median": 5.6469011688875526e-09,
    "p95": 1.8173191562720344e-08,
    "p99": 1.9822524641721626e-08,
    "max": 2.0512447740372863e-08
  },
  "containment_rate": 0.3,
  "mean_width": 8.775255073006916e-07
}