{
  "function": "sqrt",
  "backend": "jax_rigorous",
  "samples": 40,
  "seed": 0,
  "error_stats": {
    "mean": 6.858701809275836e-09,
    "median": 5.6469369180689455e-09,
    "p95": 1.8173217664063656e-08,
    "p99": 1.9822518679823985e-08,
    "max": 2.0512417098217384e-08
  },
  "containment_rate": 0.3,
  "mean_width": 8.775261217314201e-07
}