{
  "function": "tan",
  "backend": "jax_basic",
  "samples": 40,
  "seed": 0,
  "error_stats": {
    "mean": 1.32660646455637e-08,
    "median": 1.2413735539507087e-08,
    "p95": 3.725192069259364e-08,
    "p99": 4.319302169930594e-08,
    "max": 4.573103229432718e-08
  },
  "containment_rate": 0.4,
  "mean_width": 3.632324629364433e-06
}