{
  "function": "tanh",
  "backend": "jax_basic",
  "samples": 40,
  "seed": 0,
  "error_stats": {
    "mean": 3.226711081660838e-09,
    "median": 1.6330324037472366e-09,
    "p95": 1.0542709133476432e-08,
    "p99": 1.2284527138861634e-08,
    "max": 1.2620383404993163e-08
  },
  "containment_rate": 0.35,
  "mean_width": 9.429935133148035e-07
}