{
  "function": "tanh",
  "backend": "jax_rigorous",
  "samples": 40,
  "seed": 0,
  "error_stats": {
    "mean": 3.2266401588793016e-09,
    "median": 1.6330501222128202e-09,
    "p95": 1.0542517125955437e-08,
    "p99": 1.2284492796332813e-08,
    "max": 1.262013893388314e-08
  },
  "containment_rate": 0.35,
  "mean_width": 9.429943834970283e-07
}