{
  "function": "cos",
  "backend": "jax_rigorous",
  "samples": 5000,
  "seed": 1,
  "error_stats": {
    "mean": 3.089899122319089e-13,
    "median": 3.390621117205228e-13,
    "p95": 4.947153797729698e-13,
    "p99": 4.998224056862455e-13,
    "max": 5.000444502911705e-13
  },
  "containment_rate": 0.0,
  "mean_width": 1.3306584509124686e-06
}