{
  "function": "cosh",
  "backend": "jax_baseline",
  "samples": 5000,
  "seed": 1,
  "error_stats": {
    "mean": 2.8235191962266983e-16,
    "median": 2.220446049250313e-16,
    "p95": 8.881784197001252e-16,
    "p99": 1.3322676295501878e-15,
    "max": 1.7763568394002505e-15
  },
  "containment_rate": 0.0,
  "mean_width": 2.736340422195305e-06
}