{
  "function": "erf",
  "backend": "jax_adaptive",
  "samples": 5000,
  "seed": 1,
  "error_stats": {
    "mean": 0.16822552610436628,
    "median": 0.054135145086676106,
    "p95": 0.6492026878967379,
    "p99": 0.7321217007784708,
    "max": 0.7492378422407027
  },
  "containment_rate": 0.0,
  "mean_width": 9.985418183827288e-07
}