{
  "function": "erfc",
  "backend": "jax_baseline",
  "samples": 5000,
  "seed": 1,
  "error_stats": {
    "mean": 1.124544901642821e-16,
    "median": 5.551115123125783e-17,
    "p95": 4.440892098500626e-16,
    "p99": 4.440892098500626e-16,
    "max": 6.661338147750939e-16
  },
  "containment_rate": 0.0002,
  "mean_width": 1.3465672703535435e-06
}