{
  "function": "log",
  "backend": "jax_rigorous",
  "samples": 5000,
  "seed": 1,
  "error_stats": {
    "mean": 1.662468144343534e-12,
    "median": 1.990907438909062e-13,
    "p95": 8.206491042273009e-12,
    "p99": 3.0027274000588134e-11,
    "max": 4.9675374924618154e-11
  },
  "containment_rate": 0.0,
  "mean_width": 2.330391668123994e-06
}