{
  "function": "sin",
  "backend": "jax_adaptive",
  "samples": 5000,
  "seed": 1,
  "error_stats": {
    "mean": 3.3511195329100076e-13,
    "median": 3.689826222341708e-13,
    "p95": 4.988232049640828e-13,
    "p99": 4.99933427988708e-13,
    "max": 5.000444502911705e-13
  },
  "containment_rate": 0.0,
  "mean_width": 1.230370592312718e-06
}