{
  "function": "sinh",
  "backend": "jax_rigorous",
  "samples": 5000,
  "seed": 1,
  "error_stats": {
    "mean": 6.86549886163906e-13,
    "median": 5.786482404346316e-13,
    "p95": 1.6404655411861313e-12,
    "p99": 1.779030256443548e-12,
    "max": 1.8132162438178057e-12
  },
  "containment_rate": 0.0,
  "mean_width": 3.614550937348586e-06
}