{
  "function": "sqrt",
  "backend": "jax_adaptive",
  "samples": 5000,
  "seed": 1,
  "error_stats": {
    "mean": 5.897604182791838e-13,
    "median": 4.5630166312093934e-14,
    "p95": 1.3098577777981304e-12,
    "p99": 1.0783472170761196e-11,
    "max": 1.2415646288843618e-10
  },
  "containment_rate": 0.0,
  "mean_width": 9.576475825542664e-07
}