{
  "function": "tan",
  "backend": "jax_rigorous",
  "samples": 5000,
  "seed": 1,
  "error_stats": {
    "mean": 1.2161478018211936e-12,
    "median": 7.000511281773925e-13,
    "p95": 4.151212706915432e-12,
    "p99": 5.0779758176133795e-12,
    "max": 5.332401187274627e-12
  },
  "containment_rate": 0.0,
  "mean_width": 3.1176251802329505e-06
}