{
  "function": "tanh",
  "backend": "jax_rigorous",
  "samples": 5000,
  "seed": 1,
  "error_stats": {
    "mean": 2.3240650708165197e-13,
    "median": 2.375044605429366e-13,
    "p95": 3.82804898890754e-13,
    "p99": 3.8480330033507926e-13,
    "max": 3.850253449400043e-13
  },
  "containment_rate": 0.0,
  "mean_width": 9.568607178557066e-07
}