{
  "function": "CubesselK",
  "backend": "jax_basic",
  "samples": 256,
  "seed": 7,
  "error_stats": {
    "mean": 3.8605073976533795e-05,
    "median": 1.982747299678067e-11,
    "p95": 2.789760600308e-08,
    "p99": 1.874476154739564e-06,
    "max": 0.009872127324342728
  },
  "containment_rate": 1.0,
  "mean_width": 2.9248122803901544e-11
}