{
  "function": "log",
  "backend": "jax_rigorous",
  "samples": 20,
  "seed": 0,
  "error_stats": {
    "mean": 1.1280714670757266e-12,
    "median": 1.3433698597964394e-13,
    "p95": 2.9944213775223807e-12,
    "p99": 1.2657860315456998e-11,
    "max": 1.5073720049940675e-11
  },
  "containment_rate": 0.0,
  "mean_width": 1.9337204370478245e-06
}