{
  "function": "bessely",
  "backend": "jax_rigorous",
  "samples": 80,
  "seed": 0,
  "error_stats": {
    "mean": 0.002286123883138552,
    "median": 3.2474646360913795e-08,
    "p95": 3.145392138605941e-05,
    "p99": 0.08500242282520039,
    "max": 0.09763431211467832
  },
  "containment_rate": 0.3125,
  "mean_width": 0.966501077249533
}