{
  "function": "besselj",
  "backend": "jax_basic",
  "samples": 80,
  "seed": 0,
  "error_stats": {
    "mean": 7.698246003812955e-09,
    "median": 5.01094418389747e-09,
    "p95": 2.5410961282390504e-08,
    "p99": 3.553093409908167e-08,
    "max": 3.9895023035141364e-08
  },
  "containment_rate": 1.0,
  "mean_width": 4.133873465944399e-16
}