bin_left,bin_right,count
9.77636e-12,0.992194,79
0.992194,1.98439,0
1.98439,2.97658,0
2.97658,3.96877,0
3.96877,4.96097,0
4.96097,5.95316,0
5.95316,6.94535,0
6.94535,7.93755,0
7.93755,8.92974,0
8.92974,9.92194,0
9.92194,10.9141,0
10.9141,11.9063,0
11.9063,12.8985,0
12.8985,13.8907,0
13.8907,14.8829,0
14.8829,15.8751,0
15.8751,16.8673,0
16.8673,17.8595,0
17.8595,18.8517,0
18.8517,19.8439,0
19.8439,20.8361,0
20.8361,21.8283,0
21.8283,22.8205,0
22.8205,23.8126,0
23.8126,24.8048,1