{
  "function": "besselk",
  "backend": "jax_adaptive",
  "samples": 80,
  "seed": 0,
  "error_stats": {
    "mean": 0.31031403690316123,
    "median": 1.4996785868692797e-07,
    "p95": 1.5695263051895456e-05,
    "p99": 5.224743125342056,
    "max": 24.804838839918375
  },
  "containment_rate": 0.3125,
  "mean_width": 39.76869174238979
}