{
  "function": "besselj",
  "backend": "jax_rigorous",
  "samples": 80,
  "seed": 0,
  "error_stats": {
    "mean": 7.698289113385142e-09,
    "median": 5.010913402964112e-09,
    "p95": 2.5410898063515923e-08,
    "p99": 3.553090781649445e-08,
    "max": 3.989498945089487e-08
  },
  "containment_rate": 0.0,
  "mean_width": 7.370864400237267e-07
}