{
  "function": "besseli",
  "backend": "jax_basic",
  "samples": 80,
  "seed": 0,
  "error_stats": {
    "mean": 1.6311158340167277e-07,
    "median": 1.4789308611096175e-08,
    "p95": 1.175630863947674e-06,
    "p99": 1.7226778523671227e-06,
    "max": 2.2750000585602947e-06
  },
  "containment_rate": 1.0,
  "mean_width": 3.763906274952833e-15
}