{
  "function": "bessely",
  "backend": "jax_adaptive",
  "samples": 80,
  "seed": 0,
  "error_stats": {
    "mean": 0.0022931879793917716,
    "median": 3.207988891196223e-08,
    "p95": 3.1745029171758686e-05,
    "p99": 0.0852571550756692,
    "max": 0.09752027958165854
  },
  "containment_rate": 0.3125,
  "mean_width": 0.9665209085330544
}