{
  "function": "CubesselK",
  "backend": "jax_basic",
  "samples": 80,
  "seed": 0,
  "error_stats": {
    "mean": 0.002577317119748012,
    "median": 1.2629138157471687e-07,
    "p95": 1.4531130977957159e-05,
    "p99": 0.04804552564259093,
    "max": 0.19756104657426476
  },
  "containment_rate": 1.0,
  "mean_width": 1.2037120107090404e-11
}