{
  "function": "CubesselK",
  "backend": "jax_adaptive",
  "samples": 80,
  "seed": 0,
  "error_stats": {
    "mean": 0.002577317119746831,
    "median": 1.2629137802200319e-07,
    "p95": 1.4531130977957159e-05,
    "p99": 0.04804552564259093,
    "max": 0.19756104657426476
  },
  "containment_rate": 0.325,
  "mean_width": 0.9701224398341539
}