{
  "function": "erf",
  "backend": "jax_basic",
  "samples": 80,
  "seed": 0,
  "error_stats": {
    "mean": 6.814499693805383e-09,
    "median": 3.950683280518064e-09,
    "p95": 1.94666702313384e-08,
    "p99": 2.915678358583736e-08,
    "max": 4.805420739106836e-08
  },
  "containment_rate": 0.225,
  "mean_width": 1.2996415770642019e-06
}