{
  "function": "erf",
  "backend": "jax_adaptive",
  "samples": 80,
  "seed": 0,
  "error_stats": {
    "mean": 0.15582277328105892,
    "median": 0.06651618370580065,
    "p95": 0.6811283857138766,
    "p99": 0.736169657361707,
    "max": 0.7486851234742693
  },
  "containment_rate": 0.0,
  "mean_width": 1.0109884240933412e-06
}