{
  "function": "erfc",
  "backend": "jax_basic",
  "samples": 80,
  "seed": 0,
  "error_stats": {
    "mean": 6.855145021772424e-09,
    "median": 3.2334389055144186e-09,
    "p95": 2.7798276353019328e-08,
    "p99": 3.760403541996914e-08,
    "max": 3.913507373720648e-08
  },
  "containment_rate": 0.3,
  "mean_width": 1.237769723309856e-06
}