{
  "function": "erfc",
  "backend": "jax_adaptive",
  "samples": 80,
  "seed": 0,
  "error_stats": {
    "mean": 0.1698808054028758,
    "median": 0.06361634729998855,
    "p95": 0.6934951860929336,
    "p99": 0.716649264987375,
    "max": 0.7290197319719305
  },
  "containment_rate": 0.0,
  "mean_width": 9.308059888233884e-07
}