{
  "function": "gamma",
  "backend": "jax_basic",
  "samples": 80,
  "seed": 0,
  "error_stats": {
    "mean": 2.437199756871733e-08,
    "median": 9.775893428098925e-09,
    "p95": 9.094997794889534e-08,
    "p99": 1.2244695950513998e-07,
    "max": 1.5962911703581995e-07
  },
  "containment_rate": 0.35,
  "mean_width": 7.807589581637631e-06
}