{
  "function": "bessely",
  "backend": "jax_rigorous",
  "samples": 5000,
  "seed": 0,
  "error_stats": {
    "mean": 3.248228005078536e-05,
    "median": 2.2866153415179724e-12,
    "p95": 1.690429369816155e-08,
    "p99": 4.789507220266396e-06,
    "max": 0.14570098051217428
  },
  "containment_rate": 0.0002,
  "mean_width": 0.48074501773065803
}