{
  "function": "bessely",
  "backend": "jax_basic",
  "samples": 5000,
  "seed": 0,
  "error_stats": {
    "mean": 6.571507453588283e-05,
    "median": 4.575007039875345e-12,
    "p95": 3.381020352577558e-08,
    "p99": 9.57910160650501e-06,
    "max": 0.2951504435161496
  },
  "containment_rate": 1.0,
  "mean_width": 9.679639732850313e-12
}