{
  "function": "besselk",
  "backend": "jax_rigorous",
  "samples": 5000,
  "seed": 0,
  "error_stats": {
    "mean": 1.4198253323326781e-05,
    "median": 8.786749106093339e-12,
    "p95": 5.5944440191524535e-08,
    "p99": 1.4672465805745115e-05,
    "max": 0.024568654596805573
  },
  "containment_rate": 0.0018,
  "mean_width": 1.4296342668907034
}