{
  "function": "gamma",
  "backend": "jax_baseline",
  "samples": 200,
  "seed": 0,
  "error_stats": {
    "mean": 8.76521077941561e-16,
    "median": 6.661338147750939e-16,
    "p95": 2.220446049250313e-15,
    "p99": 3.3306690738754696e-15,
    "max": 3.552713678800501e-15
  },
  "containment_rate": 0.065,
  "mean_width": 5.657328370076154e-06
}