{
  "function": "sin",
  "backend": "jax_baseline",
  "samples": 200,
  "seed": 0,
  "error_stats": {
    "mean": 1.3045120539345589e-17,
    "median": 0.0,
    "p95": 1.1102230246251565e-16,
    "p99": 1.1102230246251565e-16,
    "max": 1.1102230246251565e-16
  },
  "containment_rate": 0.0,
  "mean_width": 1.304896349953676e-06
}