{
  "function": "besselk",
  "backend": "jax_basic",
  "samples": 80,
  "seed": 0,
  "error_stats": {
    "mean": 4.064786016140921e-06,
    "median": 4.406586207039709e-12,
    "p95": 2.7573538474712218e-08,
    "p99": 6.829222587967162e-05,
    "max": 0.0003249542787671089
  },
  "containment_rate": 1.0,
  "mean_width": 8.779110728315832e-12
}