{
  "function": "besseli",
  "backend": "jax_basic",
  "samples": 80,
  "seed": 0,
  "error_stats": {
    "mean": 1.135223053360499e-12,
    "median": 3.6329272923296685e-13,
    "p95": 6.265299390406653e-12,
    "p99": 8.05105315748733e-12,
    "max": 8.267164730568766e-12
  },
  "containment_rate": 1.0,
  "mean_width": 3.927757548526565e-15
}