{
  "function": "besselk",
  "backend": "jax_adaptive",
  "samples": 80,
  "seed": 0,
  "error_stats": {
    "mean": 4.0647852883473144e-06,
    "median": 4.406586207039709e-12,
    "p95": 2.75734844734643e-08,
    "p99": 6.82922136672894e-05,
    "max": 0.000324954220559448
  },
  "containment_rate": 0.025,
  "mean_width": 0.3743364653133241
}