{
  "function": "bessely",
  "backend": "jax_adaptive",
  "samples": 80,
  "seed": 0,
  "error_stats": {
    "mean": 0.00010719773452346096,
    "median": 3.873235066009784e-12,
    "p95": 1.737457182571226e-08,
    "p99": 0.0018053759394751443,
    "max": 0.008562106639146805
  },
  "containment_rate": 0.0,
  "mean_width": 7.75078067667319
}