{
  "function": "besselk",
  "backend": "jax_rigorous",
  "samples": 80,
  "seed": 0,
  "error_stats": {
    "mean": 2.032355899152596e-06,
    "median": 2.2039037261833982e-12,
    "p95": 1.3786473829213715e-08,
    "p99": 3.41454888228999e-05,
    "max": 0.00016247417079284787
  },
  "containment_rate": 0.0125,
  "mean_width": 0.37433240045454447
}