{
  "function": "besseli",
  "backend": "jax_adaptive",
  "samples": 80,
  "seed": 0,
  "error_stats": {
    "mean": 1.1352155576271357e-12,
    "median": 3.633482403841981e-13,
    "p95": 6.265210572564683e-12,
    "p99": 8.05105315748733e-12,
    "max": 8.267164730568766e-12
  },
  "containment_rate": 0.0,
  "mean_width": 6.7201226410976744e-06
}