{
  "function": "bessely",
  "backend": "jax_basic",
  "samples": 80,
  "seed": 0,
  "error_stats": {
    "mean": 0.00010719773452356928,
    "median": 3.8730130214048586e-12,
    "p95": 1.737457182571226e-08,
    "p99": 0.0018053759394751443,
    "max": 0.008562106639146805
  },
  "containment_rate": 1.0,
  "mean_width": 1.406476728485484e-10
}