{
  "function": "CubesselK",
  "backend": "jax_rigorous",
  "samples": 80,
  "seed": 0,
  "error_stats": {
    "mean": 5.507758584058808e-05,
    "median": 2.531397313987327e-11,
    "p95": 1.3761482478003e-07,
    "p99": 0.0009348801874443506,
    "max": 0.0043851015709606145
  },
  "containment_rate": 0.0125,
  "mean_width": 0.1598238779206989
}