{
  "function": "CubesselK",
  "backend": "jax_basic",
  "samples": 80,
  "seed": 0,
  "error_stats": {
    "mean": 0.00011043246421452446,
    "median": 5.062661401211699e-11,
    "p95": 2.752363201352633e-07,
    "p99": 0.0018744191315158238,
    "max": 0.008792386164486743
  },
  "containment_rate": 1.0,
  "mean_width": 1.4648663575547727e-12
}