{
  "function": "cos",
  "backend": "jax_adaptive",
  "samples": 40,
  "seed": 0,
  "error_stats": {
    "mean": 3.216430594088493e-13,
    "median": 3.872457909892546e-13,
    "p95": 4.995115432393504e-13,
    "p99": 5.000011515932101e-13,
    "max": 5.000444502911705e-13
  },
  "containment_rate": 0.0,
  "mean_width": 1.279251378536253e-06
}