{
  "function": "cosh",
  "backend": "jax_adaptive",
  "samples": 40,
  "seed": 0,
  "error_stats": {
    "mean": 8.907763415777481e-13,
    "median": 6.991074386064611e-13,
    "p95": 1.7194912160789497e-12,
    "p99": 1.8128876178025165e-12,
    "max": 1.8243184740640572e-12
  },
  "containment_rate": 0.0,
  "mean_width": 2.6997408690832003e-06
}