{
  "function": "exp",
  "backend": "jax_adaptive",
  "samples": 40,
  "seed": 0,
  "error_stats": {
    "mean": 9.034974157717812e-13,
    "median": 4.0190073491430667e-13,
    "p95": 3.015276917039955e-12,
    "p99": 3.4110403390741338e-12,
    "max": 3.6219915955371107e-12
  },
  "containment_rate": 0.0,
  "mean_width": 3.6140746466281626e-06
}