{
  "function": "log",
  "backend": "jax_adaptive",
  "samples": 40,
  "seed": 0,
  "error_stats": {
    "mean": 2.3644787516818865e-12,
    "median": 1.0325074129013956e-13,
    "p95": 1.54661727869154e-11,
    "p99": 2.4089850114705767e-11,
    "max": 2.457167802560889e-11
  },
  "containment_rate": 0.0,
  "mean_width": 2.5633135624439363e-06
}