{
  "function": "sinh",
  "backend": "jax_adaptive",
  "samples": 40,
  "seed": 0,
  "error_stats": {
    "mean": 7.00012964260921e-13,
    "median": 5.871969577242453e-13,
    "p95": 1.5304202349852857e-12,
    "p99": 1.675068972417648e-12,
    "max": 1.7394974349826953e-12
  },
  "containment_rate": 0.0,
  "mean_width": 3.645412225240785e-06
}