{
  "function": "sqrt",
  "backend": "jax_adaptive",
  "samples": 40,
  "seed": 0,
  "error_stats": {
    "mean": 2.7278377473516356e-12,
    "median": 2.786659791809143e-14,
    "p95": 6.025957510757954e-13,
    "p99": 6.467866422998897e-11,
    "max": 1.0546231943298068e-10
  },
  "containment_rate": 0.0,
  "mean_width": 9.704192151363532e-07
}