{
  "function": "tanh",
  "backend": "jax_adaptive",
  "samples": 40,
  "seed": 0,
  "error_stats": {
    "mean": 2.1862494453683822e-13,
    "median": 2.292332990094792e-13,
    "p95": 3.838429574187785e-13,
    "p99": 3.8471670293915847e-13,
    "max": 3.8480330033507926e-13
  },
  "containment_rate": 0.0,
  "mean_width": 9.438479920749476e-07
}