{
  "function": "exp",
  "backend": "jax_rigorous",
  "samples": 80,
  "seed": 0,
  "error_stats": {
    "mean": 1.1162702706624117e-12,
    "median": 6.390443729742401e-13,
    "p95": 3.1406433009806276e-12,
    "p99": 3.3362645979195798e-12,
    "max": 3.4274805216227833e-12
  },
  "containment_rate": 0.0,
  "mean_width": 4.464890149787071e-06
}