{
  "function": "log",
  "backend": "jax_rigorous",
  "samples": 80,
  "seed": 0,
  "error_stats": {
    "mean": 1.966745689918614e-12,
    "median": 2.412237076754309e-13,
    "p95": 5.424150018029616e-12,
    "p99": 3.5382070606715386e-11,
    "max": 3.596234421365807e-11
  },
  "containment_rate": 0.0,
  "mean_width": 2.5180843450090666e-06
}