{
  "function": "sin",
  "backend": "jax_adaptive",
  "samples": 80,
  "seed": 0,
  "error_stats": {
    "mean": 3.415660115857477e-13,
    "median": 3.7614356074300304e-13,
    "p95": 4.985345469776803e-13,
    "p99": 4.997813274343344e-13,
    "max": 5.000444502911705e-13
  },
  "containment_rate": 0.0,
  "mean_width": 1.2103334037470714e-06
}