{
  "function": "sinh",
  "backend": "jax_basic",
  "samples": 80,
  "seed": 0,
  "error_stats": {
    "mean": 1.0941768324723711e-16,
    "median": 0.0,
    "p95": 4.440892098500626e-16,
    "p99": 8.881784197001252e-16,
    "max": 8.881784197001252e-16
  },
  "containment_rate": 0.0,
  "mean_width": 3.704879443580756e-06
}