{
  "function": "tan",
  "backend": "jax_basic",
  "samples": 80,
  "seed": 0,
  "error_stats": {
    "mean": 2.411265631607762e-17,
    "median": 0.0,
    "p95": 1.1657341758564112e-16,
    "p99": 2.686739719592865e-16,
    "max": 4.440892098500626e-16
  },
  "containment_rate": 0.0,
  "mean_width": 3.1312533431007294e-06
}