{
  "function": "tan",
  "backend": "jax_rigorous",
  "samples": 80,
  "seed": 0,
  "error_stats": {
    "mean": 1.229919226360121e-12,
    "median": 8.216760605250784e-13,
    "p95": 4.333677861012574e-12,
    "p99": 5.20044007856768e-12,
    "max": 5.3179682879545e-12
  },
  "containment_rate": 0.0,
  "mean_width": 3.1312582621389206e-06
}