{
  "function": "bessely",
  "backend": "jax_adaptive",
  "samples": 180,
  "seed": 2,
  "error_stats": {
    "mean": 4.174311258130676e-06,
    "median": 4.699907130145675e-12,
    "p95": 2.8954535480352167e-08,
    "p99": 8.503182783016453e-05,
    "max": 0.0005610777297988534
  },
  "containment_rate": 0.0,
  "mean_width": 0.3651104219521287
}