{
  "function": "besselk",
  "backend": "jax_basic",
  "samples": 180,
  "seed": 2,
  "error_stats": {
    "mean": 2.2255046834409093e-07,
    "median": 1.4788059665704623e-11,
    "p95": 1.7526132012335394e-08,
    "p99": 2.3130108729674318e-07,
    "max": 3.9066340832505375e-05
  },
  "containment_rate": 1.0,
  "mean_width": 5.494280377882355e-13
}