{
  "function": "besselj",
  "backend": "jax_adaptive",
  "samples": 180,
  "seed": 2,
  "error_stats": {
    "mean": 7.546917278284035e-14,
    "median": 5.5469517867834384e-14,
    "p95": 1.7749447744908044e-13,
    "p99": 2.675260013518256e-13,
    "max": 3.994235497906118e-13
  },
  "containment_rate": 0.0,
  "mean_width": 6.703073604197998e-07
}