{
  "function": "besselk",
  "backend": "jax_rigorous",
  "samples": 180,
  "seed": 2,
  "error_stats": {
    "mean": 1.1127332174696846e-07,
    "median": 7.39663885696018e-12,
    "p95": 8.763309722326063e-09,
    "p99": 1.1564804282215882e-07,
    "max": 1.9532839360181242e-05
  },
  "containment_rate": 0.0,
  "mean_width": 0.020384848897476743
}