{
  "function": "besseli",
  "backend": "jax_rigorous",
  "samples": 180,
  "seed": 2,
  "error_stats": {
    "mean": 5.039786136872243e-13,
    "median": 2.177147351289932e-13,
    "p95": 1.9817036900349184e-12,
    "p99": 4.139870668495871e-12,
    "max": 5.464018126843939e-12
  },
  "containment_rate": 0.0,
  "mean_width": 8.209462222160734e-06
}