{
  "function": "besseli",
  "backend": "jax_basic",
  "samples": 180,
  "seed": 2,
  "error_stats": {
    "mean": 1.4474451923763407e-12,
    "median": 5.094258348492531e-13,
    "p95": 5.034994643438036e-12,
    "p99": 8.747662039176878e-12,
    "max": 9.624301355870557e-12
  },
  "containment_rate": 1.0,
  "mean_width": 5.045770024674599e-15
}