{
  "function": "CubesselK",
  "backend": "jax_adaptive",
  "samples": 180,
  "seed": 2,
  "error_stats": {
    "mean": 1.7806320642431332e-07,
    "median": 1.861377718626045e-11,
    "p95": 1.5486727100721913e-08,
    "p99": 1.9465955489295467e-06,
    "max": 2.474497159710154e-05
  },
  "containment_rate": 0.011111111111111112,
  "mean_width": 0.01739771153470744
}