{
  "function": "CubesselK",
  "backend": "jax_rigorous",
  "samples": 180,
  "seed": 2,
  "error_stats": {
    "mean": 8.902793325931436e-08,
    "median": 9.306111437012987e-12,
    "p95": 7.743119923020432e-09,
    "p99": 9.731871239182702e-07,
    "max": 1.2372343917377293e-05
  },
  "containment_rate": 0.0,
  "mean_width": 0.017397533464119454
}