{
  "function": "erf",
  "backend": "jax_basic",
  "samples": 180,
  "seed": 2,
  "error_stats": {
    "mean": 7.563394355258879e-17,
    "median": 5.551115123125783e-17,
    "p95": 2.220446049250313e-16,
    "p99": 2.7755575615628914e-16,
    "max": 2.7755575615628914e-16
  },
  "containment_rate": 0.0,
  "mean_width": 1.3467676658442175e-06
}