{
  "function": "erfc",
  "backend": "jax_adaptive",
  "samples": 180,
  "seed": 2,
  "error_stats": {
    "mean": 0.17742515795316954,
    "median": 0.05995271896613322,
    "p95": 0.6778387829281203,
    "p99": 0.7219319739447317,
    "max": 0.7475534337599801
  },
  "containment_rate": 0.0,
  "mean_width": 1.010309068530487e-06
}