{
  "function": "gamma",
  "backend": "jax_basic",
  "samples": 180,
  "seed": 2,
  "error_stats": {
    "mean": 8.542549383921344e-16,
    "median": 6.661338147750939e-16,
    "p95": 2.031708135064025e-15,
    "p99": 4.4875214655348845e-15,
    "max": 7.993605777301127e-15
  },
  "containment_rate": 0.12222222222222222,
  "mean_width": 7.56871205971035e-06
}