{
  "function": "besselk",
  "backend": "jax_basic",
  "samples": 2000,
  "seed": 11,
  "error_stats": {
    "mean": 0.016251716570270934,
    "median": 1.922639825124861e-11,
    "p95": 9.270276564166077e-08,
    "p99": 5.004088596251676e-05,
    "max": 27.608455871522892
  },
  "containment_rate": 1.0,
  "mean_width": 1.1182982232946225e-11
}