bin_left,bin_right,count
0,0.544135,1998
0.544135,1.08827,0
1.08827,1.63241,0
1.63241,2.17654,0
2.17654,2.72068,1
2.72068,3.26481,0
3.26481,3.80895,0
3.80895,4.35308,0
4.35308,4.89722,0
4.89722,5.44135,0
5.44135,5.98549,0
5.98549,6.52962,0
6.52962,7.07376,0
7.07376,7.6179,0
7.6179,8.16203,0
8.16203,8.70617,0
8.70617,9.2503,0
9.2503,9.79444,0
9.79444,10.3386,0
10.3386,10.8827,0
10.8827,11.4268,0
11.4268,11.971,0
11.971,12.5151,0
12.5151,13.0592,0
13.0592,13.6034,1