{
  "function": "besselk",
  "backend": "jax_adaptive",
  "samples": 2000,
  "seed": 11,
  "error_stats": {
    "mean": 0.01625171656970919,
    "median": 1.922639825124861e-11,
    "p95": 9.270275995731889e-08,
    "p99": 5.004091477417204e-05,
    "max": 27.608455871522892
  },
  "containment_rate": 0.0085,
  "mean_width": 3.1594554113277846
}