bin_left,bin_right,count
1.82146e-16,1.10434,1998
1.10434,2.20868,0
2.20868,3.31301,0
3.31301,4.41735,0
4.41735,5.52169,1
5.52169,6.62603,0
6.62603,7.73037,0
7.73037,8.83471,0
8.83471,9.93904,0
9.93904,11.0434,0
11.0434,12.1477,0
12.1477,13.2521,0
13.2521,14.3564,0
14.3564,15.4607,0
15.4607,16.5651,0
16.5651,17.6694,0
17.6694,18.7737,0
18.7737,19.8781,0
19.8781,20.9824,0
20.9824,22.0868,0
22.0868,23.1911,0
23.1911,24.2954,0
24.2954,25.3998,0
25.3998,26.5041,0
26.5041,27.6085,1