{
  "function": "CubesselK",
  "backend": "jax_rigorous",
  "samples": 2000,
  "seed": 11,
  "error_stats": {
    "mean": 3.80810182479697e-06,
    "median": 1.0659029214821203e-11,
    "p95": 8.380488889514468e-08,
    "p99": 9.330452012363822e-06,
    "max": 0.0060809701681137085
  },
  "containment_rate": 0.001,
  "mean_width": 0.556376180901841
}