{
  "function": "cosh",
  "backend": "jax_rigorous",
  "samples": 80,
  "seed": 0,
  "error_stats": {
    "mean": 9.30444610247605e-13,
    "median": 7.267519919196275e-13,
    "p95": 1.7483792191796965e-12,
    "p99": 1.861013565473968e-12,
    "max": 1.8620660569013125e-12
  },
  "containment_rate": 0.0,
  "mean_width": 2.868563642938193e-06
}