{
  "function": "sin",
  "backend": "jax_rigorous",
  "samples": 80,
  "seed": 0,
  "error_stats": {
    "mean": 3.245605498768123e-13,
    "median": 3.605449272470196e-13,
    "p95": 4.986344670498966e-13,
    "p99": 4.997346980673001e-13,
    "max": 4.998224056862455e-13
  },
  "containment_rate": 0.0,
  "mean_width": 1.24654120712091e-06
}