{
  "function": "sin",
  "backend": "jax_basic",
  "samples": 80,
  "seed": 0,
  "error_stats": {
    "mean": 1.6653345369377347e-17,
    "median": 0.0,
    "p95": 1.1102230246251565e-16,
    "p99": 1.3433698597964325e-16,
    "max": 2.220446049250313e-16
  },
  "containment_rate": 0.0,
  "mean_width": 1.2465399094530018e-06
}