{
  "function": "tan",
  "backend": "jax_rigorous",
  "samples": 80,
  "seed": 0,
  "error_stats": {
    "mean": 1.2689566158276104e-12,
    "median": 8.110179194886769e-13,
    "p95": 4.276534681935118e-12,
    "p99": 5.0019388631028504e-12,
    "max": 5.056843832562663e-12
  },
  "containment_rate": 0.0,
  "mean_width": 3.1766838336759367e-06
}