{
  "function": "tanh",
  "backend": "jax_adaptive",
  "samples": 80,
  "seed": 0,
  "error_stats": {
    "mean": 2.4740657656244224e-13,
    "median": 2.5576762929802044e-13,
    "p95": 3.829436767688321e-13,
    "p99": 3.842537399378898e-13,
    "max": 3.8469227803261674e-13
  },
  "containment_rate": 0.0,
  "mean_width": 1.1334623186971968e-06
}