{
  "function": "cos",
  "backend": "jax_rigorous",
  "samples": 2000,
  "seed": 1,
  "error_stats": {
    "mean": 3.16077785662448e-13,
    "median": 3.486655408835304e-13,
    "p95": 4.956146604229162e-13,
    "p99": 4.998224056862455e-13,
    "max": 5.000444502911705e-13
  },
  "containment_rate": 0.0,
  "mean_width": 1.3039535095673488e-06
}