{
  "function": "exp",
  "backend": "jax_adaptive",
  "samples": 2000,
  "seed": 1,
  "error_stats": {
    "mean": 9.078760798697516e-13,
    "median": 4.973799150320701e-13,
    "p95": 3.0625280089680017e-12,
    "p99": 3.524451841485643e-12,
    "max": 3.6921576906934206e-12
  },
  "containment_rate": 0.0,
  "mean_width": 3.631486988601579e-06
}