{
  "function": "sinh",
  "backend": "jax_adaptive",
  "samples": 2000,
  "seed": 1,
  "error_stats": {
    "mean": 7.083530300408363e-13,
    "median": 6.330491686412643e-13,
    "p95": 1.6396217716874161e-12,
    "p99": 1.7599255386357981e-12,
    "max": 1.8136603330276557e-12
  },
  "containment_rate": 0.0,
  "mean_width": 3.6795888630076147e-06
}