{
  "function": "sqrt",
  "backend": "jax_adaptive",
  "samples": 2000,
  "seed": 1,
  "error_stats": {
    "mean": 5.981771328267272e-13,
    "median": 4.218847493575595e-14,
    "p95": 1.0674600092741568e-12,
    "p99": 9.861992056325865e-12,
    "max": 1.1402555288864136e-10
  },
  "containment_rate": 0.0,
  "mean_width": 9.348975898948037e-07
}