{
  "function": "tanh",
  "backend": "jax_baseline",
  "samples": 2000,
  "seed": 1,
  "error_stats": {
    "mean": 6.586311357414942e-18,
    "median": 0.0,
    "p95": 5.551115123125783e-17,
    "p99": 1.1102230246251565e-16,
    "max": 1.1102230246251565e-16
  },
  "containment_rate": 0.0,
  "mean_width": 9.342488745305073e-07
}