{
  "function": "tanh",
  "backend": "jax_adaptive",
  "samples": 2000,
  "seed": 1,
  "error_stats": {
    "mean": 2.3137184420977955e-13,
    "median": 2.2659651932599445e-13,
    "p95": 3.823608096809039e-13,
    "p99": 3.8480330033507926e-13,
    "max": 3.8491432263754177e-13
  },
  "containment_rate": 0.0,
  "mean_width": 9.342493366599682e-07
}