{
  "function": "cos",
  "backend": "jax_rigorous",
  "samples": 80,
  "seed": 0,
  "error_stats": {
    "mean": 3.150472016513056e-13,
    "median": 3.518296765037121e-13,
    "p95": 4.979350265443827e-13,
    "p99": 4.995182045774982e-13,
    "max": 5.000444502911705e-13
  },
  "containment_rate": 0.0,
  "mean_width": 1.2941496569784894e-06
}