{
  "function": "log",
  "backend": "jax_basic",
  "samples": 80,
  "seed": 0,
  "error_stats": {
    "mean": 4.0592529337857284e-17,
    "median": 0.0,
    "p95": 2.3314683517128224e-16,
    "p99": 4.440892098500626e-16,
    "max": 4.440892098500626e-16
  },
  "containment_rate": 0.0,
  "mean_width": 2.4550704164214703e-06
}