{
  "function": "log",
  "backend": "jax_adaptive",
  "samples": 80,
  "seed": 0,
  "error_stats": {
    "mean": 2.0126714531110147e-12,
    "median": 1.6753265441593612e-13,
    "p95": 1.0795142557640234e-11,
    "p99": 2.5734194775139907e-11,
    "max": 3.0107472070994845e-11
  },
  "containment_rate": 0.0,
  "mean_width": 2.4550744410739565e-06
}