{
  "function": "sinh",
  "backend": "jax_rigorous",
  "samples": 80,
  "seed": 0,
  "error_stats": {
    "mean": 7.151991780925126e-13,
    "median": 6.864508961257343e-13,
    "p95": 1.6041612482808887e-12,
    "p99": 1.7149126563253955e-12,
    "max": 1.744382416291046e-12
  },
  "containment_rate": 0.0,
  "mean_width": 3.715034160559484e-06
}