{
  "function": "besseli",
  "backend": "jax_rigorous",
  "samples": 5000,
  "seed": 0,
  "error_stats": {
    "mean": 9.53226871331578e-13,
    "median": 2.0616841567289157e-13,
    "p95": 2.2208013206181944e-12,
    "p99": 4.810516429643033e-12,
    "max": 1.4219653926561548e-09
  },
  "containment_rate": 0.0,
  "mean_width": 8.01359289798149e-06
}