{
  "function": "besselk",
  "backend": "jax_adaptive",
  "samples": 5000,
  "seed": 0,
  "error_stats": {
    "mean": 0.00022296061253144125,
    "median": 1.84297022087776e-11,
    "p95": 1.193700652990517e-07,
    "p99": 1.976263869437389e-05,
    "max": 1.049564171122256
  },
  "containment_rate": 0.0094,
  "mean_width": 0.7787649243300307
}