{
  "function": "sin",
  "backend": "jax_adaptive",
  "samples": 200,
  "seed": 0,
  "error_stats": {
    "mean": 3.3247093446375776e-13,
    "median": 3.656519531602953e-13,
    "p95": 4.983846668693559e-13,
    "p99": 4.997124936068076e-13,
    "max": 5.000444502911705e-13
  },
  "containment_rate": 0.0,
  "mean_width": 1.2413461642399823e-06
}