{
  "function": "exp",
  "backend": "jax_baseline",
  "samples": 20,
  "seed": 0,
  "error_stats": {
    "mean": 5.689893001203927e-17,
    "median": 0.0,
    "p95": 1.4988010832439669e-16,
    "p99": 7.405187574249784e-16,
    "max": 8.881784197001252e-16
  },
  "containment_rate": 0.0,
  "mean_width": 4.338043855045548e-06
}