{
  "function": "besselj",
  "backend": "jax_adaptive",
  "samples": 360,
  "seed": 0,
  "error_stats": {
    "mean": 8.712303191147604e-14,
    "median": 5.906386491005833e-14,
    "p95": 2.0102808306887713e-13,
    "p99": 3.077171850662813e-13,
    "max": 3.172073714807766e-12
  },
  "containment_rate": 0.0,
  "mean_width": 6.792543911590421e-07
}