{
  "function": "besselj",
  "backend": "jax_rigorous",
  "samples": 360,
  "seed": 0,
  "error_stats": {
    "mean": 1.2154442313547056e-13,
    "median": 7.262246359829305e-14,
    "p95": 3.587213859290728e-13,
    "p99": 4.89809581782908e-13,
    "max": 2.329136883361116e-12
  },
  "containment_rate": 0.0,
  "mean_width": 6.792540377795549e-07
}