{
  "function": "besselj",
  "backend": "jax_basic",
  "samples": 360,
  "seed": 0,
  "error_stats": {
    "mean": 8.7110222630879e-14,
    "median": 5.90361093344427e-14,
    "p95": 2.0102808306887713e-13,
    "p99": 3.077171850662813e-13,
    "max": 3.1720182036565348e-12
  },
  "containment_rate": 1.0,
  "mean_width": 4.183740873045125e-16
}