{
  "function": "bessely",
  "backend": "jax_basic",
  "samples": 360,
  "seed": 0,
  "error_stats": {
    "mean": 1.707097076787437e-08,
    "median": 3.041997209685121e-12,
    "p95": 7.865683926411294e-09,
    "p99": 4.5529659701060935e-07,
    "max": 1.813345274825906e-06
  },
  "containment_rate": 1.0,
  "mean_width": 9.249405832294993e-14
}