{
  "function": "besseli",
  "backend": "jax_adaptive",
  "samples": 360,
  "seed": 0,
  "error_stats": {
    "mean": 1.2587463782063152e-12,
    "median": 4.924671781481038e-13,
    "p95": 5.177103190590061e-12,
    "p99": 8.425793396327223e-12,
    "max": 1.0022205287896213e-11
  },
  "containment_rate": 0.0,
  "mean_width": 7.239014418441309e-06
}