{
  "function": "besseli",
  "backend": "jax_rigorous",
  "samples": 360,
  "seed": 0,
  "error_stats": {
    "mean": 4.4328417486196145e-13,
    "median": 2.0655699373151037e-13,
    "p95": 1.876010458090605e-12,
    "p99": 3.087912148203035e-12,
    "max": 6.294020860053706e-12
  },
  "containment_rate": 0.0,
  "mean_width": 7.2390122084938396e-06
}