{
  "function": "besselk",
  "backend": "jax_adaptive",
  "samples": 360,
  "seed": 0,
  "error_stats": {
    "mean": 0.000445752542890931,
    "median": 2.4363178141584285e-11,
    "p95": 1.1047162793431666e-07,
    "p99": 2.22429619498151e-06,
    "max": 0.16043108463395583
  },
  "containment_rate": 0.005555555555555556,
  "mean_width": 0.10191380102061529
}