{
  "function": "bessely",
  "backend": "jax_adaptive",
  "samples": 360,
  "seed": 0,
  "error_stats": {
    "mean": 1.707097067573646e-08,
    "median": 3.041997209685121e-12,
    "p95": 7.865737927659212e-09,
    "p99": 4.5529659701060935e-07,
    "max": 1.813345274825906e-06
  },
  "containment_rate": 0.0,
  "mean_width": 0.0016923520191088664
}