{
  "function": "besseli",
  "backend": "jax_basic",
  "samples": 360,
  "seed": 0,
  "error_stats": {
    "mean": 1.2587655554932196e-12,
    "median": 4.924394225724882e-13,
    "p95": 5.1788795474294615e-12,
    "p99": 8.422240682648422e-12,
    "max": 1.0018652574217413e-11
  },
  "containment_rate": 1.0,
  "mean_width": 4.303689797032346e-15
}