{
  "function": "besselk",
  "backend": "jax_rigorous",
  "samples": 360,
  "seed": 0,
  "error_stats": {
    "mean": 0.00022052965621591834,
    "median": 1.2181811115397068e-11,
    "p95": 5.5233411799804406e-08,
    "p99": 1.1121425495730743e-06,
    "max": 0.07937076101256935
  },
  "containment_rate": 0.0,
  "mean_width": 0.10146335524723667
}