{
  "function": "besselk",
  "backend": "jax_basic",
  "samples": 360,
  "seed": 0,
  "error_stats": {
    "mean": 0.0004457525429203426,
    "median": 2.4362734052374435e-11,
    "p95": 1.1047162793431666e-07,
    "p99": 2.2242947034101994e-06,
    "max": 0.16043108463395583
  },
  "containment_rate": 1.0,
  "mean_width": 6.616270513712694e-13
}