{
  "function": "CubesselK",
  "backend": "jax_basic",
  "samples": 360,
  "seed": 0,
  "error_stats": {
    "mean": 8.935850557536973e-06,
    "median": 1.869276955446253e-11,
    "p95": 1.2057217873007185e-07,
    "p99": 6.817261746619078e-05,
    "max": 0.0027868100441992283
  },
  "containment_rate": 1.0,
  "mean_width": 1.0102579233242648e-11
}