{
  "function": "CubesselK",
  "backend": "jax_adaptive",
  "samples": 360,
  "seed": 0,
  "error_stats": {
    "mean": 8.935849023424321e-06,
    "median": 1.8692797310038145e-11,
    "p95": 1.2057217873007185e-07,
    "p99": 6.81726088805608e-05,
    "max": 0.002786809578537941
  },
  "containment_rate": 0.008333333333333333,
  "mean_width": 0.8670117419850983
}