{
  "function": "erf",
  "backend": "jax_adaptive",
  "samples": 360,
  "seed": 0,
  "error_stats": {
    "mean": 0.14284882808603697,
    "median": 0.055945945499557115,
    "p95": 0.5942042579945095,
    "p99": 0.7167976455149279,
    "max": 0.7428384609347232
  },
  "containment_rate": 0.0,
  "mean_width": 1.0545220036218612e-06
}