{
  "function": "erfc",
  "backend": "jax_rigorous",
  "samples": 360,
  "seed": 0,
  "error_stats": {
    "mean": 0.18660050425500616,
    "median": 0.06482972563747602,
    "p95": 0.6706173330516755,
    "p99": 0.7334669375473608,
    "max": 0.7411371201871857
  },
  "containment_rate": 0.0,
  "mean_width": 9.412006967170302e-07
}