{
  "function": "gamma",
  "backend": "jax_basic",
  "samples": 360,
  "seed": 0,
  "error_stats": {
    "mean": 8.15705527814872e-16,
    "median": 6.661338147750939e-16,
    "p95": 2.220446049250313e-15,
    "p99": 3.290701044988975e-15,
    "max": 5.329070518200751e-15
  },
  "containment_rate": 0.08611111111111111,
  "mean_width": 6.699364556688366e-06
}