{
  "function": "gamma",
  "backend": "jax_rigorous",
  "samples": 360,
  "seed": 0,
  "error_stats": {
    "mean": 1.7685641839904066e-11,
    "median": 7.020495296217177e-13,
    "p95": 4.912170670223761e-11,
    "p99": 4.2957866597248696e-10,
    "max": 9.736229600321167e-10
  },
  "containment_rate": 0.0,
  "mean_width": 6.6994352996587985e-06
}