{
  "function": "besseli",
  "backend": "jax_adaptive",
  "samples": 40,
  "seed": 0,
  "error_stats": {
    "mean": 2.117301173398998e-12,
    "median": 8.453238109495942e-13,
    "p95": 5.977085493213961e-12,
    "p99": 7.426290693501868e-12,
    "max": 7.968736781549524e-12
  },
  "containment_rate": 0.0,
  "mean_width": 1.2400590443310331e-05
}