{
  "function": "bessely",
  "backend": "jax_rigorous",
  "samples": 40,
  "seed": 0,
  "error_stats": {
    "mean": 9.663870486828486e-10,
    "median": 4.0858982863767324e-13,
    "p95": 1.0584535470314631e-09,
    "p99": 2.0286769171207187e-08,
    "max": 2.6770223371386237e-08
  },
  "containment_rate": 0.0,
  "mean_width": 0.00025129201330710246
}