{
  "function": "besselk",
  "backend": "jax_rigorous",
  "samples": 40,
  "seed": 0,
  "error_stats": {
    "mean": 1.1745910615174916e-08,
    "median": 7.42572670020536e-13,
    "p95": 2.37170290517948e-08,
    "p99": 2.3598761799803462e-07,
    "max": 2.908009264501743e-07
  },
  "containment_rate": 0.0,
  "mean_width": 0.003550731541905887
}