{
  "function": "besseli",
  "backend": "jax_basic",
  "samples": 40,
  "seed": 0,
  "error_stats": {
    "mean": 2.1175317181489557e-12,
    "median": 8.452127886471317e-13,
    "p95": 5.978861850053361e-12,
    "p99": 7.426983472669234e-12,
    "max": 7.968736781549524e-12
  },
  "containment_rate": 1.0,
  "mean_width": 7.548147126933591e-15
}