{
  "function": "bessely",
  "backend": "jax_adaptive",
  "samples": 40,
  "seed": 0,
  "error_stats": {
    "mean": 1.9328110525268506e-09,
    "median": 8.379685834114525e-13,
    "p95": 2.1168514496849325e-09,
    "p99": 4.0574682174110404e-08,
    "max": 5.354330312457023e-08
  },
  "containment_rate": 0.0,
  "mean_width": 0.0002512939461564955
}