{
  "function": "besselk",
  "backend": "jax_basic",
  "samples": 40,
  "seed": 0,
  "error_stats": {
    "mean": 2.3492652708660516e-08,
    "median": 1.4880041643294817e-12,
    "p95": 4.7435331396172083e-08,
    "p99": 4.7199122946039993e-07,
    "max": 5.816173143102787e-07
  },
  "containment_rate": 1.0,
  "mean_width": 2.4332107509406063e-13
}