{
  "function": "besselj",
  "backend": "jax_adaptive",
  "samples": 40,
  "seed": 0,
  "error_stats": {
    "mean": 8.756062501712745e-14,
    "median": 4.5911299935419425e-14,
    "p95": 2.447597680088617e-13,
    "p99": 4.41250369576096e-13,
    "max": 4.959366251000574e-13
  },
  "containment_rate": 0.0,
  "mean_width": 7.093975074827407e-07
}