{
  "function": "besselj",
  "backend": "jax_basic",
  "samples": 40,
  "seed": 0,
  "error_stats": {
    "mean": 8.757707727687514e-14,
    "median": 4.591834724954058e-14,
    "p95": 2.447597680088617e-13,
    "p99": 4.41250369576096e-13,
    "max": 4.959366251000574e-13
  },
  "containment_rate": 1.0,
  "mean_width": 4.582529559808701e-16
}