{
  "function": "besselj",
  "backend": "jax_rigorous",
  "samples": 40,
  "seed": 0,
  "error_stats": {
    "mean": 1.171382850540339e-13,
    "median": 6.803585472781037e-14,
    "p95": 3.8920533462771786e-13,
    "p99": 4.684952426003974e-13,
    "max": 4.85944617878431e-13
  },
  "containment_rate": 0.0,
  "mean_width": 7.09397177131136e-07
}