{
  "function": "bessely",
  "backend": "jax_basic",
  "samples": 40,
  "seed": 0,
  "error_stats": {
    "mean": 1.9328125351516374e-09,
    "median": 8.379685834114525e-13,
    "p95": 2.116853869971126e-09,
    "p99": 4.057470434304376e-08,
    "max": 5.354330312457023e-08
  },
  "containment_rate": 1.0,
  "mean_width": 2.2173929359325938e-14
}