{
  "function": "CubesselK",
  "backend": "jax_adaptive",
  "samples": 40,
  "seed": 0,
  "error_stats": {
    "mean": 7.013594139706775e-08,
    "median": 8.469003276445619e-12,
    "p95": 1.2078727849029746e-07,
    "p99": 1.5720669662755413e-06,
    "max": 2.4992878024931997e-06
  },
  "containment_rate": 0.05,
  "mean_width": 0.01132518673442794
}