{
  "function": "gamma",
  "backend": "jax_basic",
  "samples": 40,
  "seed": 0,
  "error_stats": {
    "mean": 6.800116025829084e-16,
    "median": 4.440892098500626e-16,
    "p95": 2.0095036745715327e-15,
    "p99": 2.491340467258851e-15,
    "max": 2.6645352591003757e-15
  },
  "containment_rate": 0.1,
  "mean_width": 5.890250556958576e-06
}