operation,implementation,cold_time_s,warm_time_s,recompile_time_s
acb_mat_solve,direct,0.2243020329999581,1.906866668832663e-05,1.79879998540855e-05
acb_mat_solve,routed,0.17400857300003736,1.9810333318067325e-05,1.2638000043807551e-05
arb_mat_solve,direct,0.40790356200000133,1.7643666675818775e-05,1.6739000102461432e-05
arb_mat_solve,routed,0.16752474000008988,1.2265999960921667e-05,1.1239999821555102e-05
besselk,direct_cuda_besselk,0.10293881400002647,2.3522999981651083e-05,1.0867000128200743e-05
besselk,routed_cuda_besselk,0.5387094999998681,2.1266666711502086e-05,1.0174999943046714e-05
incomplete_gamma_upper,direct,0.1378709529999469,1.8217333339028603e-05,1.3548999959311914e-05
incomplete_gamma_upper,routed,0.12040951700009828,1.8136333286141355e-05,1.3373999991017627e-05
