compile_ms,device_memory_delta_mb,diagnostics_enabled,hlo,hlo_error,jaxpr,jaxpr_error,name,peak_rss_delta_mb,recompile_new_shape_ms,steady_ms_median,steady_ms_p95
116.40301700003874,,False,,,,,arb_dense_matvec_cached_apply,0.0,113.60466299998961,0.2919319999818981,0.2919319999818981
167.58938599997464,,False,,,,,acb_dense_matvec_cached_apply,0.0,169.8082269999759,0.22653100000979975,0.22653100000979975
37.71794800002226,,False,,,,,srb_sparse_matvec_point,0.0,33.93379900001037,0.04692800001748765,0.04692800001748765
49.878642999999556,,False,,,,,jrb_operator_apply_point,0.0,57.41051699999389,0.05987699995557705,0.05987699995557705
359.3425259999776,,False,,,,,jrb_logdet_slq_point,0.0,217.2578960000351,0.1948309999875164,0.1948309999875164
60.549553999976524,,False,,,,,jcb_operator_apply_point,0.0,63.342174000013074,0.042201999974622595,0.042201999974622595
363.47444099999393,,False,,,,,jcb_logdet_slq_point,0.0,297.591892000014,0.2473650000069938,0.2473650000069938
262.77275099999997,,False,,,,,jcb_sparse_logdet_slq_point,0.0,0.11553899997807093,0.13427000004639922,0.13427000004639922
