operation,implementation,cold_time_s,warm_time_s,recompile_time_s
acb_mat_solve,direct,0.20616050699999278,1.0399666678040376e-05,1.039400001445756e-05
acb_mat_solve,routed,0.14444265700001324,1.2916999992285128e-05,1.1233999998694344e-05
arb_mat_solve,direct,0.4128530529999921,1.3717333331442205e-05,1.2744000002840039e-05
arb_mat_solve,routed,0.1180873970000107,1.1968333334759032e-05,9.525999985271483e-06
besselk,direct_cuda_besselk,0.14919766699995307,8.768333335259134e-06,8.554000032745535e-06
besselk,routed_cuda_besselk,0.3584168810000392,9.777000002486602e-06,1.050800000257368e-05
incomplete_gamma_upper,direct,0.1503233820000105,1.9013000004027465e-05,2.0815000027596398e-05
incomplete_gamma_upper,routed,0.0984886260000053,1.4688666662247366e-05,1.1749999998755811e-05
