{
  "function": "besselj",
  "backend": "jax_basic",
  "samples": 40,
  "seed": 0,
  "error_stats": {
    "mean": 7.561648916286724e-14,
    "median": 4.18554080283684e-14,
    "p95": 2.006228516648888e-13,
    "p99": 3.5786151819650047e-13,
    "max": 4.3809400551708677e-13
  },
  "containment_rate": 1.0,
  "mean_width": 4.023693431868809e-16
}