{
  "function": "besseli",
  "backend": "jax_basic",
  "samples": 40,
  "seed": 0,
  "error_stats": {
    "mean": 1.1079847770616102e-09,
    "median": 5.723199691942682e-13,
    "p95": 3.547206972598355e-12,
    "p99": 2.7012988467779694e-08,
    "max": 4.428026458350165e-08
  },
  "containment_rate": 1.0,
  "mean_width": 2.956353822221526e-15
}