{
  "function": "bessely",
  "backend": "jax_basic",
  "samples": 40,
  "seed": 0,
  "error_stats": {
    "mean": 3.562838532757909e-07,
    "median": 1.4443890528070824e-11,
    "p95": 1.549730490602029e-08,
    "p99": 8.675600565881672e-06,
    "max": 1.4209001321319192e-05
  },
  "containment_rate": 1.0,
  "mean_width": 3.025982242554903e-14
}