{
  "function": "besselk",
  "backend": "jax_basic",
  "samples": 40,
  "seed": 0,
  "error_stats": {
    "mean": 0.004080157327887303,
    "median": 9.378497978218547e-12,
    "p95": 8.687855370226013e-07,
    "p99": 0.09955303003993313,
    "max": 0.16319465880587813
  },
  "containment_rate": 1.0,
  "mean_width": 2.0348889240295877e-12
}