{
  "function": "besseli",
  "backend": "jax_adaptive",
  "samples": 40,
  "seed": 0,
  "error_stats": {
    "mean": 1.1079847663066635e-09,
    "median": 5.724032359211151e-13,
    "p95": 3.547118154756385e-12,
    "p99": 2.701298777500053e-08,
    "max": 4.428026458350165e-08
  },
  "containment_rate": 0.0,
  "mean_width": 7.721479903859422e-06
}