{
  "function": "bessely",
  "backend": "jax_rigorous",
  "samples": 40,
  "seed": 0,
  "error_stats": {
    "mean": 1.780730897289577e-07,
    "median": 7.221445663674331e-12,
    "p95": 7.748814701002962e-09,
    "p99": 4.3361206892189545e-06,
    "max": 7.101747570459338e-06
  },
  "containment_rate": 0.0,
  "mean_width": 0.002065972322584391
}