{
  "function": "bessely",
  "backend": "jax_adaptive",
  "samples": 40,
  "seed": 0,
  "error_stats": {
    "mean": 3.562838520656912e-07,
    "median": 1.4444001550373287e-11,
    "p95": 1.549725090477237e-08,
    "p99": 8.675600574550294e-06,
    "max": 1.4209001335530047e-05
  },
  "containment_rate": 0.0,
  "mean_width": 0.0020663287441092812
}