{
  "function": "cos",
  "backend": "jax_rigorous",
  "samples": 40,
  "seed": 0,
  "error_stats": {
    "mean": 3.2725200587585546e-13,
    "median": 3.7247982476174e-13,
    "p95": 4.859612712238004e-13,
    "p99": 4.97143437527825e-13,
    "max": 5.000444502911705e-13
  },
  "containment_rate": 0.0,
  "mean_width": 1.3003219445193066e-06
}