{
  "function": "CubesselK",
  "backend": "jax_rigorous",
  "samples": 40,
  "seed": 0,
  "error_stats": {
    "mean": 3.417855103354361e-08,
    "median": 2.546229893596319e-11,
    "p95": 4.3187796450182484e-08,
    "p99": 6.959603615541708e-07,
    "max": 8.600072760600597e-07
  },
  "containment_rate": 0.0,
  "mean_width": 0.015066799490089374
}