{
  "function": "CubesselK",
  "backend": "jax_basic",
  "samples": 40,
  "seed": 0,
  "error_stats": {
    "mean": 6.835585569546152e-08,
    "median": 5.091571608772938e-11,
    "p95": 8.637668003075068e-08,
    "p99": 1.391886098645045e-06,
    "max": 1.7199490685015917e-06
  },
  "containment_rate": 1.0,
  "mean_width": 4.846931016266875e-13
}