{
  "function": "CubesselK",
  "backend": "jax_adaptive",
  "samples": 40,
  "seed": 0,
  "error_stats": {
    "mean": 6.835590180666664e-08,
    "median": 5.091571608772938e-11,
    "p95": 8.637668003075068e-08,
    "p99": 1.391887208228581e-06,
    "max": 1.7199508874909952e-06
  },
  "containment_rate": 0.0,
  "mean_width": 0.015066867844837762
}