{
  "function": "erfc",
  "backend": "jax_rigorous",
  "samples": 40,
  "seed": 0,
  "error_stats": {
    "mean": 0.2608351455695592,
    "median": 0.1795098294028317,
    "p95": 0.6690969207758963,
    "p99": 0.6837848409851598,
    "max": 0.6859217045541561
  },
  "containment_rate": 0.0,
  "mean_width": 7.40824213438197e-07
}