{
  "function": "exp",
  "backend": "jax_basic",
  "samples": 40,
  "seed": 0,
  "error_stats": {
    "mean": 1.40165656858926e-16,
    "median": 0.0,
    "p95": 4.662936703425645e-16,
    "p99": 8.881784197001252e-16,
    "max": 8.881784197001252e-16
  },
  "containment_rate": 0.0,
  "mean_width": 3.729682257588851e-06
}