{
  "function": "gamma",
  "backend": "jax_rigorous",
  "samples": 40,
  "seed": 0,
  "error_stats": {
    "mean": 1.6616280573700237e-11,
    "median": 7.547296121401814e-13,
    "p95": 8.05768785028245e-12,
    "p99": 3.737868858877388e-10,
    "max": 5.990239415609722e-10
  },
  "containment_rate": 0.0,
  "mean_width": 5.634269869125852e-06
}