{
  "function": "gamma",
  "backend": "jax_basic",
  "samples": 40,
  "seed": 0,
  "error_stats": {
    "mean": 9.270362255620057e-16,
    "median": 8.881784197001252e-16,
    "p95": 2.0206059048177836e-15,
    "p99": 2.7133850721838823e-15,
    "max": 2.886579864025407e-15
  },
  "containment_rate": 0.025,
  "mean_width": 5.6342034017414775e-06
}