{
  "function": "log",
  "backend": "jax_basic",
  "samples": 40,
  "seed": 0,
  "error_stats": {
    "mean": 7.45931094670027e-18,
    "median": 0.0,
    "p95": 5.551115123125783e-17,
    "p99": 8.937295348232507e-17,
    "max": 1.1102230246251565e-16
  },
  "containment_rate": 0.0,
  "mean_width": 1.6615794632433844e-06
}