{
  "function": "sin",
  "backend": "jax_rigorous",
  "samples": 40,
  "seed": 0,
  "error_stats": {
    "mean": 3.553450936277791e-13,
    "median": 4.294897770762418e-13,
    "p95": 4.982292356459083e-13,
    "p99": 4.998712554993289e-13,
    "max": 5.000444502911705e-13
  },
  "containment_rate": 0.0,
  "mean_width": 1.0877088694172949e-06
}