{
  "function": "sinh",
  "backend": "jax_adaptive",
  "samples": 40,
  "seed": 0,
  "error_stats": {
    "mean": 7.511715208186054e-13,
    "median": 5.263567359747867e-13,
    "p95": 1.6978418670987591e-12,
    "p99": 1.7926149453728613e-12,
    "max": 1.7927881401647028e-12
  },
  "containment_rate": 0.0,
  "mean_width": 3.834968159644251e-06
}