{
  "function": "sqrt",
  "backend": "jax_basic",
  "samples": 40,
  "seed": 0,
  "error_stats": {
    "mean": 1.582067810090848e-16,
    "median": 2.220446049250313e-16,
    "p95": 4.440892098500626e-16,
    "p99": 4.440892098500626e-16,
    "max": 4.440892098500626e-16
  },
  "containment_rate": 0.0,
  "mean_width": 9.3167727295701e-07
}