{
  "function": "sqrt",
  "backend": "jax_adaptive",
  "samples": 40,
  "seed": 0,
  "error_stats": {
    "mean": 2.898473128176704e-13,
    "median": 4.807265696626928e-14,
    "p95": 8.106793014661633e-13,
    "p99": 3.967056128040267e-12,
    "max": 5.383637979861078e-12
  },
  "containment_rate": 0.0,
  "mean_width": 9.31677851401247e-07
}