{
  "function": "tan",
  "backend": "jax_rigorous",
  "samples": 40,
  "seed": 0,
  "error_stats": {
    "mean": 1.0251278558665033e-12,
    "median": 5.876132913584797e-13,
    "p95": 2.8575253274709646e-12,
    "p99": 4.545956944213002e-12,
    "max": 5.169198402654729e-12
  },
  "containment_rate": 0.0,
  "mean_width": 2.93773222890298e-06
}