{
  "function": "tanh",
  "backend": "jax_basic",
  "samples": 40,
  "seed": 0,
  "error_stats": {
    "mean": 1.491862189340054e-17,
    "median": 0.0,
    "p95": 1.1102230246251565e-16,
    "p99": 1.448841047135829e-16,
    "max": 1.6653345369377348e-16
  },
  "containment_rate": 0.0,
  "mean_width": 9.316693313454056e-07
}