{
  "function": "tanh",
  "backend": "jax_rigorous",
  "samples": 40,
  "seed": 0,
  "error_stats": {
    "mean": 2.4297369671799627e-13,
    "median": 2.4452662117369073e-13,
    "p95": 3.8318792583424963e-13,
    "p99": 3.846112317518191e-13,
    "max": 3.8491432263754177e-13
  },
  "containment_rate": 0.0,
  "mean_width": 9.316703026465701e-07
}