{
  "function": "besselk",
  "backend": "jax_rigorous",
  "samples": 40,
  "seed": 0,
  "error_stats": {
    "mean": 3.506758210873335e-08,
    "median": 4.234668171676503e-12,
    "p95": 6.039291093884458e-08,
    "p99": 7.860250897806502e-07,
    "max": 1.249631168320775e-06
  },
  "containment_rate": 0.0,
  "mean_width": 0.011325116597665118
}