{
  "function": "besseli",
  "backend": "jax_basic",
  "samples": 40,
  "seed": 0,
  "error_stats": {
    "mean": 1.839710707314838e-12,
    "median": 5.293543381412746e-13,
    "p95": 8.339107182564473e-12,
    "p99": 9.500062958522903e-12,
    "max": 9.670486633694964e-12
  },
  "containment_rate": 1.0,
  "mean_width": 7.0156638456970274e-15
}