{
  "function": "besselj",
  "backend": "jax_basic",
  "samples": 40,
  "seed": 0,
  "error_stats": {
    "mean": 6.32622602849027e-14,
    "median": 4.804490139065365e-14,
    "p95": 1.5986656443089937e-13,
    "p99": 1.8354928688069093e-13,
    "max": 1.872946242542639e-13
  },
  "containment_rate": 1.0,
  "mean_width": 3.5364235411589063e-16
}