{
  "function": "besselj",
  "backend": "jax_rigorous",
  "samples": 40,
  "seed": 0,
  "error_stats": {
    "mean": 8.63257341586661e-14,
    "median": 4.286848653833886e-14,
    "p95": 3.434336148799843e-13,
    "p99": 4.503636352737316e-13,
    "max": 5.114797474448096e-13
  },
  "containment_rate": 0.0,
  "mean_width": 6.754260832985985e-07
}