{
  "function": "besseli",
  "backend": "jax_adaptive",
  "samples": 40,
  "seed": 0,
  "error_stats": {
    "mean": 1.8396813091676375e-12,
    "median": 5.294653604437372e-13,
    "p95": 8.339107182564473e-12,
    "p99": 9.500062958522903e-12,
    "max": 9.670486633694964e-12
  },
  "containment_rate": 0.0,
  "mean_width": 1.0368212031972525e-05
}