{
  "function": "bessely",
  "backend": "jax_rigorous",
  "samples": 40,
  "seed": 0,
  "error_stats": {
    "mean": 3.8088534895508454e-10,
    "median": 9.976741655037813e-13,
    "p95": 1.1901106766742942e-09,
    "p99": 6.612016498763746e-09,
    "max": 1.0072142231365433e-08
  },
  "containment_rate": 0.0,
  "mean_width": 0.00017602447334810338
}