{
  "function": "besselj",
  "backend": "jax_adaptive",
  "samples": 40,
  "seed": 0,
  "error_stats": {
    "mean": 6.324739587311792e-14,
    "median": 4.804490139065365e-14,
    "p95": 1.5981105327966811e-13,
    "p99": 1.8352763753171075e-13,
    "max": 1.872946242542639e-13
  },
  "containment_rate": 0.0,
  "mean_width": 6.754263753066016e-07
}