{
  "function": "CubesselK",
  "backend": "jax_rigorous",
  "samples": 40,
  "seed": 0,
  "error_stats": {
    "mean": 4.1027627023656425e-07,
    "median": 2.4703017409422046e-12,
    "p95": 4.870459338057584e-08,
    "p99": 9.86327415375853e-06,
    "max": 1.579991658218205e-05
  },
  "containment_rate": 0.025,
  "mean_width": 0.10067865053757394
}