{
  "function": "CubesselK",
  "backend": "jax_adaptive",
  "samples": 40,
  "seed": 0,
  "error_stats": {
    "mean": 8.205607654135187e-07,
    "median": 4.939215703103628e-12,
    "p95": 9.74140273946013e-08,
    "p99": 1.972674216631274e-05,
    "max": 3.1600138754583895e-05
  },
  "containment_rate": 0.05,
  "mean_width": 0.10067947110620239
}