{
  "function": "CubesselK",
  "backend": "jax_basic",
  "samples": 40,
  "seed": 0,
  "error_stats": {
    "mean": 8.205611402150973e-07,
    "median": 4.939215703103628e-12,
    "p95": 9.741405013196886e-08,
    "p99": 1.97267512203325e-05,
    "max": 3.1600153306499124e-05
  },
  "containment_rate": 1.0,
  "mean_width": 1.5593951911002657e-12
}