{
  "function": "bessely",
  "backend": "jax_adaptive",
  "samples": 5000,
  "seed": 0,
  "error_stats": {
    "mean": 6.571507494434208e-05,
    "median": 4.575007039875345e-12,
    "p95": 3.381020352577558e-08,
    "p99": 9.57910160650501e-06,
    "max": 0.2951504435161496
  },
  "containment_rate": 0.0004,
  "mean_width": 0.4808114833206835
}