{
  "function": "besselk",
  "backend": "jax_adaptive",
  "samples": 5000,
  "seed": 0,
  "error_stats": {
    "mean": 2.8409584331502098e-05,
    "median": 1.7535972673954348e-11,
    "p95": 1.1188473081347223e-07,
    "p99": 2.935872222678883e-05,
    "max": 0.049138572067022324
  },
  "containment_rate": 0.007,
  "mean_width": 1.4296626895533742
}