{
  "function": "besselk",
  "backend": "jax_basic",
  "samples": 5000,
  "seed": 0,
  "error_stats": {
    "mean": 2.8409583842901442e-05,
    "median": 1.7536416763164198e-11,
    "p95": 1.1188473081347223e-07,
    "p99": 2.93587222279257e-05,
    "max": 0.049138572067022324
  },
  "containment_rate": 1.0,
  "mean_width": 2.9179727458611415e-11
}