{
  "function": "sqrt",
  "backend": "jax_rigorous",
  "samples": 2000,
  "seed": 0,
  "error_stats": {
    "mean": 6.662850826621991e-13,
    "median": 4.285460875053104e-14,
    "p95": 1.2293360773796278e-12,
    "p99": 1.0137791994768718e-11,
    "max": 1.0338666034392929e-10
  },
  "containment_rate": 0.0,
  "mean_width": 9.56859060336615e-07
}