{
  "function": "besselj",
  "backend": "jax_adaptive",
  "samples": 180,
  "seed": 1,
  "error_stats": {
    "mean": 8.589909509373505e-14,
    "median": 5.196277436114727e-14,
    "p95": 2.637223772694596e-13,
    "p99": 5.028100158455121e-13,
    "max": 7.770450949351471e-13
  },
  "containment_rate": 0.0,
  "mean_width": 7.293657587619333e-07
}