{
  "function": "besselk",
  "backend": "jax_adaptive",
  "samples": 180,
  "seed": 1,
  "error_stats": {
    "mean": 5.190870919882429e-07,
    "median": 1.4810153103894663e-11,
    "p95": 9.809090357748526e-08,
    "p99": 1.576881682808574e-05,
    "max": 4.3342733988538384e-05
  },
  "containment_rate": 0.011111111111111112,
  "mean_width": 0.04917563669439946
}