{
  "function": "bessely",
  "backend": "jax_rigorous",
  "samples": 180,
  "seed": 1,
  "error_stats": {
    "mean": 4.5733529775373414e-08,
    "median": 1.93345339738471e-12,
    "p95": 2.930410403223314e-09,
    "p99": 9.28592936588759e-07,
    "max": 4.891931894235313e-06
  },
  "containment_rate": 0.0,
  "mean_width": 0.014281435177146291
}