{
  "function": "besseli",
  "backend": "jax_basic",
  "samples": 180,
  "seed": 1,
  "error_stats": {
    "mean": 7.167779481140546e-12,
    "median": 5.248579348915428e-13,
    "p95": 5.350742071641429e-12,
    "p99": 7.801155277320507e-12,
    "max": 1.0659577248661734e-09
  },
  "containment_rate": 1.0,
  "mean_width": 4.3235304461714855e-15
}