{
  "function": "bessely",
  "backend": "jax_basic",
  "samples": 180,
  "seed": 1,
  "error_stats": {
    "mean": 9.147066477318012e-08,
    "median": 3.8659075940472576e-12,
    "p95": 5.86079522690814e-09,
    "p99": 1.8572927505999858e-06,
    "max": 9.783892892301083e-06
  },
  "containment_rate": 1.0,
  "mean_width": 6.881286628475832e-13
}