{
  "function": "besseli",
  "backend": "jax_adaptive",
  "samples": 180,
  "seed": 1,
  "error_stats": {
    "mean": 7.16780073609828e-12,
    "median": 5.248024237403115e-13,
    "p95": 5.348965714802029e-12,
    "p99": 7.804707990999307e-12,
    "max": 1.0659577109883855e-09
  },
  "containment_rate": 0.0,
  "mean_width": 7.439702367436231e-06
}