{
  "function": "besseli",
  "backend": "jax_rigorous",
  "samples": 180,
  "seed": 1,
  "error_stats": {
    "mean": 3.515087405473794e-12,
    "median": 2.0961010704922955e-13,
    "p95": 1.7736034862991791e-12,
    "p99": 3.782147928177446e-12,
    "max": 5.541230946315423e-10
  },
  "containment_rate": 0.0,
  "mean_width": 7.43969452431147e-06
}