{
  "function": "erf",
  "backend": "jax_rigorous",
  "samples": 180,
  "seed": 1,
  "error_stats": {
    "mean": 0.1784270118951445,
    "median": 0.051597366511243026,
    "p95": 0.6703569430999166,
    "p99": 0.7275134623630057,
    "max": 0.7357088403298401
  },
  "containment_rate": 0.0,
  "mean_width": 9.957546639327421e-07
}