{
  "function": "erfc",
  "backend": "jax_basic",
  "samples": 180,
  "seed": 1,
  "error_stats": {
    "mean": 6.830955554290894e-17,
    "median": 0.0,
    "p95": 2.220446049250313e-16,
    "p99": 4.440892098500626e-16,
    "max": 6.661338147750939e-16
  },
  "containment_rate": 0.0,
  "mean_width": 1.3535223434465078e-06
}