{
  "function": "gamma",
  "backend": "jax_adaptive",
  "samples": 180,
  "seed": 1,
  "error_stats": {
    "mean": 1.0403770437742802e-11,
    "median": 7.212563879477329e-13,
    "p95": 4.7197779018403987e-11,
    "p99": 2.834107704075e-10,
    "max": 4.3572079277964804e-10
  },
  "containment_rate": 0.0,
  "mean_width": 4.8464955656012265e-06
}