{
  "function": "gamma",
  "backend": "jax_basic",
  "samples": 180,
  "seed": 1,
  "error_stats": {
    "mean": 7.857911852069163e-16,
    "median": 6.661338147750939e-16,
    "p95": 2.220446049250313e-15,
    "p99": 3.201883203018955e-15,
    "max": 3.9968028886505635e-15
  },
  "containment_rate": 0.07222222222222222,
  "mean_width": 4.846474758728335e-06
}