bin_left,bin_right,count
3.29675e-20,2.25337e-12,4989
2.25337e-12,4.50675e-12,4
4.50675e-12,6.76012e-12,1
6.76012e-12,9.01349e-12,1
9.01349e-12,1.12669e-11,1
1.12669e-11,1.35202e-11,0
1.35202e-11,1.57736e-11,1
1.57736e-11,1.8027e-11,1
1.8027e-11,2.02804e-11,0
2.02804e-11,2.25337e-11,0
2.25337e-11,2.47871e-11,0
2.47871e-11,2.70405e-11,0
2.70405e-11,2.92938e-11,0
2.92938e-11,3.15472e-11,0
3.15472e-11,3.38006e-11,0
3.38006e-11,3.6054e-11,1
3.6054e-11,3.83073e-11,0
3.83073e-11,4.05607e-11,0
4.05607e-11,4.28141e-11,0
4.28141e-11,4.50675e-11,0
4.50675e-11,4.73208e-11,0
4.73208e-11,4.95742e-11,0
4.95742e-11,5.18276e-11,0
5.18276e-11,5.4081e-11,0
5.4081e-11,5.63343e-11,1