{
  "function": "bessely",
  "backend": "jax_basic",
  "samples": 180,
  "seed": 2,
  "error_stats": {
    "mean": 1.6485127562980254e-06,
    "median": 2.3064883336587627e-12,
    "p95": 3.4992250874665207e-09,
    "p99": 3.3834867281257195e-07,
    "max": 0.0002954878145828843
  },
  "containment_rate": 1.0,
  "mean_width": 5.251075384700895e-12
}