{
  "function": "besselk",
  "backend": "jax_basic",
  "samples": 180,
  "seed": 2,
  "error_stats": {
    "mean": 1.7806330356768112e-07,
    "median": 1.8613999230865375e-11,
    "p95": 1.548673065343559e-08,
    "p99": 1.9466041530336427e-06,
    "max": 2.4744978873059154e-05
  },
  "containment_rate": 1.0,
  "mean_width": 5.872478043967967e-13
}