{
  "function": "besselk",
  "backend": "jax_rigorous",
  "samples": 180,
  "seed": 2,
  "error_stats": {
    "mean": 8.90279570196628e-08,
    "median": 9.306333481617912e-12,
    "p95": 7.743121344105905e-09,
    "p99": 9.731907104537833e-07,
    "max": 1.2372343917377293e-05
  },
  "containment_rate": 0.005555555555555556,
  "mean_width": 0.017397533464232964
}