{
  "function": "bessely",
  "backend": "jax_adaptive",
  "samples": 180,
  "seed": 2,
  "error_stats": {
    "mean": 1.6485127551954255e-06,
    "median": 2.3064883336587627e-12,
    "p95": 3.49922550935127e-09,
    "p99": 3.3834864893833603e-07,
    "max": 0.0002954878145828843
  },
  "containment_rate": 0.0,
  "mean_width": 0.175657995827941
}