{
  "function": "besselk",
  "backend": "jax_adaptive",
  "samples": 180,
  "seed": 2,
  "error_stats": {
    "mean": 1.7806330379323371e-07,
    "median": 1.8613999230865375e-11,
    "p95": 1.5486734028513587e-08,
    "p99": 1.9466041530336427e-06,
    "max": 2.4744978873059154e-05
  },
  "containment_rate": 0.011111111111111112,
  "mean_width": 0.017397711534933673
}