{
  "function": "besselj",
  "backend": "jax_adaptive",
  "samples": 180,
  "seed": 2,
  "error_stats": {
    "mean": 1.4698337369555506e-13,
    "median": 4.7933879088191134e-14,
    "p95": 1.9879931034694204e-13,
    "p99": 5.873102004727641e-13,
    "max": 1.2086248668552457e-11
  },
  "containment_rate": 0.0,
  "mean_width": 7.587220054231835e-07
}