{
  "function": "bessely",
  "backend": "jax_rigorous",
  "samples": 180,
  "seed": 2,
  "error_stats": {
    "mean": 8.242414760438312e-07,
    "median": 1.1528555887707626e-12,
    "p95": 1.749576594711723e-09,
    "p99": 1.691711167950417e-07,
    "max": 0.00014774122973904014
  },
  "containment_rate": 0.0,
  "mean_width": 0.17565634728538204
}