{
  "function": "CubesselK",
  "backend": "jax_adaptive",
  "samples": 180,
  "seed": 2,
  "error_stats": {
    "mean": 5.09728145018194e-08,
    "median": 1.0008660566995786e-11,
    "p95": 2.3557797135253612e-08,
    "p99": 9.217509449399621e-07,
    "max": 5.963662260910496e-06
  },
  "containment_rate": 0.005555555555555556,
  "mean_width": 0.007043466241264357
}