{
  "function": "erf",
  "backend": "jax_basic",
  "samples": 180,
  "seed": 2,
  "error_stats": {
    "mean": 6.314393452555578e-17,
    "median": 2.0816681711721685e-17,
    "p95": 2.220446049250313e-16,
    "p99": 3.4472424914611155e-16,
    "max": 3.885780586188048e-16
  },
  "containment_rate": 0.0,
  "mean_width": 1.2940118632389465e-06
}