{
  "function": "erf",
  "backend": "jax_adaptive",
  "samples": 180,
  "seed": 2,
  "error_stats": {
    "mean": 0.161448325896081,
    "median": 0.06980587866173071,
    "p95": 0.5918381806424995,
    "p99": 0.6997667537328827,
    "max": 0.7402215222684772
  },
  "containment_rate": 0.0,
  "mean_width": 9.781273134463337e-07
}