{
  "function": "erfc",
  "backend": "jax_rigorous",
  "samples": 180,
  "seed": 2,
  "error_stats": {
    "mean": 0.1860298466634132,
    "median": 0.07592703896856151,
    "p95": 0.6664216680043136,
    "p99": 0.7340763205435494,
    "max": 0.7437566895356085
  },
  "containment_rate": 0.0,
  "mean_width": 9.151236813209637e-07
}