{
  "function": "gamma",
  "backend": "jax_adaptive",
  "samples": 180,
  "seed": 2,
  "error_stats": {
    "mean": 1.91256670994338e-11,
    "median": 7.442935157087049e-13,
    "p95": 9.875344986198777e-11,
    "p99": 3.835100237381544e-10,
    "max": 6.210942871121006e-10
  },
  "containment_rate": 0.0,
  "mean_width": 7.5687503101150455e-06
}