{
  "function": "gamma",
  "backend": "jax_basic",
  "samples": 180,
  "seed": 2,
  "error_stats": {
    "mean": 7.043748300677382e-16,
    "median": 4.440892098500626e-16,
    "p95": 1.7763568394002505e-15,
    "p99": 3.739231146937534e-15,
    "max": 4.6629367034256575e-15
  },
  "containment_rate": 0.12777777777777777,
  "mean_width": 7.568712059683211e-06
}