{
  "function": "besseli",
  "backend": "jax_adaptive",
  "samples": 180,
  "seed": 1,
  "error_stats": {
    "mean": 7.167832500433784e-12,
    "median": 5.245803791353865e-13,
    "p95": 5.349498621853849e-12,
    "p99": 7.788614198034342e-12,
    "max": 1.065957822010688e-09
  },
  "containment_rate": 0.0,
  "mean_width": 7.439702367961994e-06
}