{
  "function": "besseli",
  "backend": "jax_basic",
  "samples": 180,
  "seed": 1,
  "error_stats": {
    "mean": 7.167811245476049e-12,
    "median": 5.246081347110021e-13,
    "p95": 5.351274978693249e-12,
    "p99": 7.785061484355542e-12,
    "max": 1.0659578358884758e-09
  },
  "containment_rate": 1.0,
  "mean_width": 4.3235304461714855e-15
}