{
  "function": "besselj",
  "backend": "jax_adaptive",
  "samples": 180,
  "seed": 1,
  "error_stats": {
    "mean": 1.446586960499915e-13,
    "median": 6.616235337375542e-14,
    "p95": 3.2218672174621947e-13,
    "p99": 1.8776862009684016e-12,
    "max": 5.555278459468127e-12
  },
  "containment_rate": 0.0,
  "mean_width": 7.451390022327075e-07
}