{
  "function": "besseli",
  "backend": "jax_rigorous",
  "samples": 180,
  "seed": 1,
  "error_stats": {
    "mean": 3.514949554736804e-12,
    "median": 2.0961010704922955e-13,
    "p95": 1.7734258506152393e-12,
    "p99": 3.779909718559801e-12,
    "max": 5.541231085093301e-10
  },
  "containment_rate": 0.0,
  "mean_width": 7.439694524574351e-06
}