{
  "function": "besselk",
  "backend": "jax_adaptive",
  "samples": 180,
  "seed": 1,
  "error_stats": {
    "mean": 5.19087256904014e-07,
    "median": 1.4810375148499588e-11,
    "p95": 9.809090215639979e-08,
    "p99": 1.5768839808174685e-05,
    "max": 4.3342733988538384e-05
  },
  "containment_rate": 0.016666666666666666,
  "mean_width": 0.04917563669472715
}