{
  "function": "besselj",
  "backend": "jax_rigorous",
  "samples": 180,
  "seed": 1,
  "error_stats": {
    "mean": 1.6918061570803408e-13,
    "median": 7.829847881168917e-14,
    "p95": 4.3955533657324846e-13,
    "p99": 1.7880738556463963e-12,
    "max": 4.0809577939171504e-12
  },
  "containment_rate": 0.0,
  "mean_width": 7.451386028446023e-07
}