{
  "function": "besselk",
  "backend": "jax_basic",
  "samples": 180,
  "seed": 1,
  "error_stats": {
    "mean": 5.190873487548753e-07,
    "median": 1.4810375148499588e-11,
    "p95": 9.809101015889562e-08,
    "p99": 1.5768839808174685e-05,
    "max": 4.334274854045361e-05
  },
  "containment_rate": 1.0,
  "mean_width": 1.6593109409638688e-12
}