{
  "function": "CubesselK",
  "backend": "jax_adaptive",
  "samples": 180,
  "seed": 1,
  "error_stats": {
    "mean": 3.4615497649587523e-07,
    "median": 1.1659340160008469e-11,
    "p95": 4.969994051861877e-08,
    "p99": 8.163835908874334e-06,
    "max": 3.406290989005356e-05
  },
  "containment_rate": 0.005555555555555556,
  "mean_width": 0.025446846432095507
}