{
  "function": "erf",
  "backend": "jax_basic",
  "samples": 180,
  "seed": 1,
  "error_stats": {
    "mean": 8.110795985456004e-17,
    "median": 5.551115123125783e-17,
    "p95": 2.2482016248659325e-16,
    "p99": 4.440892098500626e-16,
    "max": 4.996003610813204e-16
  },
  "containment_rate": 0.0,
  "mean_width": 1.346533995813921e-06
}