{
  "function": "erf",
  "backend": "jax_adaptive",
  "samples": 180,
  "seed": 1,
  "error_stats": {
    "mean": 0.16135627460547744,
    "median": 0.05574440902578376,
    "p95": 0.5867989089334951,
    "p99": 0.7086126149923998,
    "max": 0.7336885118856501
  },
  "containment_rate": 0.0,
  "mean_width": 1.0124864364566085e-06
}