{
  "function": "gamma",
  "backend": "jax_basic",
  "samples": 180,
  "seed": 1,
  "error_stats": {
    "mean": 8.598060535152601e-16,
    "median": 6.661338147750939e-16,
    "p95": 2.453592884421592e-15,
    "p99": 3.552713678800501e-15,
    "max": 3.9968028886505635e-15
  },
  "containment_rate": 0.08888888888888889,
  "mean_width": 4.846474758507524e-06
}