{
  "function": "besselk",
  "backend": "jax_basic",
  "samples": 2000,
  "seed": 0,
  "error_stats": {
    "mean": 1.8578116925844222e-11,
    "median": 3.552713678800501e-15,
    "p95": 2.2737367544323206e-13,
    "p99": 4.3655745685100555e-11,
    "max": 1.3969838619232178e-08
  },
  "containment_rate": 0.1575,
  "mean_width": 1.7545535243491313
}