backend,time_ms,containment_rate
scipy,0.00953788888888889,1.0
c_arb,0.24485174999999998,
jax_adaptive,0.49584219444444444,0.0
jax_rigorous,0.5221123333333334,0.0
jax_basic,0.5701126666666667,0.0
jax_point,0.6552370833333333,1.0
mpmath,2.1578785833333334,1.0
boost,16.40103861111111,1.0
