backend,time_ms,containment_rate
scipy,0.008233333333333334,1.0
jax_point,0.26962322222222224,1.0
jax_rigorous,0.33923036111111116,0.0
jax_adaptive,0.3607945833333333,0.0
c_arb,0.37450130555555555,
jax_basic,0.39293599999999995,0.0
mpmath,1.3452469166666665,1.0
boost,9.732300277777778,1.0
