backend,time_ms,containment_rate
c_arb,0.3159261111111111,
scipy,0.3172649722222222,1.0
jax_rigorous,0.6090607222222223,0.0
jax_point,0.6831743333333333,1.0
jax_adaptive,0.8468226388888889,0.0
jax_basic,0.964298,0.0
mpmath,2.6995826388888893,1.0
boost,24.99214166666667,1.0
