{
  "function": "besselk",
  "backend": "jax_rigorous",
  "samples": 2000,
  "seed": 11,
  "error_stats": {
    "mean": 0.008016855231926143,
    "median": 9.61120072417998e-12,
    "p95": 4.6350578486453504e-08,
    "p99": 2.5020053456046292e-05,
    "max": 13.603385392751079
  },
  "containment_rate": 0.001,
  "mean_width": 3.1429856886519003
}