{
  "function": "CubesselK",
  "backend": "jax_adaptive",
  "samples": 2000,
  "seed": 11,
  "error_stats": {
    "mean": 7.616400985799396e-06,
    "median": 2.132050092029658e-11,
    "p95": 1.6762226184852098e-07,
    "p99": 1.866106205852702e-05,
    "max": 0.01216222532093525
  },
  "containment_rate": 0.009,
  "mean_width": 0.5563837974993693
}