{
  "function": "CubesselK",
  "backend": "jax_basic",
  "samples": 2000,
  "seed": 11,
  "error_stats": {
    "mean": 7.616400800911838e-06,
    "median": 2.132050092029658e-11,
    "p95": 1.6762226522359896e-07,
    "p99": 1.866106205852702e-05,
    "max": 0.01216222532093525
  },
  "containment_rate": 1.0,
  "mean_width": 5.537838808182538e-12
}