{
  "function": "sinh",
  "backend": "jax_baseline",
  "samples": 2000,
  "seed": 0,
  "error_stats": {
    "mean": 2.1954129052897953e-16,
    "median": 5.551115123125783e-17,
    "p95": 8.881784197001252e-16,
    "p99": 8.881784197001252e-16,
    "max": 1.7763568394002505e-15
  },
  "containment_rate": 0.0,
  "mean_width": 3.6289806439498438e-06
}