{
  "function": "tanh",
  "backend": "jax_adaptive",
  "samples": 2000,
  "seed": 0,
  "error_stats": {
    "mean": 2.3289641309237607e-13,
    "median": 2.3733792708924284e-13,
    "p95": 3.83026943495679e-13,
    "p99": 3.8480330033507926e-13,
    "max": 3.8491432263754177e-13
  },
  "containment_rate": 0.0,
  "mean_width": 9.834641379981405e-07
}