{
  "function": "cos",
  "backend": "jax_rigorous",
  "samples": 2000,
  "seed": 0,
  "error_stats": {
    "mean": 3.0943123035382087e-13,
    "median": 3.400058012914542e-13,
    "p95": 4.940492459581947e-13,
    "p99": 4.993794266994201e-13,
    "max": 5.000444502911705e-13
  },
  "containment_rate": 0.0,
  "mean_width": 1.3252008170216907e-06
}