{
  "function": "cosh",
  "backend": "jax_rigorous",
  "samples": 2000,
  "seed": 0,
  "error_stats": {
    "mean": 8.986134059085771e-13,
    "median": 7.471800955727304e-13,
    "p95": 1.7063239710068955e-12,
    "p99": 1.8456525197052542e-12,
    "max": 1.878497357665765e-12
  },
  "containment_rate": 0.0,
  "mean_width": 2.713966267850143e-06
}