{
  "function": "erf",
  "backend": "jax_rigorous",
  "samples": 2000,
  "seed": 0,
  "error_stats": {
    "mean": 0.16364924580536472,
    "median": 0.05274026439503743,
    "p95": 0.6374842734941926,
    "p99": 0.7279175388956425,
    "max": 0.7493800305396319
  },
  "containment_rate": 0.0,
  "mean_width": 1.0187220382199988e-06
}