{
  "function": "erf",
  "backend": "jax_baseline",
  "samples": 2000,
  "seed": 0,
  "error_stats": {
    "mean": 4.740196950236975e-17,
    "median": 0.0,
    "p95": 2.220446049250313e-16,
    "p99": 3.3306690738754696e-16,
    "max": 4.996003610813204e-16
  },
  "containment_rate": 0.0,
  "mean_width": 1.3639462430756831e-06
}