{
  "function": "besselk",
  "backend": "jax_adaptive",
  "samples": 360,
  "seed": 0,
  "error_stats": {
    "mean": 0.00272639412786956,
    "median": 2.7317925699321677e-11,
    "p95": 2.3019154014036779e-07,
    "p99": 0.00015746434779430495,
    "max": 0.973181698092958
  },
  "containment_rate": 0.005555555555555556,
  "mean_width": 3.170802931267619
}