{
  "function": "besselk",
  "backend": "jax_rigorous",
  "samples": 360,
  "seed": 0,
  "error_stats": {
    "mean": 0.0013576953603312851,
    "median": 1.3659073871963301e-11,
    "p95": 1.1509414434840448e-07,
    "p99": 7.871492260619671e-05,
    "max": 0.48461034929641755
  },
  "containment_rate": 0.0,
  "mean_width": 3.168065533734567
}