{
  "function": "besselj",
  "backend": "jax_adaptive",
  "samples": 360,
  "seed": 0,
  "error_stats": {
    "mean": 7.79317111803095e-14,
    "median": 4.765285388508289e-14,
    "p95": 1.9154122732345513e-13,
    "p99": 3.119132729878523e-13,
    "max": 2.1051493881429906e-12
  },
  "containment_rate": 0.0,
  "mean_width": 7.126078335656521e-07
}