{
  "function": "besseli",
  "backend": "jax_basic",
  "samples": 360,
  "seed": 0,
  "error_stats": {
    "mean": 3.0796636069848273e-12,
    "median": 4.775069228912798e-13,
    "p95": 5.339195752185334e-12,
    "p99": 9.295035852119368e-12,
    "max": 6.696784238258147e-10
  },
  "containment_rate": 1.0,
  "mean_width": 4.0823632463109746e-15
}