{
  "function": "besselj",
  "backend": "jax_rigorous",
  "samples": 360,
  "seed": 0,
  "error_stats": {
    "mean": 1.2269501660682264e-13,
    "median": 5.873079800267078e-14,
    "p95": 3.5522418340150355e-13,
    "p99": 6.21888096574708e-13,
    "max": 2.0068946504636642e-12
  },
  "containment_rate": 0.0,
  "mean_width": 7.126074957162997e-07
}