{
  "function": "besseli",
  "backend": "jax_adaptive",
  "samples": 360,
  "seed": 0,
  "error_stats": {
    "mean": 3.079717040897311e-12,
    "median": 4.775069228912798e-13,
    "p95": 5.3391069343433646e-12,
    "p99": 9.297131953189859e-12,
    "max": 6.696784238258147e-10
  },
  "containment_rate": 0.0,
  "mean_width": 6.859314757153535e-06
}