{
  "function": "bessely",
  "backend": "jax_adaptive",
  "samples": 360,
  "seed": 0,
  "error_stats": {
    "mean": 3.087578341539816e-05,
    "median": 4.555633648095636e-12,
    "p95": 1.1299406992293391e-07,
    "p99": 2.9727837042515475e-05,
    "max": 0.010644642885381472
  },
  "containment_rate": 0.0,
  "mean_width": 0.13862795130250466
}