{
  "function": "besselk",
  "backend": "jax_basic",
  "samples": 360,
  "seed": 0,
  "error_stats": {
    "mean": 0.0027263941280759453,
    "median": 2.7317703654716752e-11,
    "p95": 2.3019151740300025e-07,
    "p99": 0.00015746438213682488,
    "max": 0.973181698092958
  },
  "containment_rate": 1.0,
  "mean_width": 4.2183253726488544e-11
}