{
  "function": "CubesselK",
  "backend": "jax_rigorous",
  "samples": 360,
  "seed": 0,
  "error_stats": {
    "mean": 0.0003459808263494278,
    "median": 7.798539591874487e-12,
    "p95": 8.666858093420367e-08,
    "p99": 7.186696738699639e-05,
    "max": 0.12280070397537202
  },
  "containment_rate": 0.0,
  "mean_width": 0.7529137614655225
}