{
  "function": "erf",
  "backend": "jax_adaptive",
  "samples": 360,
  "seed": 0,
  "error_stats": {
    "mean": 0.17694780423634796,
    "median": 0.06656479087892109,
    "p95": 0.6385544883928604,
    "p99": 0.7336551105940845,
    "max": 0.7453112393854566
  },
  "containment_rate": 0.0,
  "mean_width": 9.538343138766104e-07
}