{
  "function": "erfc",
  "backend": "jax_adaptive",
  "samples": 360,
  "seed": 0,
  "error_stats": {
    "mean": 0.18420065548450312,
    "median": 0.051287877509240465,
    "p95": 0.6536034611787801,
    "p99": 0.7218631348740189,
    "max": 0.7356452140320958
  },
  "containment_rate": 0.0,
  "mean_width": 9.770556277679874e-07
}