{
  "function": "gamma",
  "backend": "jax_rigorous",
  "samples": 360,
  "seed": 0,
  "error_stats": {
    "mean": 2.012163306345608e-11,
    "median": 6.850076061937216e-13,
    "p95": 7.814333624622806e-11,
    "p99": 3.936268466731015e-10,
    "max": 9.829950187167924e-10
  },
  "containment_rate": 0.0,
  "mean_width": 7.092037222342393e-06
}