{
  "function": "gamma",
  "backend": "jax_basic",
  "samples": 360,
  "seed": 0,
  "error_stats": {
    "mean": 9.069905320618293e-16,
    "median": 6.661338147750939e-16,
    "p95": 2.220446049250313e-15,
    "p99": 5.329070518200751e-15,
    "max": 7.993605777301127e-15
  },
  "containment_rate": 0.08888888888888889,
  "mean_width": 7.0919567356556335e-06
}