{
  "function": "gamma",
  "backend": "jax_basic",
  "samples": 80,
  "seed": 0,
  "error_stats": {
    "mean": 1.0436096431476472e-15,
    "median": 8.881784197001252e-16,
    "p95": 3.13082892944294e-15,
    "p99": 5.186961971048709e-15,
    "max": 7.993605777301127e-15
  },
  "containment_rate": 0.0625,
  "mean_width": 8.375945471991719e-06
}