{
  "function": "gamma",
  "backend": "jax_rigorous",
  "samples": 80,
  "seed": 0,
  "error_stats": {
    "mean": 2.1602493405215028e-11,
    "median": 7.411848912397545e-13,
    "p95": 1.0013727624880156e-10,
    "p99": 3.6969586503232597e-10,
    "max": 4.666471653536064e-10
  },
  "containment_rate": 0.0,
  "mean_width": 8.376031883111645e-06
}