{
  "function": "cos",
  "backend": "jax_adaptive",
  "samples": 128,
  "seed": 0,
  "error_stats": {
    "mean": 3.055002946580551e-13,
    "median": 3.1125102495366264e-13,
    "p95": 4.963252031586762e-13,
    "p99": 4.997924296645805e-13,
    "max": 4.99933427988708e-13
  },
  "containment_rate": 0.0,
  "mean_width": 1.350844199639724e-06
}