{
  "function": "cosh",
  "backend": "jax_rigorous",
  "samples": 128,
  "seed": 0,
  "error_stats": {
    "mean": 8.859614430978269e-13,
    "median": 7.175371408152387e-13,
    "p95": 1.6511458866830252e-12,
    "p99": 1.7889600911757953e-12,
    "max": 1.879829625295315e-12
  },
  "containment_rate": 0.0,
  "mean_width": 2.662800961211048e-06
}