{
  "function": "cosh",
  "backend": "jax_adaptive",
  "samples": 128,
  "seed": 0,
  "error_stats": {
    "mean": 9.299644387894546e-13,
    "median": 8.493206138382448e-13,
    "p95": 1.7163381826890143e-12,
    "p99": 1.8090329234610182e-12,
    "max": 1.822098028014807e-12
  },
  "containment_rate": 0.0,
  "mean_width": 2.8917848488851927e-06
}