{
  "function": "cosh",
  "backend": "jax_adaptive",
  "samples": 128,
  "seed": 0,
  "error_stats": {
    "mean": 9.07343644662717e-13,
    "median": 7.790434963794723e-13,
    "p95": 1.731548238126379e-12,
    "p99": 1.8503731880059604e-12,
    "max": 1.878941446875615e-12
  },
  "containment_rate": 0.0,
  "mean_width": 2.767557641884799e-06
}