{
  "function": "exp",
  "backend": "jax_rigorous",
  "samples": 128,
  "seed": 0,
  "error_stats": {
    "mean": 1.0341835894600582e-12,
    "median": 6.287192988452261e-13,
    "p95": 3.1834090918891887e-12,
    "p99": 3.586508867670091e-12,
    "max": 3.6202152386977104e-12
  },
  "containment_rate": 0.0,
  "mean_width": 4.1367799624107e-06
}