{
  "function": "exp",
  "backend": "jax_rigorous",
  "samples": 128,
  "seed": 0,
  "error_stats": {
    "mean": 7.698926132032602e-13,
    "median": 4.48696635402257e-13,
    "p95": 2.4606983117791966e-12,
    "p99": 2.871516358027293e-12,
    "max": 3.68682862017522e-12
  },
  "containment_rate": 0.0,
  "mean_width": 3.0796627084133353e-06
}