{
  "function": "exp",
  "backend": "jax_basic",
  "samples": 128,
  "seed": 0,
  "error_stats": {
    "mean": 9.063930161978817e-17,
    "median": 0.0,
    "p95": 4.440892098500626e-16,
    "p99": 1.7763568394002505e-15,
    "max": 1.7763568394002505e-15
  },
  "containment_rate": 0.0,
  "mean_width": 3.079659630134601e-06
}