{
  "function": "exp",
  "backend": "jax_rigorous",
  "samples": 128,
  "seed": 0,
  "error_stats": {
    "mean": 8.651313172791664e-13,
    "median": 4.926614671774132e-13,
    "p95": 2.510036622993538e-12,
    "p99": 3.5214231530744663e-12,
    "max": 3.6264324876356113e-12
  },
  "containment_rate": 0.0,
  "mean_width": 3.4605891038800955e-06
}