{
  "function": "exp",
  "backend": "jax_basic",
  "samples": 128,
  "seed": 0,
  "error_stats": {
    "mean": 1.7802599672211983e-16,
    "median": 0.0,
    "p95": 8.881784197001252e-16,
    "p99": 1.7763568394002505e-15,
    "max": 1.7763568394002505e-15
  },
  "containment_rate": 0.0,
  "mean_width": 4.13677582749585e-06
}