{
  "function": "exp",
  "backend": "jax_rigorous",
  "samples": 128,
  "seed": 0,
  "error_stats": {
    "mean": 8.62955757199857e-13,
    "median": 4.550804177938517e-13,
    "p95": 2.701083801071034e-12,
    "p99": 3.3574387714452325e-12,
    "max": 3.5278446830488974e-12
  },
  "containment_rate": 0.0,
  "mean_width": 3.4517542765919416e-06
}