{
  "function": "log",
  "backend": "jax_basic",
  "samples": 128,
  "seed": 0,
  "error_stats": {
    "mean": 4.6674903525500966e-17,
    "median": 0.0,
    "p95": 2.220446049250313e-16,
    "p99": 2.220446049250313e-16,
    "max": 2.220446049250313e-16
  },
  "containment_rate": 0.0,
  "mean_width": 1.892998988588685e-06
}