{
  "function": "log",
  "backend": "jax_rigorous",
  "samples": 128,
  "seed": 0,
  "error_stats": {
    "mean": 1.0836069997029185e-12,
    "median": 1.6003864899971632e-13,
    "p95": 3.877703713683896e-12,
    "p99": 2.2343933370194766e-11,
    "max": 3.8333336505047555e-11
  },
  "containment_rate": 0.0,
  "mean_width": 1.893003322433356e-06
}