{
  "function": "log",
  "backend": "jax_rigorous",
  "samples": 128,
  "seed": 0,
  "error_stats": {
    "mean": 1.30786383106948e-12,
    "median": 1.6986412276764895e-13,
    "p95": 5.3441029379541746e-12,
    "p99": 2.4647639484953822e-11,
    "max": 3.5555558497435413e-11
  },
  "containment_rate": 0.0,
  "mean_width": 2.1046419484700815e-06
}