{
  "function": "log",
  "backend": "jax_adaptive",
  "samples": 128,
  "seed": 0,
  "error_stats": {
    "mean": 1.942309269149789e-12,
    "median": 1.751931932858497e-13,
    "p95": 8.911127391542089e-12,
    "p99": 2.6247706230719815e-11,
    "max": 4.936362429930341e-11
  },
  "containment_rate": 0.0,
  "mean_width": 2.4810682704549687e-06
}