{
  "function": "sin",
  "backend": "jax_rigorous",
  "samples": 128,
  "seed": 0,
  "error_stats": {
    "mean": 3.165436146098581e-13,
    "median": 3.2573943542502093e-13,
    "p95": 4.988565116548216e-13,
    "p99": 4.999034519670431e-13,
    "max": 4.99933427988708e-13
  },
  "containment_rate": 0.0,
  "mean_width": 1.3013492815862384e-06
}