{
  "function": "sin",
  "backend": "jax_basic",
  "samples": 128,
  "seed": 0,
  "error_stats": {
    "mean": 5.921099114486461e-17,
    "median": 0.0,
    "p95": 2.220446049250313e-16,
    "p99": 2.220446049250313e-16,
    "max": 2.220446049250313e-16
  },
  "containment_rate": 0.0,
  "mean_width": 1.1838420921398327e-06
}