{
  "function": "sin",
  "backend": "jax_adaptive",
  "samples": 128,
  "seed": 0,
  "error_stats": {
    "mean": 3.2007633577000455e-13,
    "median": 3.2673863614718357e-13,
    "p95": 4.953593091272523e-13,
    "p99": 4.991773661089382e-13,
    "max": 4.998224056862455e-13
  },
  "containment_rate": 0.0,
  "mean_width": 1.304159810416322e-06
}