{
  "function": "sin",
  "backend": "jax_adaptive",
  "samples": 128,
  "seed": 0,
  "error_stats": {
    "mean": 3.38634414292268e-13,
    "median": 3.872457909892546e-13,
    "p95": 4.991895785622092e-13,
    "p99": 4.998224056862455e-13,
    "max": 4.99933427988708e-13
  },
  "containment_rate": 0.0,
  "mean_width": 1.1838427687992922e-06
}