{
  "function": "sinh",
  "backend": "jax_rigorous",
  "samples": 128,
  "seed": 0,
  "error_stats": {
    "mean": 6.509327446632338e-13,
    "median": 5.632161403923419e-13,
    "p95": 1.7002177443714571e-12,
    "p99": 1.7835599663840186e-12,
    "max": 1.8118839761882555e-12
  },
  "containment_rate": 0.0,
  "mean_width": 3.4987271849376447e-06
}