{
  "function": "sinh",
  "backend": "jax_rigorous",
  "samples": 128,
  "seed": 0,
  "error_stats": {
    "mean": 6.881247958598347e-13,
    "median": 6.191713808334498e-13,
    "p95": 1.559929962979822e-12,
    "p99": 1.7258061646430179e-12,
    "max": 1.7408297026122455e-12
  },
  "containment_rate": 0.0,
  "mean_width": 3.6110243707183237e-06
}