{
  "function": "sinh",
  "backend": "jax_adaptive",
  "samples": 128,
  "seed": 0,
  "error_stats": {
    "mean": 7.229861850800885e-13,
    "median": 6.864508961257343e-13,
    "p95": 1.6419976489601137e-12,
    "p99": 1.7386270201313891e-12,
    "max": 1.752376022068347e-12
  },
  "containment_rate": 0.0,
  "mean_width": 3.7197818826721152e-06
}