{
  "function": "sinh",
  "backend": "jax_basic",
  "samples": 128,
  "seed": 0,
  "error_stats": {
    "mean": 8.014964560099092e-17,
    "median": 0.0,
    "p95": 4.440892098500626e-16,
    "p99": 7.682743330406101e-16,
    "max": 8.881784197001252e-16
  },
  "containment_rate": 0.0,
  "mean_width": 3.4987245825340412e-06
}