{
  "function": "sqrt",
  "backend": "jax_adaptive",
  "samples": 128,
  "seed": 0,
  "error_stats": {
    "mean": 5.008870922196262e-13,
    "median": 4.773959005888173e-14,
    "p95": 6.155131959673098e-13,
    "p99": 1.5223960148080847e-11,
    "max": 1.9383800120564842e-11
  },
  "containment_rate": 0.0,
  "mean_width": 9.415053016221218e-07
}