{
  "function": "sqrt",
  "backend": "jax_adaptive",
  "samples": 128,
  "seed": 0,
  "error_stats": {
    "mean": 1.4804668992465797e-12,
    "median": 4.451994328746878e-14,
    "p95": 3.1339958406206748e-12,
    "p99": 2.519551761670522e-11,
    "max": 1.120227660633688e-10
  },
  "containment_rate": 0.0,
  "mean_width": 1.0239010295100704e-06
}