{
  "function": "sqrt",
  "backend": "jax_adaptive",
  "samples": 128,
  "seed": 0,
  "error_stats": {
    "mean": 1.0919178972459975e-12,
    "median": 4.085620730620576e-14,
    "p95": 7.556510972506201e-13,
    "p99": 7.908513288690258e-12,
    "max": 1.0546231943298068e-10
  },
  "containment_rate": 0.0,
  "mean_width": 9.64188648836569e-07
}