{
  "function": "sqrt",
  "backend": "jax_basic",
  "samples": 128,
  "seed": 0,
  "error_stats": {
    "mean": 1.691355389077387e-17,
    "median": 0.0,
    "p95": 1.1102230246251565e-16,
    "p99": 2.220446049250313e-16,
    "max": 2.220446049250313e-16
  },
  "containment_rate": 0.0,
  "mean_width": 9.641864662094431e-07
}