{
  "function": "sqrt",
  "backend": "jax_rigorous",
  "samples": 128,
  "seed": 0,
  "error_stats": {
    "mean": 3.61935741793884e-13,
    "median": 3.7636560534792807e-14,
    "p95": 7.870426532718963e-13,
    "p99": 8.666286577252474e-12,
    "max": 1.863192933271307e-11
  },
  "containment_rate": 0.0,
  "mean_width": 8.860484868962112e-07
}