{
  "function": "tan",
  "backend": "jax_rigorous",
  "samples": 128,
  "seed": 0,
  "error_stats": {
    "mean": 1.4350930059290511e-12,
    "median": 8.063549827852512e-13,
    "p95": 4.388966967638907e-12,
    "p99": 5.1491610975062945e-12,
    "max": 5.182521078950231e-12
  },
  "containment_rate": 0.0,
  "mean_width": 3.3315875380973214e-06
}