{
  "function": "tan",
  "backend": "jax_adaptive",
  "samples": 128,
  "seed": 0,
  "error_stats": {
    "mean": 9.779968904898495e-13,
    "median": 6.172284905403558e-13,
    "p95": 2.8948399233286175e-12,
    "p99": 4.993399027597434e-12,
    "max": 5.306866057708248e-12
  },
  "containment_rate": 0.0,
  "mean_width": 2.878543755251063e-06
}