{
  "function": "tan",
  "backend": "jax_adaptive",
  "samples": 128,
  "seed": 0,
  "error_stats": {
    "mean": 1.1306959600380917e-12,
    "median": 6.713518629908322e-13,
    "p95": 4.540035014599653e-12,
    "p99": 5.111353562625709e-12,
    "max": 5.324185536892401e-12
  },
  "containment_rate": 0.0,
  "mean_width": 3.0249547184967544e-06
}