{
  "function": "tanh",
  "backend": "jax_basic",
  "samples": 128,
  "seed": 0,
  "error_stats": {
    "mean": 1.0289078616887437e-16,
    "median": 1.1102230246251565e-16,
    "p95": 2.220446049250313e-16,
    "p99": 3.3306690738754696e-16,
    "max": 3.3306690738754696e-16
  },
  "containment_rate": 0.0,
  "mean_width": 9.472140048632447e-07
}