{
  "function": "tanh",
  "backend": "jax_adaptive",
  "samples": 128,
  "seed": 0,
  "error_stats": {
    "mean": 2.2736085475254242e-13,
    "median": 2.1797841309734167e-13,
    "p95": 3.8144487568558816e-13,
    "p99": 3.847733243134144e-13,
    "max": 3.8491432263754177e-13
  },
  "containment_rate": 0.0,
  "mean_width": 9.472144590082535e-07
}