{
  "function": "tanh",
  "backend": "jax_adaptive",
  "samples": 128,
  "seed": 0,
  "error_stats": {
    "mean": 2.2013947578424235e-13,
    "median": 2.1749269052406817e-13,
    "p95": 3.819278227013001e-13,
    "p99": 3.847644425292174e-13,
    "max": 3.850253449400043e-13
  },
  "containment_rate": 0.0,
  "mean_width": 8.999887924035628e-07
}