{
  "function": "tanh",
  "backend": "jax_rigorous",
  "samples": 128,
  "seed": 0,
  "error_stats": {
    "mean": 2.405549175653332e-13,
    "median": 2.3275825711266407e-13,
    "p95": 3.8376524180705475e-13,
    "p99": 3.848843466158769e-13,
    "max": 3.8491432263754177e-13
  },
  "containment_rate": 0.0,
  "mean_width": 9.946897848388237e-07
}