{
  "function": "bessely",
  "backend": "jax_rigorous",
  "samples": 360,
  "seed": 1,
  "error_stats": {
    "mean": 1.120338989716169e-06,
    "median": 2.8275159991153487e-12,
    "p95": 1.84929632496278e-08,
    "p99": 2.0000750737381492e-06,
    "max": 0.00037884130142629147
  },
  "containment_rate": 0.0,
  "mean_width": 0.24435377380768905
}