{
  "function": "besseli",
  "backend": "jax_basic",
  "samples": 360,
  "seed": 1,
  "error_stats": {
    "mean": 1.462469395459382e-12,
    "median": 5.558331572785846e-13,
    "p95": 5.417503945448489e-12,
    "p99": 9.357492558592648e-12,
    "max": 1.0313527809557854e-11
  },
  "containment_rate": 1.0,
  "mean_width": 5.079744650853974e-15
}