{
  "function": "besselk",
  "backend": "jax_adaptive",
  "samples": 360,
  "seed": 1,
  "error_stats": {
    "mean": 3.982001494962504e-06,
    "median": 1.6785461909307742e-11,
    "p95": 1.799635015231621e-07,
    "p99": 1.005708916636662e-05,
    "max": 0.0010907737460001954
  },
  "containment_rate": 0.002777777777777778,
  "mean_width": 0.12321348377930437
}