{
  "function": "besselk",
  "backend": "jax_basic",
  "samples": 360,
  "seed": 1,
  "error_stats": {
    "mean": 3.98200150191222e-06,
    "median": 1.6785461909307742e-11,
    "p95": 1.799635015231621e-07,
    "p99": 1.0057090239570367e-05,
    "max": 0.0010907737460001954
  },
  "containment_rate": 1.0,
  "mean_width": 3.453662568122764e-12
}