{
  "function": "besselj",
  "backend": "jax_basic",
  "samples": 360,
  "seed": 1,
  "error_stats": {
    "mean": 1.092206893325461e-13,
    "median": 5.412510717395236e-14,
    "p95": 2.347289029813738e-13,
    "p99": 7.617445563212799e-13,
    "max": 6.178335620887765e-12
  },
  "containment_rate": 1.0,
  "mean_width": 4.199438951268146e-16
}