{
  "function": "bessely",
  "backend": "jax_basic",
  "samples": 360,
  "seed": 1,
  "error_stats": {
    "mean": 2.2406789168781912e-06,
    "median": 5.657585511187335e-12,
    "p95": 3.698523585171644e-08,
    "p99": 4.000169528808394e-06,
    "max": 0.0007576826028525829
  },
  "containment_rate": 1.0,
  "mean_width": 5.837761013405891e-12
}