{
  "function": "besseli",
  "backend": "jax_adaptive",
  "samples": 360,
  "seed": 1,
  "error_stats": {
    "mean": 1.4625279432050488e-12,
    "median": 5.559441795810471e-13,
    "p95": 5.4174151276065186e-12,
    "p99": 9.361045272271448e-12,
    "max": 1.0317080523236655e-11
  },
  "containment_rate": 0.0,
  "mean_width": 8.349917659075319e-06
}