{
  "function": "besselj",
  "backend": "jax_adaptive",
  "samples": 360,
  "seed": 1,
  "error_stats": {
    "mean": 1.0922802771674529e-13,
    "median": 5.4132046067856265e-14,
    "p95": 2.346234317940344e-13,
    "p99": 7.61679053162827e-13,
    "max": 6.178391132038996e-12
  },
  "containment_rate": 0.0,
  "mean_width": 7.487971565799235e-07
}