{
  "function": "besseli",
  "backend": "jax_rigorous",
  "samples": 360,
  "seed": 1,
  "error_stats": {
    "mean": 5.086892865695284e-13,
    "median": 2.1294077612310502e-13,
    "p95": 2.124700415606642e-12,
    "p99": 5.488303145284608e-12,
    "max": 6.0111915445304476e-12
  },
  "containment_rate": 0.0,
  "mean_width": 8.34991514537712e-06
}