{
  "function": "besselj",
  "backend": "jax_rigorous",
  "samples": 360,
  "seed": 1,
  "error_stats": {
    "mean": 1.3320356845572085e-13,
    "median": 6.958322806838169e-14,
    "p95": 3.9009351304741834e-13,
    "p99": 6.698666621396401e-13,
    "max": 3.942179915839006e-12
  },
  "containment_rate": 0.0,
  "mean_width": 7.48796794192953e-07
}