{
  "function": "CubesselK",
  "backend": "jax_adaptive",
  "samples": 360,
  "seed": 1,
  "error_stats": {
    "mean": 2.16731557567977e-06,
    "median": 1.6171813888021802e-11,
    "p95": 1.297722690196682e-07,
    "p99": 3.1554735323880944e-05,
    "max": 0.0005458956584334373
  },
  "containment_rate": 0.011111111111111112,
  "mean_width": 0.22257805347435686
}