{
  "function": "CubesselK",
  "backend": "jax_rigorous",
  "samples": 360,
  "seed": 1,
  "error_stats": {
    "mean": 1.0836053092464124e-06,
    "median": 8.086753489067178e-12,
    "p95": 6.488645567515066e-08,
    "p99": 1.57771114027133e-05,
    "max": 0.00027294433675706387
  },
  "containment_rate": 0.002777777777777778,
  "mean_width": 0.2225758860538356
}