{
  "function": "erf",
  "backend": "jax_basic",
  "samples": 360,
  "seed": 1,
  "error_stats": {
    "mean": 7.5609850170978e-17,
    "median": 5.551115123125783e-17,
    "p95": 2.220446049250313e-16,
    "p99": 3.3306690738754696e-16,
    "max": 6.106226635438361e-16
  },
  "containment_rate": 0.0,
  "mean_width": 1.330931283468737e-06
}