{
  "function": "gamma",
  "backend": "jax_basic",
  "samples": 360,
  "seed": 1,
  "error_stats": {
    "mean": 8.872532338462709e-16,
    "median": 6.661338147750939e-16,
    "p95": 2.6645352591003757e-15,
    "p99": 3.552713678800501e-15,
    "max": 1.0658141036401503e-14
  },
  "containment_rate": 0.08888888888888889,
  "mean_width": 6.353412573186409e-06
}