{
  "function": "besselj",
  "backend": "jax_adaptive",
  "samples": 180,
  "seed": 2,
  "error_stats": {
    "mean": 6.650996138177802e-09,
    "median": 3.935490600071034e-09,
    "p95": 2.0718315555529042e-08,
    "p99": 3.259086657894654e-08,
    "max": 6.302425760440489e-08
  },
  "containment_rate": 0.0,
  "mean_width": 7.567940998463145e-07
}