{
  "function": "besseli",
  "backend": "jax_basic",
  "samples": 180,
  "seed": 2,
  "error_stats": {
    "mean": 1.0648281306335756e-07,
    "median": 2.0096929204127534e-08,
    "p95": 3.8664569723678557e-07,
    "p99": 1.2289512549124046e-06,
    "max": 2.3513936220354026e-06
  },
  "containment_rate": 1.0,
  "mean_width": 4.15208066366083e-15
}