{
  "function": "besselk",
  "backend": "jax_adaptive",
  "samples": 180,
  "seed": 2,
  "error_stats": {
    "mean": 0.0025232486390567217,
    "median": 1.1602823979384169e-07,
    "p95": 0.00010570198366508298,
    "p99": 0.035292516520295594,
    "max": 0.35256571508944035
  },
  "containment_rate": 0.24444444444444444,
  "mean_width": 0.5904957324233356
}