{
  "function": "besseli",
  "backend": "jax_adaptive",
  "samples": 180,
  "seed": 2,
  "error_stats": {
    "mean": 1.0648281304400818e-07,
    "median": 2.0096929176371958e-08,
    "p95": 3.866457006118635e-07,
    "p99": 1.2289512545393696e-06,
    "max": 2.3513936238117594e-06
  },
  "containment_rate": 0.0,
  "mean_width": 7.035260486837726e-06
}