{
  "function": "besselj",
  "backend": "jax_basic",
  "samples": 180,
  "seed": 2,
  "error_stats": {
    "mean": 6.65099613880673e-09,
    "median": 3.935490544559883e-09,
    "p95": 2.0718315555529042e-08,
    "p99": 3.259086658990999e-08,
    "max": 6.302425760440489e-08
  },
  "containment_rate": 1.0,
  "mean_width": 4.003013678326967e-16
}