{
  "function": "bessely",
  "backend": "jax_basic",
  "samples": 180,
  "seed": 2,
  "error_stats": {
    "mean": 0.0005256639015391129,
    "median": 4.384142532343205e-08,
    "p95": 1.3901866418475293e-05,
    "p99": 0.008223081560427215,
    "max": 0.06708653818350285
  },
  "containment_rate": 1.0,
  "mean_width": 8.721732826696046e-12
}