{
  "function": "besseli",
  "backend": "jax_rigorous",
  "samples": 180,
  "seed": 2,
  "error_stats": {
    "mean": 1.0648253310112118e-07,
    "median": 2.009638727651364e-08,
    "p95": 3.8664165842305765e-07,
    "p99": 1.2289533917808644e-06,
    "max": 2.3513965068389098e-06
  },
  "containment_rate": 0.0,
  "mean_width": 7.035258274988249e-06
}