{
  "function": "besselk",
  "backend": "jax_basic",
  "samples": 180,
  "seed": 2,
  "error_stats": {
    "mean": 0.002523248639379387,
    "median": 1.1602823979384169e-07,
    "p95": 0.00010570198360539739,
    "p99": 0.03529251653260902,
    "max": 0.35256571508944035
  },
  "containment_rate": 1.0,
  "mean_width": 1.4471313287350234e-11
}