{
  "function": "besselk",
  "backend": "jax_rigorous",
  "samples": 180,
  "seed": 2,
  "error_stats": {
    "mean": 0.0025240569928000074,
    "median": 1.1602081861905589e-07,
    "p95": 0.0001056970567049098,
    "p99": 0.035097870959168935,
    "max": 0.35302134440280497
  },
  "containment_rate": 0.24444444444444444,
  "mean_width": 0.5904871482865885
}