{
  "function": "bessely",
  "backend": "jax_adaptive",
  "samples": 180,
  "seed": 2,
  "error_stats": {
    "mean": 0.0005256639009020582,
    "median": 4.38414253789432e-08,
    "p95": 1.3901866416787754e-05,
    "p99": 0.008223081560427215,
    "max": 0.06708653806708753
  },
  "containment_rate": 0.37777777777777777,
  "mean_width": 0.35356178436637414
}