{
  "function": "bessely",
  "backend": "jax_rigorous",
  "samples": 180,
  "seed": 2,
  "error_stats": {
    "mean": 0.00052778260460397,
    "median": 4.382342899678093e-08,
    "p95": 1.3896165125881708e-05,
    "p99": 0.00822691196801328,
    "max": 0.0674642517697066
  },
  "containment_rate": 0.37777777777777777,
  "mean_width": 0.353557407993284
}