{
  "function": "CubesselK",
  "backend": "jax_rigorous",
  "samples": 180,
  "seed": 2,
  "error_stats": {
    "mean": 2.4810766301548696e-05,
    "median": 6.60632195614852e-08,
    "p95": 6.133474888088095e-05,
    "p99": 0.0006439915945975378,
    "max": 0.0015450569453605567
  },
  "containment_rate": 0.2722222222222222,
  "mean_width": 0.006983932744137873
}