{
  "function": "CubesselK",
  "backend": "jax_adaptive",
  "samples": 180,
  "seed": 2,
  "error_stats": {
    "mean": 2.479836129854702e-05,
    "median": 6.60621514159132e-08,
    "p95": 6.11251144931654e-05,
    "p99": 0.0006444855044887282,
    "max": 0.0015454626600330812
  },
  "containment_rate": 0.2722222222222222,
  "mean_width": 0.00698398309643399
}