{
  "function": "erf",
  "backend": "jax_basic",
  "samples": 180,
  "seed": 2,
  "error_stats": {
    "mean": 8.051269790135686e-09,
    "median": 4.206042347743022e-09,
    "p95": 3.442329838121427e-08,
    "p99": 4.162679583363806e-08,
    "max": 4.5422844319187305e-08
  },
  "containment_rate": 0.3277777777777778,
  "mean_width": 1.4094498590625542e-06
}