{
  "function": "erfc",
  "backend": "jax_basic",
  "samples": 180,
  "seed": 2,
  "error_stats": {
    "mean": 7.707041640991896e-09,
    "median": 4.041376955310483e-09,
    "p95": 2.9644590132660265e-08,
    "p99": 4.5098373863128315e-08,
    "max": 4.567652145404111e-08
  },
  "containment_rate": 0.25,
  "mean_width": 1.4033531867703915e-06
}