{
  "function": "gamma",
  "backend": "jax_basic",
  "samples": 180,
  "seed": 2,
  "error_stats": {
    "mean": 1.8990464980797286e-08,
    "median": 1.077960642970055e-08,
    "p95": 6.226798224817631e-08,
    "p99": 1.1043454937631507e-07,
    "max": 1.401423701530291e-07
  },
  "containment_rate": 0.2833333333333333,
  "mean_width": 4.704421859569319e-06
}