{
  "function": "gamma",
  "backend": "jax_rigorous",
  "samples": 180,
  "seed": 2,
  "error_stats": {
    "mean": 1.8994269606547536e-08,
    "median": 1.0781136428050786e-08,
    "p95": 6.226895210570394e-08,
    "p99": 1.1060990218858564e-07,
    "max": 1.4018157701300993e-07
  },
  "containment_rate": 0.2833333333333333,
  "mean_width": 4.704463461465321e-06
}