{
  "function": "bessely",
  "backend": "jax_rigorous",
  "samples": 360,
  "seed": 2,
  "error_stats": {
    "mean": 5.867205933743887e-07,
    "median": 2.8581026434437717e-12,
    "p95": 2.8594745593579792e-08,
    "p99": 5.836781292174719e-06,
    "max": 0.00013089162530377507
  },
  "containment_rate": 0.0,
  "mean_width": 0.11343562978987395
}