{
  "function": "besseli",
  "backend": "jax_basic",
  "samples": 360,
  "seed": 2,
  "error_stats": {
    "mean": 1.5896023370652305e-12,
    "median": 4.780065232523611e-13,
    "p95": 6.629363724641736e-12,
    "p99": 9.674865353304087e-12,
    "max": 1.099564883588755e-11
  },
  "containment_rate": 1.0,
  "mean_width": 5.648618027070908e-15
}