{
  "function": "besseli",
  "backend": "jax_adaptive",
  "samples": 360,
  "seed": 2,
  "error_stats": {
    "mean": 1.5895787685711142e-12,
    "median": 4.779787676767455e-13,
    "p95": 6.627587367802336e-12,
    "p99": 9.674799850145635e-12,
    "max": 1.099564883588755e-11
  },
  "containment_rate": 0.0,
  "mean_width": 8.985556746699534e-06
}