{
  "function": "besselk",
  "backend": "jax_adaptive",
  "samples": 360,
  "seed": 2,
  "error_stats": {
    "mean": 1.891884178288137e-06,
    "median": 1.978683883407939e-11,
    "p95": 8.868205370049512e-08,
    "p99": 6.9622142473236264e-06,
    "max": 0.0003782174317166209
  },
  "containment_rate": 0.008333333333333333,
  "mean_width": 0.20936710314523102
}