{
  "function": "besselk",
  "backend": "jax_rigorous",
  "samples": 360,
  "seed": 2,
  "error_stats": {
    "mean": 9.459241368605249e-07,
    "median": 9.894307595459395e-12,
    "p95": 4.4340157145938985e-08,
    "p99": 3.481092498987009e-06,
    "max": 0.00018910516519099474
  },
  "containment_rate": 0.002777777777777778,
  "mean_width": 0.20936521122520185
}