{
  "function": "bessely",
  "backend": "jax_adaptive",
  "samples": 360,
  "seed": 2,
  "error_stats": {
    "mean": 1.173460881322421e-06,
    "median": 5.715816708828925e-12,
    "p95": 5.7192839353348323e-08,
    "p99": 1.167409671694537e-05,
    "max": 0.000261787383351475
  },
  "containment_rate": 0.0,
  "mean_width": 0.11343680327057075
}