{
  "function": "bessely",
  "backend": "jax_basic",
  "samples": 360,
  "seed": 2,
  "error_stats": {
    "mean": 1.1734609317689555e-06,
    "median": 5.71584446440454e-12,
    "p95": 5.719284672522921e-08,
    "p99": 1.1674102683230612e-05,
    "max": 0.000261787383351475
  },
  "containment_rate": 1.0,
  "mean_width": 3.3272866714925997e-12
}