{
  "function": "besseli",
  "backend": "jax_rigorous",
  "samples": 360,
  "seed": 2,
  "error_stats": {
    "mean": 5.476539958338064e-13,
    "median": 2.0569657088742588e-13,
    "p95": 2.304645363437886e-12,
    "p99": 5.361009414173171e-12,
    "max": 5.936584557275637e-12
  },
  "containment_rate": 0.0,
  "mean_width": 8.985554120637085e-06
}