{
  "function": "CubesselK",
  "backend": "jax_adaptive",
  "samples": 360,
  "seed": 2,
  "error_stats": {
    "mean": 1.4517149938759819e-06,
    "median": 1.9510294421709595e-11,
    "p95": 1.5053222597316567e-07,
    "p99": 4.922626129086908e-06,
    "max": 0.00040679173503122
  },
  "containment_rate": 0.005555555555555556,
  "mean_width": 0.05031259705894617
}