{
  "function": "CubesselK",
  "backend": "jax_rigorous",
  "samples": 360,
  "seed": 2,
  "error_stats": {
    "mean": 7.255418596570907e-07,
    "median": 9.754901747482947e-12,
    "p95": 7.526428547066646e-08,
    "p99": 2.461130360984505e-06,
    "max": 0.0002032834672718309
  },
  "containment_rate": 0.002777777777777778,
  "mean_width": 0.05031114471267004
}