{
  "function": "erf",
  "backend": "jax_basic",
  "samples": 360,
  "seed": 2,
  "error_stats": {
    "mean": 7.303306300770412e-17,
    "median": 5.551115123125783e-17,
    "p95": 2.220446049250313e-16,
    "p99": 3.3306690738754696e-16,
    "max": 3.885780586188048e-16
  },
  "containment_rate": 0.002777777777777778,
  "mean_width": 1.355887293050823e-06
}