{
  "function": "erfc",
  "backend": "jax_rigorous",
  "samples": 360,
  "seed": 2,
  "error_stats": {
    "mean": 0.17256444389633985,
    "median": 0.07534270324846487,
    "p95": 0.6397442889916947,
    "p99": 0.7290155077120373,
    "max": 0.7493331426282525
  },
  "containment_rate": 0.0,
  "mean_width": 9.510096491755555e-07
}