{
  "function": "gamma",
  "backend": "jax_basic",
  "samples": 360,
  "seed": 2,
  "error_stats": {
    "mean": 7.312052198295128e-16,
    "median": 4.440892098500626e-16,
    "p95": 2.009503674571536e-15,
    "p99": 2.6645352591003757e-15,
    "max": 7.105427357601002e-15
  },
  "containment_rate": 0.11388888888888889,
  "mean_width": 6.151609442730768e-06
}