{
  "function": "cosh",
  "backend": "jax_rigorous",
  "samples": 80,
  "seed": 0,
  "error_stats": {
    "mean": 9.262396405418372e-13,
    "median": 8.19233569870903e-13,
    "p95": 1.7318368961127817e-12,
    "p99": 1.837729968201529e-12,
    "max": 1.84474657771716e-12
  },
  "containment_rate": 0.0,
  "mean_width": 2.8337700554492694e-06
}