{
  "function": "exp",
  "backend": "jax_rigorous",
  "samples": 80,
  "seed": 0,
  "error_stats": {
    "mean": 7.32664970359842e-13,
    "median": 4.2954528822747307e-13,
    "p95": 2.441824520360569e-12,
    "p99": 2.7897062437887138e-12,
    "max": 2.8830271503466065e-12
  },
  "containment_rate": 0.0,
  "mean_width": 2.930651243392146e-06
}