{
  "function": "log",
  "backend": "jax_rigorous",
  "samples": 80,
  "seed": 0,
  "error_stats": {
    "mean": 1.0532298774443283e-12,
    "median": 1.8235413179468196e-13,
    "p95": 1.8002599411204298e-12,
    "p99": 2.5952557880515303e-11,
    "max": 2.7396751534070063e-11
  },
  "containment_rate": 0.0,
  "mean_width": 1.858924038634609e-06
}