{
  "function": "sin",
  "backend": "jax_rigorous",
  "samples": 80,
  "seed": 0,
  "error_stats": {
    "mean": 3.2969963564832837e-13,
    "median": 3.660405312189141e-13,
    "p95": 4.97329954995962e-13,
    "p99": 4.994482605269468e-13,
    "max": 4.99711383383783e-13
  },
  "containment_rate": 0.0,
  "mean_width": 1.2497485532275178e-06
}