{
  "function": "tan",
  "backend": "jax_adaptive",
  "samples": 80,
  "seed": 0,
  "error_stats": {
    "mean": 1.167997989992564e-12,
    "median": 7.152611836147571e-13,
    "p95": 4.155831234697871e-12,
    "p99": 4.7439563388707015e-12,
    "max": 4.906741679633342e-12
  },
  "containment_rate": 0.0,
  "mean_width": 3.071952064159604e-06
}