{
  "function": "tanh",
  "backend": "jax_basic",
  "samples": 80,
  "seed": 0,
  "error_stats": {
    "mean": 2.6020852139652106e-17,
    "median": 0.0,
    "p95": 1.1102230246251565e-16,
    "p99": 2.220446049250313e-16,
    "max": 2.220446049250313e-16
  },
  "containment_rate": 0.0,
  "mean_width": 9.854771410739652e-07
}