{
  "function": "cos",
  "backend": "jax_basic",
  "samples": 40,
  "seed": 0,
  "error_stats": {
    "mean": 3.122502256758253e-18,
    "median": 0.0,
    "p95": 6.938893903906834e-19,
    "p99": 7.313594174718213e-17,
    "max": 1.1102230246251565e-16
  },
  "containment_rate": 0.0,
  "mean_width": 1.3003206360900302e-06
}