{
  "function": "exp",
  "backend": "jax_basic",
  "samples": 40,
  "seed": 0,
  "error_stats": {
    "mean": 8.743006318923108e-17,
    "median": 0.0,
    "p95": 4.440892098500626e-16,
    "p99": 7.149836278586006e-16,
    "max": 8.881784197001252e-16
  },
  "containment_rate": 0.0,
  "mean_width": 3.518134323030053e-06
}