{
  "function": "exp",
  "backend": "jax_rigorous",
  "samples": 40,
  "seed": 0,
  "error_stats": {
    "mean": 8.795367212321992e-13,
    "median": 4.966027589148325e-13,
    "p95": 2.6607160918956638e-12,
    "p99": 3.393880732005527e-12,
    "max": 3.531397396727698e-12
  },
  "containment_rate": 0.0,
  "mean_width": 3.5181378396184628e-06
}