{
  "function": "log",
  "backend": "jax_rigorous",
  "samples": 40,
  "seed": 0,
  "error_stats": {
    "mean": 1.2959807489318353e-12,
    "median": 1.6009416015094757e-13,
    "p95": 2.024130862920964e-12,
    "p99": 2.321109970893074e-11,
    "max": 3.5555558497435413e-11
  },
  "containment_rate": 0.0,
  "mean_width": 1.8753113139114222e-06
}