{
  "function": "log",
  "backend": "jax_basic",
  "samples": 40,
  "seed": 0,
  "error_stats": {
    "mean": 2.8796409701215e-17,
    "median": 0.0,
    "p95": 2.220446049250313e-16,
    "p99": 3.574918139293003e-16,
    "max": 4.440892098500626e-16
  },
  "containment_rate": 0.0,
  "mean_width": 1.8753061306237039e-06
}