{
  "function": "sinh",
  "backend": "jax_rigorous",
  "samples": 40,
  "seed": 0,
  "error_stats": {
    "mean": 6.749670267147678e-13,
    "median": 4.887756865912252e-13,
    "p95": 1.6450840689685718e-12,
    "p99": 1.7428192222723737e-12,
    "max": 1.7545964681175974e-12
  },
  "containment_rate": 0.0,
  "mean_width": 3.5631205911205998e-06
}