{
  "function": "sqrt",
  "backend": "jax_rigorous",
  "samples": 40,
  "seed": 0,
  "error_stats": {
    "mean": 4.3014758421833223e-13,
    "median": 4.651834473179406e-14,
    "p95": 1.0464046296121393e-12,
    "p99": 7.506694155168242e-12,
    "max": 1.1275369526941859e-11
  },
  "containment_rate": 0.0,
  "mean_width": 9.459147507842602e-07
}