{
  "function": "tanh",
  "backend": "jax_basic",
  "samples": 40,
  "seed": 0,
  "error_stats": {
    "mean": 5.152128723651117e-17,
    "median": 0.0,
    "p95": 1.1379786002407839e-16,
    "p99": 2.0039525594484072e-16,
    "max": 2.220446049250313e-16
  },
  "containment_rate": 0.0,
  "mean_width": 9.329116168649981e-07
}