{
  "function": "tanh",
  "backend": "jax_rigorous",
  "samples": 40,
  "seed": 0,
  "error_stats": {
    "mean": 2.3437675411575043e-13,
    "median": 2.2792878695554464e-13,
    "p95": 3.8099523536061495e-13,
    "p99": 3.836231332599027e-13,
    "max": 3.843592111252292e-13
  },
  "containment_rate": 0.0,
  "mean_width": 9.329125537159422e-07
}