{
  "function": "bessely",
  "backend": "jax_adaptive",
  "samples": 40,
  "seed": 0,
  "error_stats": {
    "mean": 0.00010049387128550219,
    "median": 8.136632084765338e-08,
    "p95": 0.0007200494724504103,
    "p99": 0.0016533948667919417,
    "max": 0.0017818960668591899
  },
  "containment_rate": 0.225,
  "mean_width": 0.01405977780611139
}