{
  "function": "bessely",
  "backend": "jax_basic",
  "samples": 40,
  "seed": 0,
  "error_stats": {
    "mean": 0.00010049387128636297,
    "median": 8.136632081989781e-08,
    "p95": 0.0007200494724642659,
    "p99": 0.0016533948667947127,
    "max": 0.0017818960668591899
  },
  "containment_rate": 1.0,
  "mean_width": 4.2466863359180705e-13
}