{
  "function": "besselk",
  "backend": "jax_rigorous",
  "samples": 40,
  "seed": 0,
  "error_stats": {
    "mean": 3.998469555497588e-06,
    "median": 1.4081270371946175e-07,
    "p95": 7.341403383520596e-06,
    "p99": 7.18715749468401e-05,
    "max": 0.00010641846256476128
  },
  "containment_rate": 0.25,
  "mean_width": 0.00042496473577820877
}