{
  "function": "besselj",
  "backend": "jax_adaptive",
  "samples": 40,
  "seed": 0,
  "error_stats": {
    "mean": 6.2435839457869475e-09,
    "median": 3.301138532668668e-09,
    "p95": 2.0543192133515295e-08,
    "p99": 2.4883814551124313e-08,
    "max": 2.6604509484329242e-08
  },
  "containment_rate": 0.0,
  "mean_width": 5.504429781810457e-07
}