{
  "function": "besselj",
  "backend": "jax_rigorous",
  "samples": 40,
  "seed": 0,
  "error_stats": {
    "mean": 6.2436709350084405e-09,
    "median": 3.3012412144206582e-09,
    "p95": 2.0542729933792355e-08,
    "p99": 2.4884149591453128e-08,
    "max": 2.6605044889382867e-08
  },
  "containment_rate": 0.0,
  "mean_width": 5.504426660027203e-07
}