{
  "function": "besselj",
  "backend": "jax_basic",
  "samples": 40,
  "seed": 0,
  "error_stats": {
    "mean": 6.243583945282793e-09,
    "median": 3.3011385222603273e-09,
    "p95": 2.0543192133515295e-08,
    "p99": 2.4883814517262513e-08,
    "max": 2.660450942881809e-08
  },
  "containment_rate": 1.0,
  "mean_width": 3.646497166720503e-16
}