{
  "function": "bessely",
  "backend": "jax_rigorous",
  "samples": 40,
  "seed": 0,
  "error_stats": {
    "mean": 9.732762072755044e-05,
    "median": 8.115293120836142e-08,
    "p95": 0.0007248884544793537,
    "p99": 0.0015992892667281919,
    "max": 0.0017824946353357518
  },
  "containment_rate": 0.225,
  "mean_width": 0.014052139830457624
}