{
  "function": "CubesselK",
  "backend": "jax_basic",
  "samples": 40,
  "seed": 0,
  "error_stats": {
    "mean": 4.6362065402334035e-06,
    "median": 1.1345881179014583e-07,
    "p95": 1.84115271750329e-05,
    "p99": 8.214449644412975e-05,
    "max": 0.00011939415435335832
  },
  "containment_rate": 1.0,
  "mean_width": 5.868187880064824e-14
}