{
  "function": "erf",
  "backend": "jax_basic",
  "samples": 40,
  "seed": 0,
  "error_stats": {
    "mean": 7.359490037175953e-09,
    "median": 4.933750574753759e-09,
    "p95": 3.3139878380383774e-08,
    "p99": 4.096036755218968e-08,
    "max": 4.1947466111746934e-08
  },
  "containment_rate": 0.2,
  "mean_width": 1.3160988680975537e-06
}