{
  "function": "erfc",
  "backend": "jax_basic",
  "samples": 40,
  "seed": 0,
  "error_stats": {
    "mean": 6.617605247116742e-09,
    "median": 4.248838531006882e-09,
    "p95": 2.1846129555358473e-08,
    "p99": 2.8345555993514175e-08,
    "max": 3.249345703615347e-08
  },
  "containment_rate": 0.2,
  "mean_width": 1.2965132047626505e-06
}