{
  "function": "erfc",
  "backend": "jax_rigorous",
  "samples": 40,
  "seed": 0,
  "error_stats": {
    "mean": 0.16186347192004352,
    "median": 0.06781384313722655,
    "p95": 0.5817274088877699,
    "p99": 0.6615689048158312,
    "max": 0.6723705341169459
  },
  "containment_rate": 0.0,
  "mean_width": 9.712842361963864e-07
}