{
  "function": "besselj",
  "backend": "jax_adaptive",
  "samples": 5000,
  "seed": 0,
  "error_stats": {
    "mean": 1.1638453123723814e-13,
    "median": 5.4692361750596774e-14,
    "p95": 2.2205015604015445e-13,
    "p99": 5.985489100884831e-13,
    "max": 5.633432609286615e-11
  },
  "containment_rate": 0.0,
  "mean_width": 7.163357617649631e-07
}