{
  "function": "exp",
  "backend": "jax_baseline",
  "samples": 50,
  "seed": 0,
  "error_stats": {
    "mean": 1.376676550535194e-16,
    "median": 0.0,
    "p95": 8.881784197001252e-16,
    "p99": 8.881784197001252e-16,
    "max": 8.881784197001252e-16
  },
  "containment_rate": 0.0,
  "mean_width": 4.9560951126498275e-06
}