{
  "function": "cosh",
  "backend": "jax_basic",
  "samples": 80,
  "seed": 0,
  "error_stats": {
    "mean": 3.219646771412954e-16,
    "median": 2.220446049250313e-16,
    "p95": 8.881784197001252e-16,
    "p99": 8.881784197001252e-16,
    "max": 8.881784197001252e-16
  },
  "containment_rate": 0.0,
  "mean_width": 2.7278886656656455e-06
}