{
  "function": "cosh",
  "backend": "jax_rigorous",
  "samples": 80,
  "seed": 0,
  "error_stats": {
    "mean": 8.96308027797943e-13,
    "median": 7.742695373735842e-13,
    "p95": 1.713007513615139e-12,
    "p99": 1.8019585823481064e-12,
    "max": 1.8247625632739073e-12
  },
  "containment_rate": 0.0,
  "mean_width": 2.727892249332342e-06
}