{
  "function": "exp",
  "backend": "jax_adaptive",
  "samples": 80,
  "seed": 0,
  "error_stats": {
    "mean": 9.6971874974372e-13,
    "median": 5.718758799844181e-13,
    "p95": 3.01523250811897e-12,
    "p99": 3.6292213678734696e-12,
    "max": 3.653077840226615e-12
  },
  "containment_rate": 0.0,
  "mean_width": 3.878903577711479e-06
}