{
  "function": "sin",
  "backend": "jax_basic",
  "samples": 80,
  "seed": 0,
  "error_stats": {
    "mean": 5.898059818321144e-18,
    "median": 0.0,
    "p95": 5.551115123125783e-17,
    "p99": 6.716849298982162e-17,
    "max": 1.1102230246251565e-16
  },
  "containment_rate": 0.0,
  "mean_width": 1.2497472349987017e-06
}