{
  "function": "sin",
  "backend": "jax_adaptive",
  "samples": 80,
  "seed": 0,
  "error_stats": {
    "mean": 3.2970310509528033e-13,
    "median": 3.6609604237014537e-13,
    "p95": 4.97329954995962e-13,
    "p99": 4.994482605269468e-13,
    "max": 4.99711383383783e-13
  },
  "containment_rate": 0.0,
  "mean_width": 1.249747893817925e-06
}