{
  "function": "sinh",
  "backend": "jax_basic",
  "samples": 80,
  "seed": 0,
  "error_stats": {
    "mean": 2.100099608104422e-16,
    "median": 2.0816681711721685e-17,
    "p95": 8.881784197001252e-16,
    "p99": 1.3322676295501878e-15,
    "max": 1.3322676295501878e-15
  },
  "containment_rate": 0.0,
  "mean_width": 3.7048794435981242e-06
}