{
  "function": "tan",
  "backend": "jax_adaptive",
  "samples": 80,
  "seed": 0,
  "error_stats": {
    "mean": 9.4925775952822e-13,
    "median": 4.810318809944647e-13,
    "p95": 4.029376832193064e-12,
    "p99": 4.829736610645337e-12,
    "max": 5.306866057708248e-12
  },
  "containment_rate": 0.0,
  "mean_width": 2.84330401723487e-06
}