{
  "function": "tanh",
  "backend": "jax_adaptive",
  "samples": 80,
  "seed": 0,
  "error_stats": {
    "mean": 2.1461375428535878e-13,
    "median": 2.1110890813247352e-13,
    "p95": 3.7279068720863503e-13,
    "p99": 3.848266150185964e-13,
    "max": 3.8491432263754177e-13
  },
  "containment_rate": 0.0,
  "mean_width": 9.294120169704885e-07
}