{
  "function": "besseli",
  "backend": "jax_basic",
  "samples": 40,
  "seed": 0,
  "error_stats": {
    "mean": 1.2743290031872173e-12,
    "median": 6.816769371198461e-13,
    "p95": 4.401590203428896e-12,
    "p99": 7.781002508977506e-12,
    "max": 9.922729304889799e-12
  },
  "containment_rate": 1.0,
  "mean_width": 4.354393093927017e-15
}