{
  "function": "bessely",
  "backend": "jax_adaptive",
  "samples": 40,
  "seed": 0,
  "error_stats": {
    "mean": 7.76678396355009e-08,
    "median": 7.236766741414158e-12,
    "p95": 6.84970927977693e-08,
    "p99": 1.7586865578778074e-06,
    "max": 2.653996489243582e-06
  },
  "containment_rate": 0.0,
  "mean_width": 0.018248574877263266
}