{
  "function": "besselj",
  "backend": "jax_basic",
  "samples": 40,
  "seed": 0,
  "error_stats": {
    "mean": 5.74528331471493e-14,
    "median": 3.6165515027164474e-14,
    "p95": 1.6086576515306204e-13,
    "p99": 2.0574875136958321e-13,
    "max": 2.318145675417327e-13
  },
  "containment_rate": 1.0,
  "mean_width": 3.3073095992560906e-16
}