{
  "function": "bessely",
  "backend": "jax_rigorous",
  "samples": 40,
  "seed": 0,
  "error_stats": {
    "mean": 3.883237735820928e-08,
    "median": 3.617925403709421e-12,
    "p95": 3.4260978054589504e-08,
    "p99": 8.792984090177918e-07,
    "max": 1.3269273040350527e-06
  },
  "containment_rate": 0.0,
  "mean_width": 0.018248497206430556
}