{
  "function": "bessely",
  "backend": "jax_basic",
  "samples": 40,
  "seed": 0,
  "error_stats": {
    "mean": 7.766785258208914e-08,
    "median": 7.236655719111695e-12,
    "p95": 6.849711553513684e-08,
    "p99": 1.7586867352292745e-06,
    "max": 2.653996489243582e-06
  },
  "containment_rate": 1.0,
  "mean_width": 9.79034344913976e-13
}