{
  "function": "besselk",
  "backend": "jax_adaptive",
  "samples": 40,
  "seed": 0,
  "error_stats": {
    "mean": 0.004080157327886065,
    "median": 9.378497978218547e-12,
    "p95": 8.687855370226013e-07,
    "p99": 0.09955303003993313,
    "max": 0.16319465880587813
  },
  "containment_rate": 0.0,
  "mean_width": 3.274036294701051
}