{
  "function": "besselj",
  "backend": "jax_rigorous",
  "samples": 40,
  "seed": 0,
  "error_stats": {
    "mean": 9.35509888956229e-14,
    "median": 4.4922399133895397e-14,
    "p95": 2.711386670739557e-13,
    "p99": 3.6033842576443924e-13,
    "max": 4.0900616227190767e-13
  },
  "containment_rate": 0.0,
  "mean_width": 6.100161584899649e-07
}