{
  "function": "CubesselK",
  "backend": "jax_rigorous",
  "samples": 40,
  "seed": 0,
  "error_stats": {
    "mean": 1.544940616236834e-09,
    "median": 1.2160827900231652e-12,
    "p95": 1.0839467279311052e-08,
    "p99": 2.281337572185293e-08,
    "max": 2.7571161353989737e-08
  },
  "containment_rate": 0.0,
  "mean_width": 0.0005528092483185773
}