{
  "function": "erf",
  "backend": "jax_adaptive",
  "samples": 40,
  "seed": 0,
  "error_stats": {
    "mean": 0.2608351455695592,
    "median": 0.17950982940283167,
    "p95": 0.6690969207758963,
    "p99": 0.6837848409851597,
    "max": 0.6859217045541561
  },
  "containment_rate": 0.0,
  "mean_width": 7.408237908499739e-07
}