{
  "function": "erfc",
  "backend": "jax_rigorous",
  "samples": 40,
  "seed": 0,
  "error_stats": {
    "mean": 0.13947638628117465,
    "median": 0.004982756418591472,
    "p95": 0.6314043494860131,
    "p99": 0.6935126167060779,
    "max": 0.6970665690213043
  },
  "containment_rate": 0.0,
  "mean_width": 1.2572774963969056e-06
}