{
  "function": "erfc",
  "backend": "jax_basic",
  "samples": 40,
  "seed": 0,
  "error_stats": {
    "mean": 7.771561172376095e-17,
    "median": 0.0,
    "p95": 2.220446049250313e-16,
    "p99": 2.897682094271658e-16,
    "max": 3.3306690738754696e-16
  },
  "containment_rate": 0.0,
  "mean_width": 1.5891686591440467e-06
}