{
  "function": "gamma",
  "backend": "jax_rigorous",
  "samples": 40,
  "seed": 0,
  "error_stats": {
    "mean": 4.920303053879138e-12,
    "median": 5.807021530301881e-13,
    "p95": 1.974351793165848e-11,
    "p99": 7.21900583755541e-11,
    "max": 9.7891472705669e-11
  },
  "containment_rate": 0.0,
  "mean_width": 3.417297353114357e-06
}