{
  "function": "gamma",
  "backend": "jax_basic",
  "samples": 40,
  "seed": 0,
  "error_stats": {
    "mean": 8.576472865229334e-16,
    "median": 6.661338147750939e-16,
    "p95": 2.220446049250313e-15,
    "p99": 2.355893258254582e-15,
    "max": 2.4424906541753444e-15
  },
  "containment_rate": 0.075,
  "mean_width": 3.417277672282393e-06
}