{
  "function": "bessely",
  "backend": "jax_basic",
  "samples": 180,
  "seed": 1,
  "error_stats": {
    "mean": 0.0001644216883281311,
    "median": 4.0420703381616185e-08,
    "p95": 3.638335263644848e-05,
    "p99": 0.001076417365184173,
    "max": 0.025829890655586496
  },
  "containment_rate": 1.0,
  "mean_width": 9.970542138828778e-13
}