{
  "function": "bessely",
  "backend": "jax_adaptive",
  "samples": 180,
  "seed": 1,
  "error_stats": {
    "mean": 0.00016442168840669156,
    "median": 4.0420703381616185e-08,
    "p95": 3.638335269044972e-05,
    "p99": 0.001076417365184173,
    "max": 0.02582989067013841
  },
  "containment_rate": 0.25,
  "mean_width": 0.03858502180040686
}