{
  "function": "besseli",
  "backend": "jax_rigorous",
  "samples": 180,
  "seed": 1,
  "error_stats": {
    "mean": 2.1570745715408607e-07,
    "median": 2.926657460822213e-08,
    "p95": 1.2602814861928374e-06,
    "p99": 2.6974333001916784e-06,
    "max": 2.9595720150155103e-06
  },
  "containment_rate": 0.0,
  "mean_width": 8.664757397768855e-06
}