{
  "function": "besselk",
  "backend": "jax_basic",
  "samples": 180,
  "seed": 1,
  "error_stats": {
    "mean": 0.0001936516149624931,
    "median": 9.232311343199129e-08,
    "p95": 0.00010812396020014526,
    "p99": 0.0036788134080779954,
    "max": 0.02112855630548438
  },
  "containment_rate": 1.0,
  "mean_width": 1.6593109409638688e-12
}