{
  "function": "besselk",
  "backend": "jax_adaptive",
  "samples": 180,
  "seed": 1,
  "error_stats": {
    "mean": 0.00019365161487117674,
    "median": 9.232311348750244e-08,
    "p95": 0.00010812396024846217,
    "p99": 0.0036788134035850915,
    "max": 0.02112855630548438
  },
  "containment_rate": 0.3055555555555556,
  "mean_width": 0.048902159621041795
}