{
  "function": "besselj",
  "backend": "jax_basic",
  "samples": 180,
  "seed": 1,
  "error_stats": {
    "mean": 7.466422211361739e-09,
    "median": 4.4805708795947474e-09,
    "p95": 2.4501379486396845e-08,
    "p99": 4.8835344145792334e-08,
    "max": 6.072164907000577e-08
  },
  "containment_rate": 1.0,
  "mean_width": 4.3174863155214104e-16
}