{
  "function": "besselk",
  "backend": "jax_rigorous",
  "samples": 180,
  "seed": 1,
  "error_stats": {
    "mean": 0.00019356965873536925,
    "median": 9.232674413883757e-08,
    "p95": 0.00010807861120838348,
    "p99": 0.003677856194553338,
    "max": 0.021122300990100484
  },
  "containment_rate": 0.3055555555555556,
  "mean_width": 0.04890163912181218
}