{
  "function": "besseli",
  "backend": "jax_basic",
  "samples": 180,
  "seed": 1,
  "error_stats": {
    "mean": 2.1570626321103383e-07,
    "median": 2.926573511308206e-08,
    "p95": 1.2602848152187813e-06,
    "p99": 2.697437929377602e-06,
    "max": 2.9595772446100455e-06
  },
  "containment_rate": 1.0,
  "mean_width": 5.1565012812489544e-15
}