{
  "function": "CubesselK",
  "backend": "jax_rigorous",
  "samples": 180,
  "seed": 1,
  "error_stats": {
    "mean": 0.0005625929983271346,
    "median": 9.069765199987145e-08,
    "p95": 5.244806529986905e-05,
    "p99": 0.01684114241244972,
    "max": 0.06276987580349669
  },
  "containment_rate": 0.2833333333333333,
  "mean_width": 0.1498926384171472
}