{
  "function": "CubesselK",
  "backend": "jax_basic",
  "samples": 180,
  "seed": 1,
  "error_stats": {
    "mean": 0.0005626850698976593,
    "median": 9.068969664127735e-08,
    "p95": 2.5252052934019782e-05,
    "p99": 0.01683736681021403,
    "max": 0.06280005039297976
  },
  "containment_rate": 1.0,
  "mean_width": 2.550489401080701e-12
}