{
  "function": "erf",
  "backend": "jax_basic",
  "samples": 180,
  "seed": 1,
  "error_stats": {
    "mean": 7.435156201501659e-09,
    "median": 4.578009277222961e-09,
    "p95": 2.539212688446035e-08,
    "p99": 3.6651898752682057e-08,
    "max": 3.9382575645063866e-08
  },
  "containment_rate": 0.2111111111111111,
  "mean_width": 1.349940096942477e-06
}