{
  "function": "erf",
  "backend": "jax_adaptive",
  "samples": 180,
  "seed": 1,
  "error_stats": {
    "mean": 0.16135627406675374,
    "median": 0.05574439675915849,
    "p95": 0.5867989096503742,
    "p99": 0.7086126147082482,
    "max": 0.7336885124070197
  },
  "containment_rate": 0.005555555555555556,
  "mean_width": 1.014214074741201e-06
}