{
  "function": "erfc",
  "backend": "jax_basic",
  "samples": 180,
  "seed": 1,
  "error_stats": {
    "mean": 6.382768757664772e-09,
    "median": 3.924012004219435e-09,
    "p95": 2.4401544407304242e-08,
    "p99": 3.453605591063891e-08,
    "max": 4.14435211704145e-08
  },
  "containment_rate": 0.2611111111111111,
  "mean_width": 1.2892974896421765e-06
}