{
  "function": "erfc",
  "backend": "jax_adaptive",
  "samples": 180,
  "seed": 1,
  "error_stats": {
    "mean": 0.14749905284853013,
    "median": 0.04649233842400691,
    "p95": 0.6288272726961377,
    "p99": 0.719802414530726,
    "max": 0.7326777224557554
  },
  "containment_rate": 0.005555555555555556,
  "mean_width": 1.0325784174117205e-06
}