{
  "function": "gamma",
  "backend": "jax_basic",
  "samples": 180,
  "seed": 1,
  "error_stats": {
    "mean": 2.091750388887191e-08,
    "median": 1.1530503218892818e-08,
    "p95": 7.607812063659124e-08,
    "p99": 1.0011232704387756e-07,
    "max": 1.5279597675998957e-07
  },
  "containment_rate": 0.35555555555555557,
  "mean_width": 4.671828442789597e-06
}