{
  "function": "gamma",
  "backend": "jax_adaptive",
  "samples": 180,
  "seed": 1,
  "error_stats": {
    "mean": 2.092410059230233e-08,
    "median": 1.153093659445048e-08,
    "p95": 7.611266946705441e-08,
    "p99": 1.0011186964309365e-07,
    "max": 1.5352780202704253e-07
  },
  "containment_rate": 0.35555555555555557,
  "mean_width": 4.671847857107281e-06
}