{
  "function": "besselj",
  "backend": "jax_rigorous",
  "samples": 180,
  "seed": 0,
  "error_stats": {
    "mean": 1.795977716642978e-13,
    "median": 9.567346914707286e-14,
    "p95": 4.220040983327064e-13,
    "p99": 2.602763872483487e-12,
    "max": 3.814337734553419e-12
  },
  "containment_rate": 0.0,
  "mean_width": 7.499618381015941e-07
}