{
  "function": "bessely",
  "backend": "jax_adaptive",
  "samples": 180,
  "seed": 0,
  "error_stats": {
    "mean": 9.124408329120226e-06,
    "median": 3.972489004411273e-12,
    "p95": 2.8164314471723594e-07,
    "p99": 0.00011288977164383842,
    "max": 0.0012294258922338486
  },
  "containment_rate": 0.0,
  "mean_width": 0.5277166263084387
}