{
  "function": "besselk",
  "backend": "jax_basic",
  "samples": 180,
  "seed": 0,
  "error_stats": {
    "mean": 7.249014752681606e-06,
    "median": 1.4500289857721782e-11,
    "p95": 1.086909350078712e-07,
    "p99": 3.2112031567522274e-06,
    "max": 0.0012900808360427618
  },
  "containment_rate": 1.0,
  "mean_width": 1.6284707687269023e-11
}