{
  "function": "besselk",
  "backend": "jax_rigorous",
  "samples": 180,
  "seed": 0,
  "error_stats": {
    "mean": 3.6244581838031984e-06,
    "median": 7.246536704030859e-12,
    "p95": 5.434405991877606e-08,
    "p99": 1.6055771357060035e-06,
    "max": 0.0006450316868722439
  },
  "containment_rate": 0.005555555555555556,
  "mean_width": 0.6957394916578437
}