{
  "function": "besselj",
  "backend": "jax_adaptive",
  "samples": 180,
  "seed": 0,
  "error_stats": {
    "mean": 1.4977885334398982e-13,
    "median": 7.494133487601431e-14,
    "p95": 2.6399438191049253e-13,
    "p99": 2.1912959988212966e-12,
    "max": 4.816008702945851e-12
  },
  "containment_rate": 0.0,
  "mean_width": 7.499622201838963e-07
}