{
  "function": "bessely",
  "backend": "jax_basic",
  "samples": 180,
  "seed": 0,
  "error_stats": {
    "mean": 9.124408333668892e-06,
    "median": 3.972489004411273e-12,
    "p95": 2.8164314471723594e-07,
    "p99": 0.00011288977164383842,
    "max": 0.0012294258922338486
  },
  "containment_rate": 1.0,
  "mean_width": 1.0678535380408292e-11
}