{
  "function": "besseli",
  "backend": "jax_rigorous",
  "samples": 180,
  "seed": 0,
  "error_stats": {
    "mean": 4.35444618347806e-13,
    "median": 2.0576595982646495e-13,
    "p95": 1.4235723710953502e-12,
    "p99": 3.969553574734166e-12,
    "max": 4.384048679639818e-12
  },
  "containment_rate": 0.0,
  "mean_width": 7.187733886071273e-06
}