{
  "function": "bessely",
  "backend": "jax_rigorous",
  "samples": 180,
  "seed": 0,
  "error_stats": {
    "mean": 4.560972322012771e-06,
    "median": 1.9874102363814927e-12,
    "p95": 1.4082794450587227e-07,
    "p99": 5.639328448126103e-05,
    "max": 0.0006147001404315233
  },
  "containment_rate": 0.0,
  "mean_width": 0.5277074994377209
}