{
  "function": "CubesselK",
  "backend": "jax_adaptive",
  "samples": 180,
  "seed": 0,
  "error_stats": {
    "mean": 5.4551362525415694e-06,
    "median": 1.9410695273336387e-11,
    "p95": 1.7264691791751828e-07,
    "p99": 0.00015457080327905791,
    "max": 0.0006060795203666203
  },
  "containment_rate": 0.005555555555555556,
  "mean_width": 0.2470037920750334
}