{
  "function": "erfc",
  "backend": "jax_rigorous",
  "samples": 180,
  "seed": 0,
  "error_stats": {
    "mean": 0.1518785143751379,
    "median": 0.023365692562575785,
    "p95": 0.6218165668134766,
    "p99": 0.7310009844063999,
    "max": 0.74786229743691
  },
  "containment_rate": 0.0,
  "mean_width": 1.1103870577447382e-06
}