{
  "function": "gamma",
  "backend": "jax_basic",
  "samples": 180,
  "seed": 0,
  "error_stats": {
    "mean": 9.28269806700478e-16,
    "median": 6.661338147750939e-16,
    "p95": 2.220446049250313e-15,
    "p99": 5.329070518200751e-15,
    "max": 7.105427357601002e-15
  },
  "containment_rate": 0.1111111111111111,
  "mean_width": 6.851629182684042e-06
}