{
  "function": "gamma",
  "backend": "jax_adaptive",
  "samples": 180,
  "seed": 0,
  "error_stats": {
    "mean": 1.8044055138943804e-11,
    "median": 6.743494651573201e-13,
    "p95": 6.926486051384002e-11,
    "p99": 3.750151211789899e-10,
    "max": 9.80294956320904e-10
  },
  "containment_rate": 0.0,
  "mean_width": 6.851665269920944e-06
}