{
  "function": "bessely",
  "backend": "jax_rigorous",
  "samples": 40,
  "seed": 0,
  "error_stats": {
    "mean": 2.614364090452407e-07,
    "median": 5.573874695130598e-13,
    "p95": 2.8345456604127555e-08,
    "p99": 6.289955445026857e-06,
    "max": 1.0075811587739736e-05
  },
  "containment_rate": 0.0,
  "mean_width": 0.0642022504429938
}