{
  "function": "besseli",
  "backend": "jax_basic",
  "samples": 40,
  "seed": 0,
  "error_stats": {
    "mean": 1.5984847065518126e-12,
    "median": 6.615819003741308e-13,
    "p95": 8.58353388366595e-12,
    "p99": 8.982290466974518e-12,
    "max": 9.105605158765684e-12
  },
  "containment_rate": 1.0,
  "mean_width": 5.6938259445846186e-15
}