{
  "function": "besseli",
  "backend": "jax_adaptive",
  "samples": 40,
  "seed": 0,
  "error_stats": {
    "mean": 1.5984635971355142e-12,
    "median": 6.616929226765933e-13,
    "p95": 8.58353388366595e-12,
    "p99": 8.982290466974518e-12,
    "max": 9.105605158765684e-12
  },
  "containment_rate": 0.0,
  "mean_width": 9.0730857315636e-06
}