{
  "function": "besselk",
  "backend": "jax_adaptive",
  "samples": 40,
  "seed": 0,
  "error_stats": {
    "mean": 7.013594515783982e-08,
    "median": 8.470113499470244e-12,
    "p95": 1.2078727849029746e-07,
    "p99": 1.5720669662755413e-06,
    "max": 2.4992878024931997e-06
  },
  "containment_rate": 0.025,
  "mean_width": 0.011325186734528325
}