{
  "function": "besselk",
  "backend": "jax_rigorous",
  "samples": 40,
  "seed": 0,
  "error_stats": {
    "mean": 3.5067536848605237e-08,
    "median": 4.235278794340047e-12,
    "p95": 6.039291093884458e-08,
    "p99": 7.86023980197114e-07,
    "max": 1.2496293493313715e-06
  },
  "containment_rate": 0.0,
  "mean_width": 0.011325116597715212
}