{
  "function": "bessely",
  "backend": "jax_basic",
  "samples": 40,
  "seed": 0,
  "error_stats": {
    "mean": 5.228782549510134e-07,
    "median": 1.1152467838115854e-12,
    "p95": 5.669350500170163e-08,
    "p99": 1.2580039597196436e-05,
    "max": 2.015182690229267e-05
  },
  "containment_rate": 1.0,
  "mean_width": 2.2810742877910074e-12
}