{
  "function": "CubesselK",
  "backend": "jax_rigorous",
  "samples": 40,
  "seed": 0,
  "error_stats": {
    "mean": 1.5449332434885887e-09,
    "median": 1.2163603457793215e-12,
    "p95": 1.0839461594969165e-08,
    "p99": 2.281326203501521e-08,
    "max": 2.7571047667152015e-08
  },
  "containment_rate": 0.0,
  "mean_width": 0.0005528092483243433
}