{
  "function": "CubesselK",
  "backend": "jax_adaptive",
  "samples": 40,
  "seed": 0,
  "error_stats": {
    "mean": 3.089982867666985e-09,
    "median": 2.4326096692561805e-12,
    "p95": 2.1679488781955997e-08,
    "p99": 4.5628160592059415e-08,
    "max": 5.5142379551398335e-08
  },
  "containment_rate": 0.0,
  "mean_width": 0.000552812338421407
}