{
  "function": "besselj",
  "backend": "jax_rigorous",
  "samples": 360,
  "seed": 1,
  "error_stats": {
    "mean": 7.714799735929717e-09,
    "median": 4.2041722811414495e-09,
    "p95": 2.520509498893377e-08,
    "p99": 4.2850489648249644e-08,
    "max": 7.869141410016267e-08
  },
  "containment_rate": 0.0,
  "mean_width": 7.44622510614959e-07
}