{
  "function": "besselk",
  "backend": "jax_rigorous",
  "samples": 360,
  "seed": 1,
  "error_stats": {
    "mean": 0.002313899549746634,
    "median": 9.898922320727976e-08,
    "p95": 9.1032545495296e-05,
    "p99": 0.0025689858426267594,
    "max": 0.7932501654140651
  },
  "containment_rate": 0.28888888888888886,
  "mean_width": 0.3810157494171081
}