{
  "function": "besselk",
  "backend": "jax_adaptive",
  "samples": 360,
  "seed": 1,
  "error_stats": {
    "mean": 0.0023156168576226573,
    "median": 9.899185682282763e-08,
    "p95": 9.105859252542877e-05,
    "p99": 0.002570489025192771,
    "max": 0.7938364557921886
  },
  "containment_rate": 0.28888888888888886,
  "mean_width": 0.38101924181977753
}