{
  "function": "besseli",
  "backend": "jax_rigorous",
  "samples": 360,
  "seed": 1,
  "error_stats": {
    "mean": 1.6716412686313105e-07,
    "median": 2.2608312916228002e-08,
    "p95": 9.281513302816801e-07,
    "p99": 2.2443074119493657e-06,
    "max": 2.77751849608876e-06
  },
  "containment_rate": 0.0,
  "mean_width": 7.556750691342959e-06
}