{
  "function": "besseli",
  "backend": "jax_basic",
  "samples": 360,
  "seed": 1,
  "error_stats": {
    "mean": 1.6716416994738412e-07,
    "median": 2.2607856725587183e-08,
    "p95": 9.281485163104019e-07,
    "p99": 2.244311598058603e-06,
    "max": 2.7775229263227175e-06
  },
  "containment_rate": 1.0,
  "mean_width": 4.55312189242468e-15
}