{
  "function": "besselj",
  "backend": "jax_basic",
  "samples": 360,
  "seed": 1,
  "error_stats": {
    "mean": 7.714776609030934e-09,
    "median": 4.204114778527668e-09,
    "p95": 2.5204793446809165e-08,
    "p99": 4.285065805353936e-08,
    "max": 7.869140429203614e-08
  },
  "containment_rate": 1.0,
  "mean_width": 4.165405460384201e-16
}