bin_left,bin_right,count
5.04646e-12,0.03173,359
0.03173,0.06346,0
0.06346,0.09519,0
0.09519,0.12692,0
0.12692,0.15865,0
0.15865,0.19038,0
0.19038,0.22211,0
0.22211,0.25384,0
0.25384,0.28557,0
0.28557,0.3173,0
0.3173,0.34903,0
0.34903,0.38076,0
0.38076,0.41249,0
0.41249,0.44422,0
0.44422,0.47595,0
0.47595,0.50768,0
0.50768,0.53941,0
0.53941,0.57114,0
0.57114,0.60287,0
0.60287,0.6346,0
0.6346,0.66633,0
0.66633,0.69806,0
0.69806,0.72979,0
0.72979,0.76152,0
0.76152,0.79325,1