{
  "function": "bessely",
  "backend": "jax_basic",
  "samples": 360,
  "seed": 1,
  "error_stats": {
    "mean": 0.012084709741013692,
    "median": 5.4993459175367576e-08,
    "p95": 0.00010363403608266785,
    "p99": 0.009818891458526302,
    "max": 1.5198885314166546
  },
  "containment_rate": 1.0,
  "mean_width": 9.381927032134363e-11
}