{
  "function": "CubesselK",
  "backend": "jax_adaptive",
  "samples": 360,
  "seed": 1,
  "error_stats": {
    "mean": 0.0004414514763196355,
    "median": 7.413714214754563e-08,
    "p95": 7.918506614856832e-05,
    "p99": 0.0020525986928123566,
    "max": 0.11057610268471763
  },
  "containment_rate": 0.3111111111111111,
  "mean_width": 0.09973850450886915
}