{
  "function": "CubesselK",
  "backend": "jax_rigorous",
  "samples": 360,
  "seed": 1,
  "error_stats": {
    "mean": 0.00044118552904460096,
    "median": 7.413305355696842e-08,
    "p95": 7.802422062326296e-05,
    "p99": 0.0020524588842818084,
    "max": 0.11047272093128413
  },
  "containment_rate": 0.3111111111111111,
  "mean_width": 0.09973771646524789
}