{
  "function": "CubesselK",
  "backend": "jax_basic",
  "samples": 360,
  "seed": 1,
  "error_stats": {
    "mean": 0.00044145147648122875,
    "median": 7.413714217530121e-08,
    "p95": 7.918506625657081e-05,
    "p99": 0.002052598692998803,
    "max": 0.11057610274292529
  },
  "containment_rate": 1.0,
  "mean_width": 1.8166983205203997e-12
}