{
  "function": "erf",
  "backend": "jax_rigorous",
  "samples": 360,
  "seed": 1,
  "error_stats": {
    "mean": 0.17243480891851776,
    "median": 0.05241176700347572,
    "p95": 0.652709891343449,
    "p99": 0.7274212276191753,
    "max": 0.7432264489867008
  },
  "containment_rate": 0.0,
  "mean_width": 9.909339706668494e-07
}