{
  "function": "erf",
  "backend": "jax_basic",
  "samples": 360,
  "seed": 1,
  "error_stats": {
    "mean": 6.802948501820637e-09,
    "median": 4.018985089171423e-09,
    "p95": 2.573031308017451e-08,
    "p99": 3.595823516278074e-08,
    "max": 4.84715467763408e-08
  },
  "containment_rate": 0.3,
  "mean_width": 1.3579391122213597e-06
}