{
  "function": "erfc",
  "backend": "jax_adaptive",
  "samples": 360,
  "seed": 1,
  "error_stats": {
    "mean": 0.1659974885593996,
    "median": 0.056229302625419586,
    "p95": 0.6288272726961378,
    "p99": 0.72090033020715,
    "max": 0.7452563176554264
  },
  "containment_rate": 0.005555555555555556,
  "mean_width": 9.97266188116848e-07
}