{
  "function": "erfc",
  "backend": "jax_basic",
  "samples": 360,
  "seed": 1,
  "error_stats": {
    "mean": 7.057979838230742e-09,
    "median": 3.956624805567799e-09,
    "p95": 2.7731854512769172e-08,
    "p99": 3.8691068138252434e-08,
    "max": 4.162169897625745e-08
  },
  "containment_rate": 0.275,
  "mean_width": 1.334613374406879e-06
}