{
  "function": "gamma",
  "backend": "jax_rigorous",
  "samples": 360,
  "seed": 1,
  "error_stats": {
    "mean": 2.1795949102664124e-08,
    "median": 9.999918615388736e-09,
    "p95": 7.65056807461307e-08,
    "p99": 1.4120332206601936e-07,
    "max": 2.6326053514935666e-07
  },
  "containment_rate": 0.2777777777777778,
  "mean_width": 7.004843740515071e-06
}