{
  "function": "gamma",
  "backend": "jax_basic",
  "samples": 360,
  "seed": 1,
  "error_stats": {
    "mean": 2.1793852454500395e-08,
    "median": 1.0000500649809396e-08,
    "p95": 7.650473555775869e-08,
    "p99": 1.4089449696719232e-07,
    "max": 2.6357971805168745e-07
  },
  "containment_rate": 0.2777777777777778,
  "mean_width": 7.004768620233471e-06
}