{
  "function": "cosh",
  "backend": "jax_adaptive",
  "samples": 64,
  "seed": 0,
  "error_stats": {
    "mean": 9.065075079472962e-13,
    "median": 7.628342402199451e-13,
    "p95": 1.7150503239804492e-12,
    "p99": 1.8058532447184915e-12,
    "max": 1.8243184740640572e-12
  },
  "containment_rate": 0.0,
  "mean_width": 2.760378018933085e-06
}