{
  "function": "sinh",
  "backend": "jax_rigorous",
  "samples": 64,
  "seed": 0,
  "error_stats": {
    "mean": 7.232069580768015e-13,
    "median": 7.033262861000367e-13,
    "p95": 1.6786572132332365e-12,
    "p99": 1.7670132024250052e-12,
    "max": 1.7692514120426495e-12
  },
  "containment_rate": 0.0,
  "mean_width": 3.769208382344262e-06
}