{
  "function": "tanh",
  "backend": "jax_adaptive",
  "samples": 64,
  "seed": 0,
  "error_stats": {
    "mean": 2.397342307308703e-13,
    "median": 2.527422715559169e-13,
    "p95": 3.815003868368194e-13,
    "p99": 3.842892670746778e-13,
    "max": 3.843592111252292e-13
  },
  "containment_rate": 0.0,
  "mean_width": 1.0068400987679055e-06
}