{
  "function": "erf",
  "backend": "jax_rigorous",
  "samples": 5000,
  "seed": 0,
  "error_stats": {
    "mean": 0.16701579008769926,
    "median": 0.05485826335309313,
    "p95": 0.6367001247393709,
    "p99": 0.7281238507035281,
    "max": 0.7494693196701343
  },
  "containment_rate": 0.0,
  "mean_width": 9.945838338606396e-07
}