{
  "function": "erf",
  "backend": "jax_baseline",
  "samples": 5000,
  "seed": 0,
  "error_stats": {
    "mean": 4.6065191591782016e-17,
    "median": 0.0,
    "p95": 2.220446049250313e-16,
    "p99": 3.3306690738754696e-16,
    "max": 4.440892098500626e-16
  },
  "containment_rate": 0.0,
  "mean_width": 1.3449246219441144e-06
}