{
  "function": "log",
  "backend": "jax_rigorous",
  "samples": 5000,
  "seed": 0,
  "error_stats": {
    "mean": 1.6019139169884747e-12,
    "median": 2.0478063689211012e-13,
    "p95": 8.088540948136826e-12,
    "p99": 2.605100357655494e-11,
    "max": 4.9688253511703806e-11
  },
  "containment_rate": 0.0,
  "mean_width": 2.327874947348293e-06
}