{
  "function": "cos",
  "backend": "jax_rigorous",
  "samples": 64,
  "seed": 0,
  "error_stats": {
    "mean": 2.7589247482721554e-13,
    "median": 2.645661467681748e-13,
    "p95": 4.974687328740402e-13,
    "p99": 4.996247859878622e-13,
    "max": 5.000444502911705e-13
  },
  "containment_rate": 0.0,
  "mean_width": 1.4172001713059124e-06
}