{
  "function": "cosh",
  "backend": "jax_basic",
  "samples": 64,
  "seed": 0,
  "error_stats": {
    "mean": 1.0061396160665481e-16,
    "median": 0.0,
    "p95": 8.215650382226133e-16,
    "p99": 8.881784197001252e-16,
    "max": 8.881784197001252e-16
  },
  "containment_rate": 0.0,
  "mean_width": 2.4957573056851035e-06
}