{
  "function": "cosh",
  "backend": "jax_rigorous",
  "samples": 64,
  "seed": 0,
  "error_stats": {
    "mean": 9.065109773942481e-13,
    "median": 7.629452625224076e-13,
    "p95": 1.7154944131902993e-12,
    "p99": 1.8065771101305471e-12,
    "max": 1.8247625632739073e-12
  },
  "containment_rate": 0.0,
  "mean_width": 2.7603798318578954e-06
}