{
  "function": "cosh",
  "backend": "jax_basic",
  "samples": 64,
  "seed": 0,
  "error_stats": {
    "mean": 1.214306433183765e-16,
    "median": 0.0,
    "p95": 4.440892098500626e-16,
    "p99": 6.084022174945846e-16,
    "max": 8.881784197001252e-16
  },
  "containment_rate": 0.0,
  "mean_width": 2.760376207461973e-06
}