{
  "function": "cosh",
  "backend": "jax_adaptive",
  "samples": 64,
  "seed": 0,
  "error_stats": {
    "mean": 8.563809383854704e-13,
    "median": 6.848965838912591e-13,
    "p95": 1.6105783373632218e-12,
    "p99": 1.786499836953226e-12,
    "max": 1.7954526754238032e-12
  },
  "containment_rate": 0.0,
  "mean_width": 2.4957590171598154e-06
}