{
  "function": "cosh",
  "backend": "jax_rigorous",
  "samples": 64,
  "seed": 0,
  "error_stats": {
    "mean": 9.090818375856458e-13,
    "median": 7.728262474415715e-13,
    "p95": 1.6078915976436293e-12,
    "p99": 1.822924033945128e-12,
    "max": 1.84474657771716e-12
  },
  "containment_rate": 0.0,
  "mean_width": 2.7850834978596084e-06
}