{
  "function": "exp",
  "backend": "jax_adaptive",
  "samples": 64,
  "seed": 0,
  "error_stats": {
    "mean": 7.455668027400719e-13,
    "median": 3.993472219576688e-13,
    "p95": 2.3943957927485813e-12,
    "p99": 3.1535751787714593e-12,
    "max": 3.68682862017522e-12
  },
  "containment_rate": 0.0,
  "mean_width": 2.982323266336774e-06
}