{
  "function": "exp",
  "backend": "jax_rigorous",
  "samples": 64,
  "seed": 0,
  "error_stats": {
    "mean": 1.2601629809094739e-12,
    "median": 7.993605777301127e-13,
    "p95": 3.2462477150829726e-12,
    "p99": 3.499778244986373e-12,
    "max": 3.622879773956811e-12
  },
  "containment_rate": 0.0,
  "mean_width": 5.040486363533207e-06
}