{
  "function": "exp",
  "backend": "jax_basic",
  "samples": 64,
  "seed": 0,
  "error_stats": {
    "mean": 1.0885389811754465e-16,
    "median": 0.0,
    "p95": 8.215650382226133e-16,
    "p99": 1.2168044349891693e-15,
    "max": 1.7763568394002505e-15
  },
  "containment_rate": 0.0,
  "mean_width": 4.370612757296794e-06
}