{
  "function": "exp",
  "backend": "jax_basic",
  "samples": 64,
  "seed": 0,
  "error_stats": {
    "mean": 2.255140518769849e-16,
    "median": 0.0,
    "p95": 8.881784197001252e-16,
    "p99": 1.7763568394002505e-15,
    "max": 1.7763568394002505e-15
  },
  "containment_rate": 0.0,
  "mean_width": 5.040481325250482e-06
}