{
  "function": "exp",
  "backend": "jax_basic",
  "samples": 64,
  "seed": 0,
  "error_stats": {
    "mean": 8.803721640582296e-17,
    "median": 0.0,
    "p95": 4.1078251911130666e-16,
    "p99": 1.2168044349891693e-15,
    "max": 1.7763568394002505e-15
  },
  "containment_rate": 0.0,
  "mean_width": 2.9823217764998744e-06
}