{
  "function": "exp",
  "backend": "jax_adaptive",
  "samples": 64,
  "seed": 0,
  "error_stats": {
    "mean": 1.0657065507846397e-12,
    "median": 6.80566714095221e-13,
    "p95": 3.254818636833076e-12,
    "p99": 3.515330249115322e-12,
    "max": 3.651301483387215e-12
  },
  "containment_rate": 0.0,
  "mean_width": 4.262853728653412e-06
}