{
  "function": "exp",
  "backend": "jax_rigorous",
  "samples": 64,
  "seed": 0,
  "error_stats": {
    "mean": 1.0926398674726556e-12,
    "median": 8.066880496926387e-13,
    "p95": 3.2746250155923906e-12,
    "p99": 3.4952396532617054e-12,
    "max": 3.560707284577802e-12
  },
  "containment_rate": 0.0,
  "mean_width": 4.370617125946767e-06
}