{
  "function": "log",
  "backend": "jax_rigorous",
  "samples": 64,
  "seed": 0,
  "error_stats": {
    "mean": 1.634918546031261e-12,
    "median": 1.3999912340523224e-13,
    "p95": 9.86722925588876e-12,
    "p99": 2.3793340631073077e-11,
    "max": 2.457167802560889e-11
  },
  "containment_rate": 0.0,
  "mean_width": 2.184301410560049e-06
}