{
  "function": "log",
  "backend": "jax_basic",
  "samples": 64,
  "seed": 0,
  "error_stats": {
    "mean": 4.9981720151581754e-17,
    "median": 0.0,
    "p95": 2.220446049250313e-16,
    "p99": 2.220446049250313e-16,
    "max": 2.220446049250313e-16
  },
  "containment_rate": 0.0,
  "mean_width": 2.0427580585637346e-06
}