{
  "function": "log",
  "backend": "jax_rigorous",
  "samples": 64,
  "seed": 0,
  "error_stats": {
    "mean": 1.447457713583955e-12,
    "median": 1.76442194188553e-13,
    "p95": 5.3830939705790105e-12,
    "p99": 1.7105576954889937e-11,
    "max": 3.5555558497435413e-11
  },
  "containment_rate": 0.0,
  "mean_width": 2.219514340909192e-06
}