{
  "function": "log",
  "backend": "jax_adaptive",
  "samples": 64,
  "seed": 0,
  "error_stats": {
    "mean": 1.168269948555005e-12,
    "median": 1.6986412276764895e-13,
    "p95": 4.302319611682024e-12,
    "p99": 1.7367862703565553e-11,
    "max": 3.0107472070994845e-11
  },
  "containment_rate": 0.0,
  "mean_width": 1.9897672195285873e-06
}