{
  "function": "sin",
  "backend": "jax_basic",
  "samples": 64,
  "seed": 0,
  "error_stats": {
    "mean": 6.895695223597259e-17,
    "median": 4.163336342344337e-17,
    "p95": 2.220446049250313e-16,
    "p99": 2.220446049250313e-16,
    "max": 2.220446049250313e-16
  },
  "containment_rate": 0.0,
  "mean_width": 1.3326733245226365e-06
}