{
  "function": "sin",
  "backend": "jax_adaptive",
  "samples": 64,
  "seed": 0,
  "error_stats": {
    "mean": 3.3451843725607056e-13,
    "median": 3.633204848085825e-13,
    "p95": 4.937883435474077e-13,
    "p99": 4.996536517865024e-13,
    "max": 4.99933427988708e-13
  },
  "containment_rate": 0.0,
  "mean_width": 1.2700233758236763e-06
}