{
  "function": "sin",
  "backend": "jax_rigorous",
  "samples": 64,
  "seed": 0,
  "error_stats": {
    "mean": 2.9856879196364563e-13,
    "median": 2.731148640577885e-13,
    "p95": 4.995615032754585e-13,
    "p99": 4.998634839381566e-13,
    "max": 4.99933427988708e-13
  },
  "containment_rate": 0.0,
  "mean_width": 1.3326745182945786e-06
}