{
  "function": "sinh",
  "backend": "jax_adaptive",
  "samples": 64,
  "seed": 0,
  "error_stats": {
    "mean": 6.011583714008763e-13,
    "median": 5.365707878013382e-13,
    "p95": 1.3674839038912975e-12,
    "p99": 1.7488366310658418e-12,
    "max": 1.8101076193488552e-12
  },
  "containment_rate": 0.0,
  "mean_width": 3.319690375259808e-06
}