{
  "function": "sinh",
  "backend": "jax_adaptive",
  "samples": 64,
  "seed": 0,
  "error_stats": {
    "mean": 6.901148489474318e-13,
    "median": 5.762057497804562e-13,
    "p95": 1.6404433367256387e-12,
    "p99": 1.7355716863676206e-12,
    "max": 1.7545964681175974e-12
  },
  "containment_rate": 0.0,
  "mean_width": 3.6260101499627478e-06
}