{
  "function": "sinh",
  "backend": "jax_adaptive",
  "samples": 64,
  "seed": 0,
  "error_stats": {
    "mean": 6.448862711200265e-13,
    "median": 5.625500065775668e-13,
    "p95": 1.6639578603871993e-12,
    "p99": 1.7572654442687962e-12,
    "max": 1.7776891070298007e-12
  },
  "containment_rate": 0.0,
  "mean_width": 3.475072779441507e-06
}