{
  "function": "sqrt",
  "backend": "jax_basic",
  "samples": 64,
  "seed": 0,
  "error_stats": {
    "mean": 8.673617379884035e-18,
    "median": 0.0,
    "p95": 0.0,
    "p99": 2.220446049250313e-16,
    "max": 2.220446049250313e-16
  },
  "containment_rate": 0.0,
  "mean_width": 9.284109333835416e-07
}