{
  "function": "sqrt",
  "backend": "jax_rigorous",
  "samples": 64,
  "seed": 0,
  "error_stats": {
    "mean": 2.919782471355603e-13,
    "median": 3.7636560534792807e-14,
    "p95": 6.288025655720711e-13,
    "p99": 5.1875093109998465e-12,
    "max": 1.1275369526941859e-11
  },
  "containment_rate": 0.0,
  "mean_width": 8.579672245963635e-07
}