{
  "function": "sqrt",
  "backend": "jax_rigorous",
  "samples": 64,
  "seed": 0,
  "error_stats": {
    "mean": 4.57151243943299e-13,
    "median": 3.197442310920451e-14,
    "p95": 3.8687941739112717e-13,
    "p99": 9.476501527938491e-12,
    "max": 2.4609508875172992e-11
  },
  "containment_rate": 0.0,
  "mean_width": 8.146461505298061e-07
}