{
  "function": "sqrt",
  "backend": "jax_basic",
  "samples": 64,
  "seed": 0,
  "error_stats": {
    "mean": 7.37257477290143e-18,
    "median": 0.0,
    "p95": 2.359223927328442e-17,
    "p99": 1.5210055437364616e-16,
    "max": 2.220446049250313e-16
  },
  "containment_rate": 0.0,
  "mean_width": 8.579660579046203e-07
}