{
  "function": "sqrt",
  "backend": "jax_adaptive",
  "samples": 64,
  "seed": 0,
  "error_stats": {
    "mean": 1.7646572137569594e-12,
    "median": 3.5638159090467525e-14,
    "p95": 5.780542711164568e-13,
    "p99": 4.0139918194847816e-11,
    "max": 1.0546231943298068e-10
  },
  "containment_rate": 0.0,
  "mean_width": 9.284144614077686e-07
}