{
  "function": "tan",
  "backend": "jax_rigorous",
  "samples": 64,
  "seed": 0,
  "error_stats": {
    "mean": 1.2966368972446018e-12,
    "median": 6.907807659217724e-13,
    "p95": 4.322064928174994e-12,
    "p99": 5.180842421736997e-12,
    "max": 5.182521078950231e-12
  },
  "containment_rate": 0.0,
  "mean_width": 3.188778111788866e-06
}