{
  "function": "tan",
  "backend": "jax_adaptive",
  "samples": 64,
  "seed": 0,
  "error_stats": {
    "mean": 1.2124669486728717e-12,
    "median": 7.641665078494952e-13,
    "p95": 4.293410071909419e-12,
    "p99": 5.224103372114541e-12,
    "max": 5.3179682879545e-12
  },
  "containment_rate": 0.0,
  "mean_width": 3.114653774102615e-06
}