{
  "function": "tan",
  "backend": "jax_rigorous",
  "samples": 64,
  "seed": 0,
  "error_stats": {
    "mean": 1.1014229892719607e-12,
    "median": 6.705191957223633e-13,
    "p95": 4.310884982317018e-12,
    "p99": 4.9253023881590244e-12,
    "max": 5.066169705969514e-12
  },
  "containment_rate": 0.0,
  "mean_width": 2.9989075717533602e-06
}