{
  "function": "tanh",
  "backend": "jax_rigorous",
  "samples": 64,
  "seed": 0,
  "error_stats": {
    "mean": 2.42009591620157e-13,
    "median": 2.4330537584660306e-13,
    "p95": 3.7918002071535283e-13,
    "p99": 3.8396397172846264e-13,
    "max": 3.8480330033507926e-13
  },
  "containment_rate": 0.0,
  "mean_width": 1.062466848243248e-06
}