{
  "function": "tanh",
  "backend": "jax_basic",
  "samples": 64,
  "seed": 0,
  "error_stats": {
    "mean": 9.562663161322149e-17,
    "median": 1.1102230246251565e-16,
    "p95": 2.220446049250313e-16,
    "p99": 2.631228568361618e-16,
    "max": 3.3306690738754696e-16
  },
  "containment_rate": 0.0,
  "mean_width": 1.0624658807408026e-06
}