{
  "function": "tanh",
  "backend": "jax_adaptive",
  "samples": 64,
  "seed": 0,
  "error_stats": {
    "mean": 2.4584345247481015e-13,
    "median": 2.4732993431086925e-13,
    "p95": 3.82188725112087e-13,
    "p99": 3.835776141158931e-13,
    "max": 3.8413716652030416e-13
  },
  "containment_rate": 0.0,
  "mean_width": 1.0287138904147507e-06
}