{
  "function": "tanh",
  "backend": "jax_basic",
  "samples": 64,
  "seed": 0,
  "error_stats": {
    "mean": 6.928051882182373e-17,
    "median": 4.163336342344337e-17,
    "p95": 2.220446049250313e-16,
    "p99": 2.631228568361618e-16,
    "max": 3.3306690738754696e-16
  },
  "containment_rate": 0.0,
  "mean_width": 1.0287133993122782e-06
}