{
  "function": "tanh",
  "backend": "jax_rigorous",
  "samples": 64,
  "seed": 0,
  "error_stats": {
    "mean": 2.411168053412238e-13,
    "median": 2.5471291742462654e-13,
    "p95": 3.826605698975527e-13,
    "p99": 3.849554008894529e-13,
    "max": 3.850253449400043e-13
  },
  "containment_rate": 0.0,
  "mean_width": 9.420155459836412e-07
}