{
  "function": "tanh",
  "backend": "jax_basic",
  "samples": 64,
  "seed": 0,
  "error_stats": {
    "mean": 8.760353553682876e-17,
    "median": 1.1102230246251565e-16,
    "p95": 2.220446049250313e-16,
    "p99": 2.631228568361618e-16,
    "max": 3.3306690738754696e-16
  },
  "containment_rate": 0.0,
  "mean_width": 9.420145821164173e-07
}