{
  "function": "cos",
  "backend": "jax_adaptive",
  "samples": 64,
  "seed": 1,
  "error_stats": {
    "mean": 2.8065939329524614e-13,
    "median": 2.988165270778609e-13,
    "p95": 4.829137090212043e-13,
    "p99": 4.947386944564869e-13,
    "max": 4.970468481246826e-13
  },
  "containment_rate": 0.0,
  "mean_width": 1.4636118586999866e-06
}