{
  "function": "cosh",
  "backend": "jax_basic",
  "samples": 64,
  "seed": 1,
  "error_stats": {
    "mean": 1.734723475976807e-17,
    "median": 0.0,
    "p95": 0.0,
    "p99": 4.685141163918144e-16,
    "max": 8.881784197001252e-16
  },
  "containment_rate": 0.0,
  "mean_width": 2.7720003142328586e-06
}