{
  "function": "log",
  "backend": "jax_rigorous",
  "samples": 64,
  "seed": 1,
  "error_stats": {
    "mean": 1.1412538259260654e-12,
    "median": 2.0430879210664443e-13,
    "p95": 2.3195112497376145e-12,
    "p99": 2.2616475359171773e-11,
    "max": 2.2674528921129422e-11
  },
  "containment_rate": 0.0,
  "mean_width": 1.9515544683679025e-06
}