{
  "function": "sin",
  "backend": "jax_adaptive",
  "samples": 64,
  "seed": 1,
  "error_stats": {
    "mean": 3.14073081235898e-13,
    "median": 3.2929214910382143e-13,
    "p95": 4.946598686217385e-13,
    "p99": 4.996825175851427e-13,
    "max": 4.998224056862455e-13
  },
  "containment_rate": 0.0,
  "mean_width": 1.2989010264887987e-06
}