{
  "function": "sinh",
  "backend": "jax_rigorous",
  "samples": 64,
  "seed": 1,
  "error_stats": {
    "mean": 6.881161222424548e-13,
    "median": 5.717648576819556e-13,
    "p95": 1.5704104683322837e-12,
    "p99": 1.6338930208803503e-12,
    "max": 1.6506795930126827e-12
  },
  "containment_rate": 0.0,
  "mean_width": 3.6105907190730775e-06
}