{
  "function": "sqrt",
  "backend": "jax_rigorous",
  "samples": 64,
  "seed": 1,
  "error_stats": {
    "mean": 4.260190290816812e-13,
    "median": 4.1300296516055823e-14,
    "p95": 9.036771331238906e-13,
    "p99": 8.066622092517372e-12,
    "max": 1.6679130299124267e-11
  },
  "containment_rate": 0.0,
  "mean_width": 9.089985883673629e-07
}