{
  "function": "tanh",
  "backend": "jax_adaptive",
  "samples": 64,
  "seed": 1,
  "error_stats": {
    "mean": 2.462652477774885e-13,
    "median": 2.5854318685958333e-13,
    "p95": 3.802069770131311e-13,
    "p99": 3.821465366371513e-13,
    "max": 3.829159211932165e-13
  },
  "containment_rate": 0.0,
  "mean_width": 1.1096817011072447e-06
}