{
  "function": "besseli",
  "backend": "jax_adaptive",
  "samples": 80,
  "seed": 0,
  "error_stats": {
    "mean": 1.4909493135562844e-12,
    "median": 5.844769113139137e-13,
    "p95": 6.988543077568464e-12,
    "p99": 9.353833263503471e-12,
    "max": 9.766409903022577e-12
  },
  "containment_rate": 0.0,
  "mean_width": 8.471390220531293e-06
}