{
  "function": "besselj",
  "backend": "jax_basic",
  "samples": 80,
  "seed": 0,
  "error_stats": {
    "mean": 1.2621114426213355e-13,
    "median": 3.549417704196145e-14,
    "p95": 2.5985880114376383e-13,
    "p99": 1.3807755935870436e-12,
    "max": 4.2400109336352635e-12
  },
  "containment_rate": 1.0,
  "mean_width": 4.0367383877661253e-16
}