{
  "function": "besselj",
  "backend": "jax_adaptive",
  "samples": 80,
  "seed": 0,
  "error_stats": {
    "mean": 1.2619183188976032e-13,
    "median": 3.546642146634582e-14,
    "p95": 2.5985602558620225e-13,
    "p99": 1.3807755932312897e-12,
    "max": 4.240010931941198e-12
  },
  "containment_rate": 0.0,
  "mean_width": 7.515926569145664e-07
}