{
  "function": "besseli",
  "backend": "jax_rigorous",
  "samples": 80,
  "seed": 0,
  "error_stats": {
    "mean": 5.496819986884154e-13,
    "median": 2.2368218388635341e-13,
    "p95": 2.1612045486563145e-12,
    "p99": 4.949534115894485e-12,
    "max": 6.007638830851647e-12
  },
  "containment_rate": 0.0,
  "mean_width": 8.471387725482104e-06
}