{
  "function": "bessely",
  "backend": "jax_adaptive",
  "samples": 80,
  "seed": 0,
  "error_stats": {
    "mean": 4.034348877122945e-05,
    "median": 1.4526158054195548e-11,
    "p95": 1.2211809234940988e-07,
    "p99": 0.0006900438718503011,
    "max": 0.0032008118646444927
  },
  "containment_rate": 0.0,
  "mean_width": 0.07788481356346691
}