{
  "function": "besseli",
  "backend": "jax_basic",
  "samples": 80,
  "seed": 0,
  "error_stats": {
    "mean": 1.4910224257133466e-12,
    "median": 5.844769113139137e-13,
    "p95": 6.990230616565895e-12,
    "p99": 9.353833263503471e-12,
    "max": 9.766409903022577e-12
  },
  "containment_rate": 1.0,
  "mean_width": 5.500333148083203e-15
}