{
  "function": "CubesselK",
  "backend": "jax_rigorous",
  "samples": 80,
  "seed": 0,
  "error_stats": {
    "mean": 2.743307181710987e-07,
    "median": 3.881561738694472e-12,
    "p95": 5.79397294586669e-07,
    "p99": 7.044644990514779e-06,
    "max": 1.2895161319192994e-05
  },
  "containment_rate": 0.0,
  "mean_width": 0.021831248460723925
}