{
  "function": "CubesselK",
  "backend": "jax_rigorous",
  "samples": 256,
  "seed": 7,
  "error_stats": {
    "mean": 1.9302092111497733e-05,
    "median": 9.913847520692798e-12,
    "p95": 1.3949225774467777e-08,
    "p99": 9.371783590950124e-07,
    "max": 0.004935950040817261
  },
  "containment_rate": 0.0,
  "mean_width": 3.06900379772082
}