{
  "function": "exp",
  "backend": "jax_adaptive",
  "samples": 16,
  "seed": 0,
  "error_stats": {
    "mean": 1.0266665989577817e-12,
    "median": 8.152367669822524e-13,
    "p95": 2.666755705149626e-12,
    "p99": 2.8127722373483267e-12,
    "max": 2.8492763703980017e-12
  },
  "containment_rate": 0.0,
  "mean_width": 4.107035153994021e-06
}