{
  "function": "exp",
  "backend": "jax_basic",
  "samples": 16,
  "seed": 0,
  "error_stats": {
    "mean": 1.3877787807814457e-16,
    "median": 0.0,
    "p95": 7.771561172376096e-16,
    "p99": 1.5765166949677218e-15,
    "max": 1.7763568394002505e-15
  },
  "containment_rate": 0.0,
  "mean_width": 4.107033102622795e-06
}