{
  "function": "log",
  "backend": "jax_rigorous",
  "samples": 16,
  "seed": 0,
  "error_stats": {
    "mean": 1.251926080164667e-12,
    "median": 1.3433698597964394e-13,
    "p95": 5.537431624347278e-12,
    "p99": 1.316646236482199e-11,
    "max": 1.5073720049940675e-11
  },
  "containment_rate": 0.0,
  "mean_width": 1.9661662235609043e-06
}