{
  "function": "besselk",
  "backend": "jax_basic",
  "samples": 360,
  "seed": 2,
  "error_stats": {
    "mean": 0.0013617845105512124,
    "median": 1.2104553415159813e-07,
    "p95": 0.00011186995606387033,
    "p99": 0.013977590882277678,
    "max": 0.2540874245460145
  },
  "containment_rate": 1.0,
  "mean_width": 5.747210760924536e-12
}