{
  "function": "bessely",
  "backend": "jax_rigorous",
  "samples": 360,
  "seed": 2,
  "error_stats": {
    "mean": 0.00032100398771131924,
    "median": 5.12375713523916e-08,
    "p95": 4.174602821631626e-05,
    "p99": 0.006817847614129294,
    "max": 0.04729437586502172
  },
  "containment_rate": 0.2777777777777778,
  "mean_width": 0.11379941031421466
}