{
  "function": "besseli",
  "backend": "jax_adaptive",
  "samples": 360,
  "seed": 2,
  "error_stats": {
    "mean": 2.057142597028137e-07,
    "median": 2.4032903916948456e-08,
    "p95": 1.388791005663137e-06,
    "p99": 2.626854825855685e-06,
    "max": 3.472535045290215e-06
  },
  "containment_rate": 0.0,
  "mean_width": 8.405988967783358e-06
}