{
  "function": "besselj",
  "backend": "jax_basic",
  "samples": 360,
  "seed": 2,
  "error_stats": {
    "mean": 7.804609913533367e-09,
    "median": 4.021323163350132e-09,
    "p95": 2.7395045351652497e-08,
    "p99": 5.036891777776563e-08,
    "max": 8.29598199962589e-08
  },
  "containment_rate": 0.9972222222222222,
  "mean_width": 4.1744003161208556e-16
}