{
  "function": "besseli",
  "backend": "jax_basic",
  "samples": 360,
  "seed": 2,
  "error_stats": {
    "mean": 2.0571425969664942e-07,
    "median": 2.403290388919288e-08,
    "p95": 1.3887910074394939e-06,
    "p99": 2.6268548273122976e-06,
    "max": 3.472535041737501e-06
  },
  "containment_rate": 1.0,
  "mean_width": 5.1023412112436674e-15
}