{
  "function": "bessely",
  "backend": "jax_adaptive",
  "samples": 360,
  "seed": 2,
  "error_stats": {
    "mean": 0.00032071129428599065,
    "median": 5.123796059658403e-08,
    "p95": 3.9673045931287756e-05,
    "p99": 0.00681694398681431,
    "max": 0.04728256710222922
  },
  "containment_rate": 0.2777777777777778,
  "mean_width": 0.11380059108835633
}