{
  "function": "besselj",
  "backend": "jax_rigorous",
  "samples": 360,
  "seed": 2,
  "error_stats": {
    "mean": 7.80473607726941e-09,
    "median": 4.021044219815195e-09,
    "p95": 2.7395296334220556e-08,
    "p99": 5.036897852583887e-08,
    "max": 8.295982061035101e-08
  },
  "containment_rate": 0.002777777777777778,
  "mean_width": 7.655107806422822e-07
}