{
  "function": "besselj",
  "backend": "jax_adaptive",
  "samples": 360,
  "seed": 2,
  "error_stats": {
    "mean": 7.8046099116112e-09,
    "median": 4.021323163350132e-09,
    "p95": 2.7395045296141346e-08,
    "p99": 5.036891777776563e-08,
    "max": 8.29598199962589e-08
  },
  "containment_rate": 0.002777777777777778,
  "mean_width": 7.655114076352428e-07
}