{
  "function": "bessely",
  "backend": "jax_basic",
  "samples": 360,
  "seed": 2,
  "error_stats": {
    "mean": 0.0003207112942359297,
    "median": 5.123796065209518e-08,
    "p95": 3.9673045931287756e-05,
    "p99": 0.006816943985741107,
    "max": 0.04728256708767731
  },
  "containment_rate": 1.0,
  "mean_width": 3.3272866714925997e-12
}