{
  "function": "besselk",
  "backend": "jax_rigorous",
  "samples": 360,
  "seed": 2,
  "error_stats": {
    "mean": 0.0013614573769909991,
    "median": 1.2094781021154688e-07,
    "p95": 0.00011183948854949225,
    "p99": 0.013977618273857028,
    "max": 0.25419020862318575
  },
  "containment_rate": 0.25,
  "mean_width": 0.20843729314854273
}