{
  "function": "CubesselK",
  "backend": "jax_adaptive",
  "samples": 360,
  "seed": 2,
  "error_stats": {
    "mean": 0.000716131655036125,
    "median": 9.865832578670464e-08,
    "p95": 0.0002286978771650187,
    "p99": 0.014896603878146552,
    "max": 0.07323674850340467
  },
  "containment_rate": 0.3055555555555556,
  "mean_width": 0.19932766223580597
}