{
  "function": "CubesselK",
  "backend": "jax_rigorous",
  "samples": 360,
  "seed": 2,
  "error_stats": {
    "mean": 0.000715532873314022,
    "median": 9.865096761707548e-08,
    "p95": 0.00022875735174494627,
    "p99": 0.01486324272224482,
    "max": 0.07322201415081508
  },
  "containment_rate": 0.3055555555555556,
  "mean_width": 0.19932267092841033
}