{
  "function": "erf",
  "backend": "jax_adaptive",
  "samples": 360,
  "seed": 2,
  "error_stats": {
    "mean": 0.1810398854723087,
    "median": 0.05861010125388044,
    "p95": 0.6812784886000268,
    "p99": 0.7374926854803026,
    "max": 0.7492328260587368
  },
  "containment_rate": 0.005555555555555556,
  "mean_width": 1.00133193262866e-06
}