{
  "function": "erf",
  "backend": "jax_basic",
  "samples": 360,
  "seed": 2,
  "error_stats": {
    "mean": 8.04568575406168e-09,
    "median": 4.235367501159715e-09,
    "p95": 3.207597056575918e-08,
    "p99": 4.383689210518683e-08,
    "max": 4.66146682920332e-08
  },
  "containment_rate": 0.2916666666666667,
  "mean_width": 1.4070286818668302e-06
}