{
  "function": "erfc",
  "backend": "jax_basic",
  "samples": 360,
  "seed": 2,
  "error_stats": {
    "mean": 7.4134462056828374e-09,
    "median": 4.159749961152315e-09,
    "p95": 2.9416070956855834e-08,
    "p99": 4.225262997592517e-08,
    "max": 4.567652145404111e-08
  },
  "containment_rate": 0.26666666666666666,
  "mean_width": 1.3253731827940948e-06
}