{
  "function": "gamma",
  "backend": "jax_adaptive",
  "samples": 360,
  "seed": 2,
  "error_stats": {
    "mean": 2.3128271610538418e-08,
    "median": 1.1112258557766097e-08,
    "p95": 8.472996761987873e-08,
    "p99": 1.3049576665480367e-07,
    "max": 1.741278730094109e-07
  },
  "containment_rate": 0.32222222222222224,
  "mean_width": 7.238204118181768e-06
}