{
  "function": "gamma",
  "backend": "jax_basic",
  "samples": 360,
  "seed": 2,
  "error_stats": {
    "mean": 2.3129391166221147e-08,
    "median": 1.1112811781899268e-08,
    "p95": 8.470318878517348e-08,
    "p99": 1.3009326061741456e-07,
    "max": 1.743887922955878e-07
  },
  "containment_rate": 0.32222222222222224,
  "mean_width": 7.238165087573702e-06
}