{
  "function": "besseli",
  "backend": "jax_basic",
  "samples": 40,
  "seed": 0,
  "error_stats": {
    "mean": 1.0183437809856605e-12,
    "median": 2.851052727237402e-13,
    "p95": 3.944533588651208e-12,
    "p99": 5.694449356496988e-12,
    "max": 5.991651619297045e-12
  },
  "containment_rate": 1.0,
  "mean_width": 3.3135034430416316e-15
}