{
  "function": "bessely",
  "backend": "jax_adaptive",
  "samples": 40,
  "seed": 0,
  "error_stats": {
    "mean": 5.228782549624627e-07,
    "median": 1.1151912726603541e-12,
    "p95": 5.669350500170163e-08,
    "p99": 1.2580039597196436e-05,
    "max": 2.015182690229267e-05
  },
  "containment_rate": 0.0,
  "mean_width": 0.06420277332669713
}