{
  "function": "besselk",
  "backend": "jax_rigorous",
  "samples": 40,
  "seed": 0,
  "error_stats": {
    "mean": 1.991412618123148e-06,
    "median": 1.8146595337498184e-11,
    "p95": 9.344710178993133e-08,
    "p99": 4.832186054727568e-05,
    "max": 7.856672164052725e-05
  },
  "containment_rate": 0.025,
  "mean_width": 0.45527078185780223
}