{
  "function": "besselj",
  "backend": "jax_basic",
  "samples": 40,
  "seed": 0,
  "error_stats": {
    "mean": 8.758575224950775e-14,
    "median": 4.591834724954058e-14,
    "p95": 2.4426571876290347e-13,
    "p99": 4.4184877978636897e-13,
    "max": 4.9649173661237e-13
  },
  "containment_rate": 1.0,
  "mean_width": 4.582529559808701e-16
}