{
  "function": "besseli",
  "backend": "jax_rigorous",
  "samples": 40,
  "seed": 0,
  "error_stats": {
    "mean": 2.7055448576793263e-13,
    "median": 1.9251267247000214e-13,
    "p95": 8.29905588695112e-13,
    "p99": 1.2650919201107056e-12,
    "max": 1.4743761767022079e-12
  },
  "containment_rate": 0.0,
  "mean_width": 6.309890197985461e-06
}