{
  "function": "cos",
  "backend": "jax_adaptive",
  "samples": 40,
  "seed": 0,
  "error_stats": {
    "mean": 2.998391465669492e-13,
    "median": 3.3928415632544784e-13,
    "p95": 4.903022432500848e-13,
    "p99": 4.959288535388851e-13,
    "max": 4.9649173661237e-13
  },
  "containment_rate": 0.0,
  "mean_width": 1.365594547487331e-06
}