{
  "function": "cosh",
  "backend": "jax_adaptive",
  "samples": 40,
  "seed": 0,
  "error_stats": {
    "mean": 8.53173087733694e-13,
    "median": 7.12652159506888e-13,
    "p95": 1.4694689909333642e-12,
    "p99": 1.763376111796333e-12,
    "max": 1.8598456108520622e-12
  },
  "containment_rate": 0.0,
  "mean_width": 2.4790447639477796e-06
}