{
  "function": "CubesselK",
  "backend": "jax_basic",
  "samples": 40,
  "seed": 0,
  "error_stats": {
    "mean": 6.835592744702887e-08,
    "median": 5.091882471219833e-11,
    "p95": 8.637685056100726e-08,
    "p99": 1.3918879631091836e-06,
    "max": 1.7199527064803988e-06
  },
  "containment_rate": 1.0,
  "mean_width": 4.846931016266875e-13
}