bin_left,bin_right,count
2.06762e-14,6.87982e-08,38
6.87982e-08,1.37596e-07,0
1.37596e-07,2.06395e-07,0
2.06395e-07,2.75193e-07,0
2.75193e-07,3.43991e-07,0
3.43991e-07,4.12789e-07,0
4.12789e-07,4.81587e-07,0
4.81587e-07,5.50385e-07,0
5.50385e-07,6.19184e-07,0
6.19184e-07,6.87982e-07,0
6.87982e-07,7.5678e-07,0
7.5678e-07,8.25578e-07,0
8.25578e-07,8.94376e-07,1
8.94376e-07,9.63175e-07,0
9.63175e-07,1.03197e-06,0
1.03197e-06,1.10077e-06,0
1.10077e-06,1.16957e-06,0
1.16957e-06,1.23837e-06,0
1.23837e-06,1.30717e-06,0
1.30717e-06,1.37596e-06,0
1.37596e-06,1.44476e-06,0
1.44476e-06,1.51356e-06,0
1.51356e-06,1.58236e-06,0
1.58236e-06,1.65116e-06,0
1.65116e-06,1.71995e-06,1