{
  "function": "erf",
  "backend": "jax_adaptive",
  "samples": 40,
  "seed": 0,
  "error_stats": {
    "mean": 0.14188206861559216,
    "median": 0.04161689130568219,
    "p95": 0.4541717654219826,
    "p99": 0.5760469785945125,
    "max": 0.652454186518517
  },
  "containment_rate": 0.0,
  "mean_width": 1.0410104439209645e-06
}