{
  "function": "erfc",
  "backend": "jax_adaptive",
  "samples": 40,
  "seed": 0,
  "error_stats": {
    "mean": 0.15875438473203896,
    "median": 0.02864069923435711,
    "p95": 0.6490879830215561,
    "p99": 0.7078225971120908,
    "max": 0.7148230938897303
  },
  "containment_rate": 0.0,
  "mean_width": 1.0142735233466e-06
}