{
  "function": "gamma",
  "backend": "jax_basic",
  "samples": 40,
  "seed": 0,
  "error_stats": {
    "mean": 1.0519363158323358e-15,
    "median": 7.771561172376096e-16,
    "p95": 3.574918139293003e-15,
    "p99": 4.809486142676177e-15,
    "max": 5.329070518200751e-15
  },
  "containment_rate": 0.075,
  "mean_width": 1.0650977960369178e-05
}