{
  "function": "log",
  "backend": "jax_adaptive",
  "samples": 40,
  "seed": 0,
  "error_stats": {
    "mean": 7.287710365733169e-13,
    "median": 1.734723475976807e-13,
    "p95": 1.5090872995671055e-12,
    "p99": 1.0819947160456417e-11,
    "max": 1.5090151350705128e-11
  },
  "containment_rate": 0.0,
  "mean_width": 1.6615809202660814e-06
}