{
  "function": "sin",
  "backend": "jax_rigorous",
  "samples": 40,
  "seed": 0,
  "error_stats": {
    "mean": 3.1455844873296003e-13,
    "median": 3.523847880160247e-13,
    "p95": 4.985123425171878e-13,
    "p99": 4.991373980800517e-13,
    "max": 4.992672941739329e-13
  },
  "containment_rate": 0.0,
  "mean_width": 1.2886569146858263e-06
}