{
  "function": "sinh",
  "backend": "jax_basic",
  "samples": 40,
  "seed": 0,
  "error_stats": {
    "mean": 2.2343238370581277e-16,
    "median": 8.326672684688674e-17,
    "p95": 8.881784197001252e-16,
    "p99": 8.881784197001252e-16,
    "max": 8.881784197001252e-16
  },
  "containment_rate": 0.0,
  "mean_width": 3.801779283456319e-06
}