{
  "function": "tan",
  "backend": "jax_adaptive",
  "samples": 40,
  "seed": 0,
  "error_stats": {
    "mean": 1.1962254103936587e-12,
    "median": 6.350475700855895e-13,
    "p95": 4.507594297820104e-12,
    "p99": 4.978966128277307e-12,
    "max": 5.066169705969514e-12
  },
  "containment_rate": 0.0,
  "mean_width": 3.0796574227009293e-06
}