{
  "function": "tanh",
  "backend": "jax_basic",
  "samples": 40,
  "seed": 0,
  "error_stats": {
    "mean": 4.926614671774132e-17,
    "median": 6.938893903907228e-18,
    "p95": 1.1102230246251565e-16,
    "p99": 1.7874590696465014e-16,
    "max": 2.220446049250313e-16
  },
  "containment_rate": 0.0,
  "mean_width": 8.653001624336909e-07
}