{
  "function": "besselj",
  "backend": "jax_adaptive",
  "samples": 5000,
  "seed": 0,
  "error_stats": {
    "mean": 1.0128933224047926e-12,
    "median": 5.360295540768334e-14,
    "p95": 2.1840307340426088e-13,
    "p99": 6.572520305780951e-13,
    "max": 2.773186999482924e-09
  },
  "containment_rate": 0.0,
  "mean_width": 7.432436600680474e-07
}