{
  "function": "besselj",
  "backend": "jax_basic",
  "samples": 5000,
  "seed": 0,
  "error_stats": {
    "mean": 2.222439001993705e-16,
    "median": 1.1102230246251565e-16,
    "p95": 7.771561172376096e-16,
    "p99": 1.1102230246251565e-15,
    "max": 1.6653345369377348e-15
  },
  "containment_rate": 0.0186,
  "mean_width": 3.490776192699734e-07
}