{
  "function": "bessely",
  "backend": "jax_basic",
  "samples": 5000,
  "seed": 0,
  "error_stats": {
    "mean": 5.850592856688174e-12,
    "median": 5.551115123125783e-16,
    "p95": 1.1368683772161603e-13,
    "p99": 8.194547262974282e-12,
    "max": 6.51925802230835e-09
  },
  "containment_rate": 0.1514,
  "mean_width": 0.9028198546879935
}