{
  "function": "besseli",
  "backend": "jax_rigorous",
  "samples": 40,
  "seed": 0,
  "error_stats": {
    "mean": 5.777044421046698e-13,
    "median": 2.1155299734232358e-13,
    "p95": 3.4132696669075797e-12,
    "p99": 4.391829122596391e-12,
    "max": 4.639844064513454e-12
  },
  "containment_rate": 0.0,
  "mean_width": 1.0009571264590911e-05
}