{
  "function": "bessely",
  "backend": "jax_adaptive",
  "samples": 40,
  "seed": 0,
  "error_stats": {
    "mean": 4.37130895712505e-08,
    "median": 7.652656286438742e-12,
    "p95": 5.5104927554337644e-08,
    "p99": 8.940888346842254e-07,
    "max": 1.1068350431742147e-06
  },
  "containment_rate": 0.0,
  "mean_width": 0.009702779627749378
}