{
  "function": "besselk",
  "backend": "jax_basic",
  "samples": 40,
  "seed": 0,
  "error_stats": {
    "mean": 2.9902766390494956e-06,
    "median": 4.673805786836738e-11,
    "p95": 4.798868680211355e-08,
    "p99": 7.286971411417647e-05,
    "max": 0.00011933449422940612
  },
  "containment_rate": 1.0,
  "mean_width": 8.784347988594065e-12
}