{
  "function": "besselj",
  "backend": "jax_rigorous",
  "samples": 40,
  "seed": 0,
  "error_stats": {
    "mean": 1.988752121223126e-13,
    "median": 6.674175101473168e-14,
    "p95": 4.0199232831383736e-13,
    "p99": 2.418323041819546e-12,
    "max": 3.523598079979706e-12
  },
  "containment_rate": 0.0,
  "mean_width": 9.312260043344061e-07
}