{
  "function": "besselj",
  "backend": "jax_basic",
  "samples": 40,
  "seed": 0,
  "error_stats": {
    "mean": 2.3605803946893107e-13,
    "median": 4.931471897506867e-14,
    "p95": 4.614086890342093e-13,
    "p99": 3.4966660122925917e-12,
    "max": 4.207273418543878e-12
  },
  "containment_rate": 1.0,
  "mean_width": 4.108421502307946e-16
}