{
  "function": "besselk",
  "backend": "jax_rigorous",
  "samples": 40,
  "seed": 0,
  "error_stats": {
    "mean": 1.4951222371623313e-06,
    "median": 2.3367641155402907e-11,
    "p95": 2.3993731446125603e-08,
    "p99": 3.64344656856019e-05,
    "max": 5.966660683043301e-05
  },
  "containment_rate": 0.0,
  "mean_width": 0.339693354264795
}