{
  "function": "besselj",
  "backend": "jax_adaptive",
  "samples": 40,
  "seed": 0,
  "error_stats": {
    "mean": 2.360435545279067e-13,
    "median": 4.9286963399453043e-14,
    "p95": 4.614086890342093e-13,
    "p99": 3.4966660122925917e-12,
    "max": 4.207273418543878e-12
  },
  "containment_rate": 0.0,
  "mean_width": 9.312263980109266e-07
}