{
  "function": "besselk",
  "backend": "jax_adaptive",
  "samples": 40,
  "seed": 0,
  "error_stats": {
    "mean": 2.9902766370768113e-06,
    "median": 4.673805786836738e-11,
    "p95": 4.798867720978662e-08,
    "p99": 7.286971409200753e-05,
    "max": 0.00011933449422940612
  },
  "containment_rate": 0.0,
  "mean_width": 0.33969634457359393
}