{
  "function": "besseli",
  "backend": "jax_basic",
  "samples": 40,
  "seed": 0,
  "error_stats": {
    "mean": 1.7238322582395623e-12,
    "median": 4.991285162958548e-13,
    "p95": 8.203215884350352e-12,
    "p99": 9.924789878823503e-12,
    "max": 1.0032863428932615e-11
  },
  "containment_rate": 1.0,
  "mean_width": 6.30097645067107e-15
}