{
  "function": "bessely",
  "backend": "jax_basic",
  "samples": 40,
  "seed": 0,
  "error_stats": {
    "mean": 4.371305461037082e-08,
    "median": 7.652545264136279e-12,
    "p95": 5.51049367913932e-08,
    "p99": 8.940879024521561e-07,
    "max": 1.1068332241848111e-06
  },
  "containment_rate": 1.0,
  "mean_width": 5.410052614229776e-13
}