{
  "function": "cosh",
  "backend": "jax_adaptive",
  "samples": 40,
  "seed": 0,
  "error_stats": {
    "mean": 9.417355784080427e-13,
    "median": 8.031353360138382e-13,
    "p95": 1.7590817691370828e-12,
    "p99": 1.8412826818803295e-12,
    "max": 1.84474657771716e-12
  },
  "containment_rate": 0.0,
  "mean_width": 2.9086236205344563e-06
}