{
  "function": "erf",
  "backend": "jax_rigorous",
  "samples": 40,
  "seed": 0,
  "error_stats": {
    "mean": 0.13998127384790685,
    "median": 0.08659894308732119,
    "p95": 0.49266001962750006,
    "p99": 0.5975848728309899,
    "max": 0.6292828335722477
  },
  "containment_rate": 0.0,
  "mean_width": 9.95909267958138e-07
}