{
  "function": "erfc",
  "backend": "jax_basic",
  "samples": 40,
  "seed": 0,
  "error_stats": {
    "mean": 1.0269562977782698e-16,
    "median": 5.551115123125783e-17,
    "p95": 2.2759572004815678e-16,
    "p99": 4.0079051188968145e-16,
    "max": 4.440892098500626e-16
  },
  "containment_rate": 0.0,
  "mean_width": 1.1390617406653591e-06
}