{
  "function": "erfc",
  "backend": "jax_adaptive",
  "samples": 40,
  "seed": 0,
  "error_stats": {
    "mean": 0.1482227082077914,
    "median": 0.06453782207545336,
    "p95": 0.6579279932280372,
    "p99": 0.695024834460869,
    "max": 0.6960901258686448
  },
  "containment_rate": 0.0,
  "mean_width": 9.421977550283251e-07
}