{
  "function": "exp",
  "backend": "jax_rigorous",
  "samples": 40,
  "seed": 0,
  "error_stats": {
    "mean": 9.32409011111801e-13,
    "median": 6.090683513093609e-13,
    "p95": 2.346878247294626e-12,
    "p99": 2.5010127302493855e-12,
    "max": 2.55262477821816e-12
  },
  "containment_rate": 0.0,
  "mean_width": 3.7296859857205433e-06
}