{
  "function": "sin",
  "backend": "jax_rigorous",
  "samples": 40,
  "seed": 0,
  "error_stats": {
    "mean": 2.999298726047428e-13,
    "median": 2.7067237340361316e-13,
    "p95": 4.997169344989061e-13,
    "p99": 4.998224056862455e-13,
    "max": 4.998224056862455e-13
  },
  "containment_rate": 0.0,
  "mean_width": 1.3029662245123661e-06
}