{
  "function": "sqrt",
  "backend": "jax_rigorous",
  "samples": 40,
  "seed": 0,
  "error_stats": {
    "mean": 1.1063386318177494e-12,
    "median": 5.218048215738236e-14,
    "p95": 4.127741204396032e-12,
    "p99": 1.8864735329415793e-11,
    "max": 1.9383800120564842e-11
  },
  "containment_rate": 0.0,
  "mean_width": 1.0902447148603e-06
}