{
  "function": "tan",
  "backend": "jax_rigorous",
  "samples": 40,
  "seed": 0,
  "error_stats": {
    "mean": 8.74804135381213e-13,
    "median": 4.748146320565638e-13,
    "p95": 3.046518592952905e-12,
    "p99": 3.931170944326822e-12,
    "max": 4.002354003773689e-12
  },
  "containment_rate": 0.0,
  "mean_width": 2.7868481152126293e-06
}