{
  "function": "besseli",
  "backend": "jax_basic",
  "samples": 80,
  "seed": 0,
  "error_stats": {
    "mean": 1.0621166733049914e-12,
    "median": 3.559375016948252e-13,
    "p95": 4.055467073271756e-12,
    "p99": 7.26190663158376e-12,
    "max": 8.565592679588008e-12
  },
  "containment_rate": 1.0,
  "mean_width": 3.4420042173691417e-15
}