{
  "function": "besselj",
  "backend": "jax_rigorous",
  "samples": 80,
  "seed": 0,
  "error_stats": {
    "mean": 1.9406665242668704e-13,
    "median": 6.281086761816823e-14,
    "p95": 4.449940416151319e-13,
    "p99": 1.8259926903851594e-12,
    "max": 5.936015567975517e-12
  },
  "containment_rate": 0.0,
  "mean_width": 7.075752700593503e-07
}