{
  "function": "besselj",
  "backend": "jax_basic",
  "samples": 80,
  "seed": 0,
  "error_stats": {
    "mean": 1.6773844007917831e-13,
    "median": 5.5930954312444214e-14,
    "p95": 2.373157226287503e-13,
    "p99": 1.7410110852988499e-12,
    "max": 7.261843903982879e-12
  },
  "containment_rate": 1.0,
  "mean_width": 4.177641405334482e-16
}