{
  "function": "besselk",
  "backend": "jax_basic",
  "samples": 80,
  "seed": 0,
  "error_stats": {
    "mean": 0.0003499398265785883,
    "median": 3.5527802921819784e-11,
    "p95": 7.817004075150031e-08,
    "p99": 0.006265870248257504,
    "max": 0.02732626867464205
  },
  "containment_rate": 1.0,
  "mean_width": 1.9064489570341792e-13
}