{
  "function": "bessely",
  "backend": "jax_adaptive",
  "samples": 80,
  "seed": 0,
  "error_stats": {
    "mean": 0.0003994808397124414,
    "median": 2.7029246896237424e-12,
    "p95": 1.548114214600104e-09,
    "p99": 0.006716612619202152,
    "max": 0.031949251890182495
  },
  "containment_rate": 0.0,
  "mean_width": 25.47482077207742
}