{
  "function": "bessely",
  "backend": "jax_basic",
  "samples": 80,
  "seed": 0,
  "error_stats": {
    "mean": 0.00039948083971250213,
    "median": 2.7029246896237424e-12,
    "p95": 1.5481209647560937e-09,
    "p99": 0.006716612619202152,
    "max": 0.031949251890182495
  },
  "containment_rate": 1.0,
  "mean_width": 3.736251339564456e-10
}