{
  "function": "besseli",
  "backend": "jax_adaptive",
  "samples": 80,
  "seed": 0,
  "error_stats": {
    "mean": 1.0620997930368485e-12,
    "median": 3.559375016948252e-13,
    "p95": 4.055378255429787e-12,
    "p99": 7.2605033096806335e-12,
    "max": 8.565592679588008e-12
  },
  "containment_rate": 0.0,
  "mean_width": 6.400122312120706e-06
}