{
  "function": "bessely",
  "backend": "jax_rigorous",
  "samples": 80,
  "seed": 0,
  "error_stats": {
    "mean": 0.00019973497116388956,
    "median": 1.3516583685646566e-12,
    "p95": 7.740697860469932e-10,
    "p99": 0.00335821475047841,
    "max": 0.015974190086126328
  },
  "containment_rate": 0.0,
  "mean_width": 25.47442128034023
}