{
  "function": "CubesselK",
  "backend": "jax_basic",
  "samples": 80,
  "seed": 0,
  "error_stats": {
    "mean": 1.9181014085403693e-07,
    "median": 3.6348701826227625e-12,
    "p95": 9.339060369484273e-08,
    "p99": 5.962538598396321e-06,
    "max": 9.56697840592824e-06
  },
  "containment_rate": 1.0,
  "mean_width": 5.846338387363593e-13
}