{
  "function": "CubesselK",
  "backend": "jax_rigorous",
  "samples": 80,
  "seed": 0,
  "error_stats": {
    "mean": 9.590379771941184e-08,
    "median": 1.8173240690089187e-12,
    "p95": 4.669693822734182e-08,
    "p99": 2.9812266075168595e-06,
    "max": 4.783436452271417e-06
  },
  "containment_rate": 0.0,
  "mean_width": 0.028966302040009197
}