{
  "function": "erf",
  "backend": "jax_basic",
  "samples": 80,
  "seed": 0,
  "error_stats": {
    "mean": 6.036905459035069e-17,
    "median": 0.0,
    "p95": 2.220446049250313e-16,
    "p99": 3.5638159090467456e-16,
    "max": 4.440892098500626e-16
  },
  "containment_rate": 0.0,
  "mean_width": 1.4440867984740903e-06
}