{
  "function": "erf",
  "backend": "jax_rigorous",
  "samples": 80,
  "seed": 0,
  "error_stats": {
    "mean": 0.185151094420783,
    "median": 0.03768249924019118,
    "p95": 0.6675369109492826,
    "p99": 0.7373785002823601,
    "max": 0.7375560309508816
  },
  "containment_rate": 0.0,
  "mean_width": 9.968456433576777e-07
}