{
  "function": "erfc",
  "backend": "jax_rigorous",
  "samples": 80,
  "seed": 0,
  "error_stats": {
    "mean": 0.1558227740145523,
    "median": 0.06651618531196893,
    "p95": 0.6811283863201628,
    "p99": 0.7361696577938338,
    "max": 0.7486851237312404
  },
  "containment_rate": 0.0,
  "mean_width": 1.0111543931044667e-06
}