{
  "function": "gamma",
  "backend": "jax_adaptive",
  "samples": 80,
  "seed": 0,
  "error_stats": {
    "mean": 1.3332138171229247e-11,
    "median": 7.276956814905589e-13,
    "p95": 2.127695797327077e-11,
    "p99": 3.688379557331697e-10,
    "max": 4.100408901308583e-10
  },
  "containment_rate": 0.0,
  "mean_width": 5.608211011609576e-06
}