{
  "function": "gamma",
  "backend": "jax_basic",
  "samples": 80,
  "seed": 0,
  "error_stats": {
    "mean": 9.298117831235686e-16,
    "median": 6.106226635438361e-16,
    "p95": 2.242650509742815e-15,
    "p99": 4.276579090856095e-15,
    "max": 5.329070518200751e-15
  },
  "containment_rate": 0.0625,
  "mean_width": 5.6081843476801785e-06
}