{
  "function": "exp",
  "backend": "jax_basic",
  "samples": 30,
  "seed": 0,
  "error_stats": {
    "mean": 1.1472304587793285e-16,
    "median": 0.0,
    "p95": 6.883382752675958e-16,
    "p99": 8.881784197001252e-16,
    "max": 8.881784197001252e-16
  },
  "containment_rate": 0.0,
  "mean_width": 4.2626702832680255e-06
}