{
  "function": "exp",
  "backend": "jax_rigorous",
  "samples": 30,
  "seed": 0,
  "error_stats": {
    "mean": 1.0656929042932953e-12,
    "median": 8.291145547900669e-13,
    "p95": 3.1643576647866196e-12,
    "p99": 3.586109187381226e-12,
    "max": 3.653077840226615e-12
  },
  "containment_rate": 0.0,
  "mean_width": 4.26267454396075e-06
}