{
  "function": "log",
  "backend": "jax_basic",
  "samples": 30,
  "seed": 0,
  "error_stats": {
    "mean": 8.330286691930292e-18,
    "median": 0.0,
    "p95": 5.551115123125783e-17,
    "p99": 9.492406860545093e-17,
    "max": 1.1102230246251565e-16
  },
  "containment_rate": 0.0,
  "mean_width": 2.1323003036819253e-06
}