{
  "function": "exp",
  "backend": "jax_adaptive",
  "samples": 50,
  "seed": 0,
  "error_stats": {
    "mean": 1.2390316550536795e-12,
    "median": 7.489564524121306e-13,
    "p95": 3.284039706841213e-12,
    "p99": 3.526698932887484e-12,
    "max": 3.622879773956811e-12
  },
  "containment_rate": 0.0,
  "mean_width": 4.9560975885787336e-06
}