{
  "function": "gamma",
  "backend": "jax_baseline",
  "samples": 200,
  "seed": 0,
  "error_stats": {
    "mean": 9.259260025373805e-16,
    "median": 6.661338147750939e-16,
    "p95": 2.6645352591003757e-15,
    "p99": 3.79030140607027e-15,
    "max": 7.105427357601002e-15
  },
  "containment_rate": 0.07,
  "mean_width": 7.113959216965559e-06
}