{
  "function": "log",
  "backend": "jax_adaptive",
  "samples": 200,
  "seed": 0,
  "error_stats": {
    "mean": 1.1268057233809748e-12,
    "median": 1.8476886687324168e-13,
    "p95": 4.184941282403542e-12,
    "p99": 2.5586939234045742e-11,
    "max": 3.8333336505047555e-11
  },
  "containment_rate": 0.0,
  "mean_width": 1.9939893338660578e-06
}