{
  "function": "bessely",
  "backend": "jax_rigorous",
  "samples": 560,
  "seed": 0,
  "error_stats": {
    "mean": 3.1701151859914654e-07,
    "median": 2.24789631353417e-12,
    "p95": 1.2066517030007131e-08,
    "p99": 3.5666263283927976e-06,
    "max": 9.709328878670931e-05
  },
  "containment_rate": 0.0,
  "mean_width": 0.08038037429584848
}