{
  "function": "besselj",
  "backend": "jax_basic",
  "samples": 560,
  "seed": 0,
  "error_stats": {
    "mean": 4.08337215525275e-12,
    "median": 4.923839114212569e-14,
    "p95": 2.1208590439414362e-13,
    "p99": 9.680833912284453e-13,
    "max": 2.2128327226145217e-09
  },
  "containment_rate": 1.0,
  "mean_width": 4.0102106752703733e-16
}