{
  "function": "besseli",
  "backend": "jax_adaptive",
  "samples": 560,
  "seed": 0,
  "error_stats": {
    "mean": 1.7281667835525128e-12,
    "median": 6.096789739729047e-13,
    "p95": 6.991474066353475e-12,
    "p99": 1.0033645025941945e-11,
    "max": 2.647815300349521e-11
  },
  "containment_rate": 0.0,
  "mean_width": 9.68070592897915e-06
}