{
  "function": "besselk",
  "backend": "jax_rigorous",
  "samples": 560,
  "seed": 0,
  "error_stats": {
    "mean": 0.011212746998480936,
    "median": 8.743006318923108e-12,
    "p95": 6.066379967251092e-08,
    "p99": 5.305571665758166e-05,
    "max": 6.276704588410212
  },
  "containment_rate": 0.0017857142857142857,
  "mean_width": 5.208814232254956
}