bin_left,bin_right,count
1.21604e-15,0.506871,559
0.506871,1.01374,0
1.01374,1.52061,0
1.52061,2.02748,0
2.02748,2.53436,0
2.53436,3.04123,0
3.04123,3.5481,0
3.5481,4.05497,0
4.05497,4.56184,0
4.56184,5.06871,0
5.06871,5.57558,0
5.57558,6.08245,0
6.08245,6.58932,0
6.58932,7.0962,0
7.0962,7.60307,0
7.60307,8.10994,0
8.10994,8.61681,0
8.61681,9.12368,0
9.12368,9.63055,0
9.63055,10.1374,0
10.1374,10.6443,0
10.6443,11.1512,0
11.1512,11.658,0
11.658,12.1649,0
12.1649,12.6718,1