{
  "function": "besselj",
  "backend": "jax_rigorous",
  "samples": 560,
  "seed": 0,
  "error_stats": {
    "mean": 2.182532460004865e-12,
    "median": 5.890080090331651e-14,
    "p95": 3.975264561972831e-13,
    "p99": 9.46187572736773e-13,
    "max": 1.1380236475400096e-09
  },
  "containment_rate": 0.0,
  "mean_width": 7.950961697170259e-07
}