{
  "function": "besselj",
  "backend": "jax_adaptive",
  "samples": 560,
  "seed": 0,
  "error_stats": {
    "mean": 4.0833573454323335e-12,
    "median": 4.923839114212569e-14,
    "p95": 2.1208590439414362e-13,
    "p99": 9.680833912284453e-13,
    "max": 2.2128327295534156e-09
  },
  "containment_rate": 0.0,
  "mean_width": 7.95100368990723e-07
}