{
  "function": "besseli",
  "backend": "jax_rigorous",
  "samples": 560,
  "seed": 0,
  "error_stats": {
    "mean": 6.074024226095031e-13,
    "median": 2.2332136140335024e-13,
    "p95": 2.668443244147056e-12,
    "p99": 5.32605071157377e-12,
    "max": 1.3203771409564524e-11
  },
  "containment_rate": 0.0,
  "mean_width": 9.680703105604971e-06
}