bin_left,bin_right,count
8.72566e-16,0.251068,559
0.251068,0.502136,0
0.502136,0.753205,0
0.753205,1.00427,0
1.00427,1.25534,0
1.25534,1.50641,0
1.50641,1.75748,0
1.75748,2.00855,0
2.00855,2.25961,0
2.25961,2.51068,0
2.51068,2.76175,0
2.76175,3.01282,0
3.01282,3.26389,0
3.26389,3.51495,0
3.51495,3.76602,0
3.76602,4.01709,0
4.01709,4.26816,0
4.26816,4.51923,0
4.51923,4.7703,0
4.7703,5.02136,0
5.02136,5.27243,0
5.27243,5.5235,0
5.5235,5.77457,0
5.77457,6.02564,0
6.02564,6.2767,1