{
  "function": "besselk",
  "backend": "jax_basic",
  "samples": 560,
  "seed": 0,
  "error_stats": {
    "mean": 0.022636872036717166,
    "median": 1.748623468245114e-11,
    "p95": 1.2139548744016732e-07,
    "p99": 0.00010612031813707261,
    "max": 12.671777092531556
  },
  "containment_rate": 1.0,
  "mean_width": 9.143239327860257e-12
}