{
  "function": "besselk",
  "backend": "jax_adaptive",
  "samples": 560,
  "seed": 0,
  "error_stats": {
    "mean": 0.02263687203668985,
    "median": 1.748623468245114e-11,
    "p95": 1.2139548744016732e-07,
    "p99": 0.0001061203179506262,
    "max": 12.671777092531556
  },
  "containment_rate": 0.007142857142857143,
  "mean_width": 5.231662482331277
}