{
  "function": "besseli",
  "backend": "jax_basic",
  "samples": 560,
  "seed": 0,
  "error_stats": {
    "mean": 1.7282276435625217e-12,
    "median": 6.096789739729047e-13,
    "p95": 6.993161605350905e-12,
    "p99": 1.0033645025941945e-11,
    "max": 2.647820851464644e-11
  },
  "containment_rate": 1.0,
  "mean_width": 6.0749175102110986e-15
}