{
  "function": "CubesselK",
  "backend": "jax_basic",
  "samples": 560,
  "seed": 0,
  "error_stats": {
    "mean": 0.0001532349585769751,
    "median": 2.1562085450455015e-11,
    "p95": 1.0175463103223573e-07,
    "p99": 2.4473268567817133e-05,
    "max": 0.0838094894634196
  },
  "containment_rate": 1.0,
  "mean_width": 4.630895289013075e-12
}