{
  "function": "CubesselK",
  "backend": "jax_rigorous",
  "samples": 560,
  "seed": 0,
  "error_stats": {
    "mean": 7.635963055428011e-05,
    "median": 1.0781209258681201e-11,
    "p95": 5.087612180432179e-08,
    "p99": 1.2236438342370017e-05,
    "max": 0.04176036777244008
  },
  "containment_rate": 0.005357142857142857,
  "mean_width": 0.43068483950718256
}