{
  "function": "CubesselK",
  "backend": "jax_adaptive",
  "samples": 560,
  "seed": 0,
  "error_stats": {
    "mean": 0.0001532349585306299,
    "median": 2.156230749505994e-11,
    "p95": 1.0175463103223573e-07,
    "p99": 2.4473254015901904e-05,
    "max": 0.0838094894634196
  },
  "containment_rate": 0.014285714285714285,
  "mean_width": 0.43083859016358905
}