{
  "function": "erf",
  "backend": "jax_adaptive",
  "samples": 560,
  "seed": 0,
  "error_stats": {
    "mean": 0.16845774921035184,
    "median": 0.05050404241021317,
    "p95": 0.6476869756787663,
    "p99": 0.7290437869082005,
    "max": 0.7495024272363779
  },
  "containment_rate": 0.0,
  "mean_width": 1.0127989918699248e-06
}