{
  "function": "erfc",
  "backend": "jax_adaptive",
  "samples": 560,
  "seed": 0,
  "error_stats": {
    "mean": 0.16431322797368675,
    "median": 0.05262175477029388,
    "p95": 0.6478220645507416,
    "p99": 0.7277210624439124,
    "max": 0.7491531433020919
  },
  "containment_rate": 0.0,
  "mean_width": 9.974910602517208e-07
}