{
  "function": "erfc",
  "backend": "jax_basic",
  "samples": 560,
  "seed": 0,
  "error_stats": {
    "mean": 1.0566944145093007e-16,
    "median": 5.551115123125783e-17,
    "p95": 4.440892098500626e-16,
    "p99": 4.440892098500626e-16,
    "max": 4.440892098500626e-16
  },
  "containment_rate": 0.0,
  "mean_width": 1.3476640546601735e-06
}