{
  "function": "gamma",
  "backend": "jax_rigorous",
  "samples": 560,
  "seed": 0,
  "error_stats": {
    "mean": 1.7754456436782005e-11,
    "median": 7.241984789629896e-13,
    "p95": 7.716511873923065e-11,
    "p99": 4.316946178306565e-10,
    "max": 9.78040759491705e-10
  },
  "containment_rate": 0.0,
  "mean_width": 6.916743836310865e-06
}