{
  "function": "gamma",
  "backend": "jax_basic",
  "samples": 560,
  "seed": 0,
  "error_stats": {
    "mean": 8.376236212573725e-16,
    "median": 5.551115123125783e-16,
    "p95": 2.6645352591003757e-15,
    "p99": 3.552713678800501e-15,
    "max": 5.329070518200751e-15
  },
  "containment_rate": 0.11785714285714285,
  "mean_width": 6.916672818183969e-06
}