{
  "function": "besseli",
  "backend": "jax_basic",
  "samples": 80,
  "seed": 0,
  "error_stats": {
    "mean": 1.2514269757523158e-12,
    "median": 3.9573899712763705e-13,
    "p95": 5.051958851254312e-12,
    "p99": 6.486846615416642e-12,
    "max": 7.8017592386459e-12
  },
  "containment_rate": 1.0,
  "mean_width": 4.3869062943751054e-15
}