{
  "function": "besselk",
  "backend": "jax_basic",
  "samples": 80,
  "seed": 0,
  "error_stats": {
    "mean": 0.00016826792184476276,
    "median": 8.342437851638351e-12,
    "p95": 2.8533095464133737e-08,
    "p99": 0.002833883760176748,
    "max": 0.013439934700727463
  },
  "containment_rate": 1.0,
  "mean_width": 1.8778112641226753e-10
}