{
  "function": "besselk",
  "backend": "jax_adaptive",
  "samples": 80,
  "seed": 0,
  "error_stats": {
    "mean": 0.00016826792184360988,
    "median": 8.342659896243276e-12,
    "p95": 2.8533095042248986e-08,
    "p99": 0.002833883760176748,
    "max": 0.013439934700727463
  },
  "containment_rate": 0.0,
  "mean_width": 12.162181531774479
}