{
  "function": "besselj",
  "backend": "jax_rigorous",
  "samples": 80,
  "seed": 0,
  "error_stats": {
    "mean": 1.0669542084767398e-13,
    "median": 4.934941344458821e-14,
    "p95": 3.876010623571346e-13,
    "p99": 6.796682661125421e-13,
    "max": 8.047174038239291e-13
  },
  "containment_rate": 0.0,
  "mean_width": 5.68012756000348e-07
}