{
  "function": "besseli",
  "backend": "jax_adaptive",
  "samples": 80,
  "seed": 0,
  "error_stats": {
    "mean": 1.2513369505502652e-12,
    "median": 3.957667527032527e-13,
    "p95": 5.0502713122568824e-12,
    "p99": 6.485443293513516e-12,
    "max": 7.8017592386459e-12
  },
  "containment_rate": 0.0,
  "mean_width": 7.382959867751339e-06
}