{
  "function": "bessely",
  "backend": "jax_adaptive",
  "samples": 80,
  "seed": 0,
  "error_stats": {
    "mean": 1.3432137725005733e-08,
    "median": 8.257838857161914e-12,
    "p95": 1.2859534059827951e-08,
    "p99": 2.5547319410179196e-07,
    "max": 7.999565241334494e-07
  },
  "containment_rate": 0.0,
  "mean_width": 0.0021333486032341447
}