{
  "function": "bessely",
  "backend": "jax_basic",
  "samples": 80,
  "seed": 0,
  "error_stats": {
    "mean": 1.3432143583080175e-08,
    "median": 8.257727834859452e-12,
    "p95": 1.2859534059827951e-08,
    "p99": 2.5547328959873563e-07,
    "max": 7.999569788808003e-07
  },
  "containment_rate": 1.0,
  "mean_width": 1.0431620844908451e-13
}