{
  "function": "besseli",
  "backend": "jax_rigorous",
  "samples": 80,
  "seed": 0,
  "error_stats": {
    "mean": 4.155375599386537e-13,
    "median": 1.9817480989559044e-13,
    "p95": 1.8034462812011027e-12,
    "p99": 2.618829597622602e-12,
    "max": 3.3022473644450656e-12
  },
  "containment_rate": 0.0,
  "mean_width": 7.382957533673629e-06
}