{
  "function": "besselj",
  "backend": "jax_basic",
  "samples": 80,
  "seed": 0,
  "error_stats": {
    "mean": 7.549708304069263e-14,
    "median": 5.6038507167954776e-14,
    "p95": 1.968258889206707e-13,
    "p99": 3.052988417628904e-13,
    "max": 3.854416785742387e-13
  },
  "containment_rate": 1.0,
  "mean_width": 4.253693211416078e-16
}