{
  "function": "cos",
  "backend": "jax_rigorous",
  "samples": 80,
  "seed": 0,
  "error_stats": {
    "mean": 3.1163066918638017e-13,
    "median": 3.4638958368304884e-13,
    "p95": 4.94726482003216e-13,
    "p99": 4.997813274343344e-13,
    "max": 5.000444502911705e-13
  },
  "containment_rate": 0.0,
  "mean_width": 1.2982380692076745e-06
}