{
  "function": "cosh",
  "backend": "jax_rigorous",
  "samples": 80,
  "seed": 0,
  "error_stats": {
    "mean": 9.605899409237395e-13,
    "median": 8.382183835919932e-13,
    "p95": 1.7959633780151308e-12,
    "p99": 1.849369546391699e-12,
    "max": 1.856736986383112e-12
  },
  "containment_rate": 0.0,
  "mean_width": 3.0184664022159247e-06
}