{
  "function": "CubesselK",
  "backend": "jax_adaptive",
  "samples": 80,
  "seed": 0,
  "error_stats": {
    "mean": 5.488629580295015e-07,
    "median": 7.762374076847323e-12,
    "p95": 1.1589122166810722e-06,
    "p99": 1.4092594797148102e-05,
    "max": 2.5805375571508193e-05
  },
  "containment_rate": 0.0125,
  "mean_width": 0.021831797525405865
}