{
  "function": "erf",
  "backend": "jax_adaptive",
  "samples": 80,
  "seed": 0,
  "error_stats": {
    "mean": 0.15732419664032476,
    "median": 0.02111708616956265,
    "p95": 0.6483260422831519,
    "p99": 0.7220050202701197,
    "max": 0.736929200496113
  },
  "containment_rate": 0.0,
  "mean_width": 1.0749916979624178e-06
}