{
  "function": "erfc",
  "backend": "jax_rigorous",
  "samples": 80,
  "seed": 0,
  "error_stats": {
    "mean": 0.18041881179148628,
    "median": 0.07115220805988087,
    "p95": 0.6210063382717926,
    "p99": 0.7134361265037901,
    "max": 0.718930958649854
  },
  "containment_rate": 0.0,
  "mean_width": 9.549224750918369e-07
}