{
  "function": "exp",
  "backend": "jax_adaptive",
  "samples": 80,
  "seed": 0,
  "error_stats": {
    "mean": 8.211632762655797e-13,
    "median": 5.56554802244591e-13,
    "p95": 2.588596004216015e-12,
    "p99": 2.9838442827667655e-12,
    "max": 3.2862601528904634e-12
  },
  "containment_rate": 0.0,
  "mean_width": 3.2845870484354832e-06
}