{
  "function": "exp",
  "backend": "jax_basic",
  "samples": 80,
  "seed": 0,
  "error_stats": {
    "mean": 1.7590096046404825e-16,
    "median": 0.0,
    "p95": 8.881784197001252e-16,
    "p99": 8.881784197001252e-16,
    "max": 8.881784197001252e-16
  },
  "containment_rate": 0.0,
  "mean_width": 3.284585407569915e-06
}