{
  "function": "gamma",
  "backend": "jax_basic",
  "samples": 80,
  "seed": 0,
  "error_stats": {
    "mean": 8.992806499463768e-16,
    "median": 6.661338147750939e-16,
    "p95": 2.231548279496564e-15,
    "p99": 5.702105454474793e-15,
    "max": 7.105427357601002e-15
  },
  "containment_rate": 0.125,
  "mean_width": 9.546549036666686e-06
}