{
  "function": "log",
  "backend": "jax_basic",
  "samples": 80,
  "seed": 0,
  "error_stats": {
    "mean": 3.096481404618601e-17,
    "median": 0.0,
    "p95": 2.220446049250313e-16,
    "p99": 2.220446049250313e-16,
    "max": 2.220446049250313e-16
  },
  "containment_rate": 0.0,
  "mean_width": 2.40088798461437e-06
}