{
  "function": "log",
  "backend": "jax_rigorous",
  "samples": 80,
  "seed": 0,
  "error_stats": {
    "mean": 1.8619820095489016e-12,
    "median": 2.571554080788019e-13,
    "p95": 5.267664082708723e-12,
    "p99": 3.483892285771611e-11,
    "max": 4.2370551511794474e-11
  },
  "containment_rate": 0.0,
  "mean_width": 2.40089543199944e-06
}