{
  "function": "sin",
  "backend": "jax_adaptive",
  "samples": 80,
  "seed": 0,
  "error_stats": {
    "mean": 3.163554487817244e-13,
    "median": 3.499978085130806e-13,
    "p95": 4.995004410091042e-13,
    "p99": 4.99933427988708e-13,
    "max": 4.99933427988708e-13
  },
  "containment_rate": 0.0,
  "mean_width": 1.2979439747839474e-06
}