{
  "function": "sinh",
  "backend": "jax_adaptive",
  "samples": 80,
  "seed": 0,
  "error_stats": {
    "mean": 8.428235973717557e-13,
    "median": 8.105738302788268e-13,
    "p95": 1.6023626869809959e-12,
    "p99": 1.788222903087444e-12,
    "max": 1.7994494783124537e-12
  },
  "containment_rate": 0.0,
  "mean_width": 4.108652882417289e-06
}