{
  "function": "tan",
  "backend": "jax_adaptive",
  "samples": 80,
  "seed": 0,
  "error_stats": {
    "mean": 1.4042225175989264e-12,
    "median": 7.454592498845614e-13,
    "p95": 4.4151238220990764e-12,
    "p99": 5.0738835355446095e-12,
    "max": 5.10791409169542e-12
  },
  "containment_rate": 0.0,
  "mean_width": 3.2926913142058484e-06
}