{
  "function": "tanh",
  "backend": "jax_basic",
  "samples": 80,
  "seed": 0,
  "error_stats": {
    "mean": 5.594483210025203e-17,
    "median": 4.163336342344337e-17,
    "p95": 1.1102230246251565e-16,
    "p99": 2.220446049250313e-16,
    "max": 2.220446049250313e-16
  },
  "containment_rate": 0.0,
  "mean_width": 9.763578855136873e-07
}