{
  "function": "tanh",
  "backend": "jax_rigorous",
  "samples": 80,
  "seed": 0,
  "error_stats": {
    "mean": 2.2996040835443487e-13,
    "median": 2.28650431921551e-13,
    "p95": 3.842481888227667e-13,
    "p99": 3.849376373210589e-13,
    "max": 3.850253449400043e-13
  },
  "containment_rate": 0.0,
  "mean_width": 9.763588047374122e-07
}