{
  "function": "exp",
  "backend": "jax_adaptive",
  "samples": 200,
  "seed": 0,
  "error_stats": {
    "mean": 8.957284913790886e-13,
    "median": 5.698774785400929e-13,
    "p95": 2.8852031874748712e-12,
    "p99": 3.4903546719533543e-12,
    "max": 3.68771679859492e-12
  },
  "containment_rate": 0.0,
  "mean_width": 3.582935819432809e-06
}