{
  "function": "besselk",
  "backend": "jax_adaptive",
  "samples": 360,
  "seed": 0,
  "error_stats": {
    "mean": 0.0006937086391490669,
    "median": 1.5596635094539124e-11,
    "p95": 1.7334191539930957e-07,
    "p99": 0.00014375985442598193,
    "max": 0.24622262291086372
  },
  "containment_rate": 0.008333333333333333,
  "mean_width": 0.7536092170911988
}