{
  "function": "bessely",
  "backend": "jax_adaptive",
  "samples": 360,
  "seed": 0,
  "error_stats": {
    "mean": 2.4734552966222384e-07,
    "median": 5.454747764588319e-12,
    "p95": 7.61591795850337e-08,
    "p99": 1.8609336989783632e-06,
    "max": 3.8055426557548344e-05
  },
  "containment_rate": 0.0,
  "mean_width": 0.03133477413844362
}