{
  "function": "besseli",
  "backend": "jax_rigorous",
  "samples": 360,
  "seed": 0,
  "error_stats": {
    "mean": 4.721035220984976e-13,
    "median": 2.2321033910088772e-13,
    "p95": 1.6420642623415925e-12,
    "p99": 4.770726036440476e-12,
    "max": 1.0249634474490676e-11
  },
  "containment_rate": 0.0,
  "mean_width": 7.334471430668173e-06
}