{
  "function": "bessely",
  "backend": "jax_rigorous",
  "samples": 360,
  "seed": 0,
  "error_stats": {
    "mean": 1.2366186453079052e-07,
    "median": 2.727040815386772e-12,
    "p95": 3.8079117103961886e-08,
    "p99": 9.303475776789754e-07,
    "max": 1.9027444068342447e-05
  },
  "containment_rate": 0.0,
  "mean_width": 0.03133452677107387
}