{
  "function": "besselj",
  "backend": "jax_rigorous",
  "samples": 360,
  "seed": 0,
  "error_stats": {
    "mean": 1.1259700609784505e-12,
    "median": 5.6288307348495437e-14,
    "p95": 3.954392369109883e-13,
    "p99": 7.154860037772444e-13,
    "max": 3.525756839262151e-10
  },
  "containment_rate": 0.0,
  "mean_width": 7.333623128548483e-07
}