{
  "function": "besseli",
  "backend": "jax_adaptive",
  "samples": 360,
  "seed": 0,
  "error_stats": {
    "mean": 1.3047077495001132e-12,
    "median": 4.997668945350142e-13,
    "p95": 4.893507821179811e-12,
    "p99": 9.49718526044308e-12,
    "max": 1.6281531678430383e-11
  },
  "containment_rate": 0.0,
  "mean_width": 7.33447366434712e-06
}