{
  "function": "CubesselK",
  "backend": "jax_rigorous",
  "samples": 360,
  "seed": 0,
  "error_stats": {
    "mean": 0.00013348781866952503,
    "median": 1.2773226920614889e-11,
    "p95": 1.879056938491893e-07,
    "p99": 0.00010596572663303236,
    "max": 0.04731826936404104
  },
  "containment_rate": 0.0,
  "mean_width": 0.3553700890178512
}