{
  "function": "CubesselK",
  "backend": "jax_adaptive",
  "samples": 360,
  "seed": 0,
  "error_stats": {
    "mean": 0.0002678854967102457,
    "median": 2.5548008153464252e-11,
    "p95": 3.75825565868128e-07,
    "p99": 0.00021204429887348314,
    "max": 0.09496372300782241
  },
  "containment_rate": 0.013888888888888888,
  "mean_width": 0.3556388843738978
}