{
  "function": "erf",
  "backend": "jax_basic",
  "samples": 360,
  "seed": 0,
  "error_stats": {
    "mean": 7.856369875646073e-17,
    "median": 2.7755575615628914e-17,
    "p95": 2.220446049250313e-16,
    "p99": 4.668487818548797e-16,
    "max": 5.551115123125783e-16
  },
  "containment_rate": 0.0,
  "mean_width": 1.4084503985292012e-06
}