{
  "function": "gamma",
  "backend": "jax_basic",
  "samples": 360,
  "seed": 0,
  "error_stats": {
    "mean": 7.9627662488393175e-16,
    "median": 4.996003610813204e-16,
    "p95": 2.2426505097428213e-15,
    "p99": 3.9968028886505635e-15,
    "max": 9.769962616701378e-15
  },
  "containment_rate": 0.14722222222222223,
  "mean_width": 7.740227243538708e-06
}