{
  "function": "gamma",
  "backend": "jax_adaptive",
  "samples": 360,
  "seed": 0,
  "error_stats": {
    "mean": 2.1926544839049692e-11,
    "median": 8.144596108650148e-13,
    "p95": 7.496847587162859e-11,
    "p99": 5.484195142457803e-10,
    "max": 7.794476175604359e-10
  },
  "containment_rate": 0.0,
  "mean_width": 7.740271095652624e-06
}