{
  "function": "besseli",
  "backend": "jax_basic",
  "samples": 80,
  "seed": 0,
  "error_stats": {
    "mean": 1.6032498732286533e-12,
    "median": 5.807021530301881e-13,
    "p95": 6.071765312753996e-12,
    "p99": 8.043343768804332e-12,
    "max": 8.324008149429574e-12
  },
  "containment_rate": 1.0,
  "mean_width": 5.682608009637772e-15
}