{
  "function": "bessely",
  "backend": "jax_rigorous",
  "samples": 80,
  "seed": 0,
  "error_stats": {
    "mean": 1.0346089933683361e-05,
    "median": 5.876965580853266e-13,
    "p95": 3.282307323715193e-07,
    "p99": 0.0003522204062898027,
    "max": 0.000354075338691473
  },
  "containment_rate": 0.0,
  "mean_width": 0.9709900893010264
}