{
  "function": "besseli",
  "backend": "jax_adaptive",
  "samples": 80,
  "seed": 0,
  "error_stats": {
    "mean": 1.6031428686363937e-12,
    "median": 5.808131753326506e-13,
    "p95": 6.069988955914596e-12,
    "p99": 8.043343768804332e-12,
    "max": 8.324008149429574e-12
  },
  "containment_rate": 0.0,
  "mean_width": 9.13160702414414e-06
}