{
  "function": "besseli",
  "backend": "jax_rigorous",
  "samples": 80,
  "seed": 0,
  "error_stats": {
    "mean": 6.033315397556042e-13,
    "median": 2.270406085358445e-13,
    "p95": 2.403144350182627e-12,
    "p99": 3.409290627587318e-12,
    "max": 4.259703700881801e-12
  },
  "containment_rate": 0.0,
  "mean_width": 9.131604335751351e-06
}