{
  "function": "besselj",
  "backend": "jax_adaptive",
  "samples": 80,
  "seed": 0,
  "error_stats": {
    "mean": 1.4607552870396247e-13,
    "median": 4.941880238362728e-14,
    "p95": 1.9631796188690485e-13,
    "p99": 1.558085327424371e-12,
    "max": 6.1827765129862655e-12
  },
  "containment_rate": 0.0,
  "mean_width": 8.072079631972775e-07
}