{
  "function": "bessely",
  "backend": "jax_basic",
  "samples": 80,
  "seed": 0,
  "error_stats": {
    "mean": 2.0703592155476798e-05,
    "median": 1.1755318940487314e-12,
    "p95": 6.56698437850842e-07,
    "p99": 0.0007051473968351728,
    "max": 0.0007081653457134962
  },
  "containment_rate": 1.0,
  "mean_width": 2.0398804000121285e-11
}