{
  "function": "besselj",
  "backend": "jax_rigorous",
  "samples": 80,
  "seed": 0,
  "error_stats": {
    "mean": 1.7082728695207286e-13,
    "median": 6.22002449546244e-14,
    "p95": 4.4506343055417095e-13,
    "p99": 1.3416617816730316e-12,
    "max": 4.14229761602769e-12
  },
  "containment_rate": 0.0,
  "mean_width": 8.072075597347277e-07
}