{
  "function": "besselk",
  "backend": "jax_basic",
  "samples": 80,
  "seed": 0,
  "error_stats": {
    "mean": 1.207895664803748e-07,
    "median": 5.858558083104981e-11,
    "p95": 1.2485431568620595e-07,
    "p99": 2.702707779462774e-06,
    "max": 5.798658094136044e-06
  },
  "containment_rate": 1.0,
  "mean_width": 1.057268638957054e-12
}