{
  "function": "cos",
  "backend": "jax_adaptive",
  "samples": 80,
  "seed": 0,
  "error_stats": {
    "mean": 3.004215799740084e-13,
    "median": 3.1674662892555716e-13,
    "p95": 4.967803945987726e-13,
    "p99": 4.987643631437777e-13,
    "max": 4.993783164763954e-13
  },
  "containment_rate": 0.0,
  "mean_width": 1.34296322899137e-06
}