{
  "function": "cos",
  "backend": "jax_basic",
  "samples": 80,
  "seed": 0,
  "error_stats": {
    "mean": 1.9255430583342558e-17,
    "median": 0.0,
    "p95": 1.1102230246251565e-16,
    "p99": 1.1102230246251565e-16,
    "max": 1.1102230246251565e-16
  },
  "containment_rate": 0.0,
  "mean_width": 1.342962628686278e-06
}