{
  "function": "cosh",
  "backend": "jax_rigorous",
  "samples": 80,
  "seed": 0,
  "error_stats": {
    "mean": 8.1164519549759e-13,
    "median": 6.602496327445806e-13,
    "p95": 1.6917800493843057e-12,
    "p99": 1.8122614520166276e-12,
    "max": 1.8771650900362147e-12
  },
  "containment_rate": 0.0,
  "mean_width": 2.259334148235759e-06
}