{
  "function": "CubesselK",
  "backend": "jax_rigorous",
  "samples": 80,
  "seed": 0,
  "error_stats": {
    "mean": 0.0003135710430083937,
    "median": 6.379008432588762e-12,
    "p95": 1.6288465332081556e-08,
    "p99": 0.005272131866658881,
    "max": 0.025078341364860535
  },
  "containment_rate": 0.0,
  "mean_width": 39.98266435057876
}