{
  "function": "CubesselK",
  "backend": "jax_adaptive",
  "samples": 80,
  "seed": 0,
  "error_stats": {
    "mean": 0.0006271592238922053,
    "median": 1.2760237311226774e-11,
    "p95": 3.257751046703549e-08,
    "p99": 0.010544551715720132,
    "max": 0.0501580536365509
  },
  "containment_rate": 0.025,
  "mean_width": 39.98329152689415
}