{
  "function": "erf",
  "backend": "jax_adaptive",
  "samples": 80,
  "seed": 0,
  "error_stats": {
    "mean": 0.17883195986045006,
    "median": 0.08970040648222172,
    "p95": 0.6238952193501908,
    "p99": 0.691265244706752,
    "max": 0.7087228467379711
  },
  "containment_rate": 0.0,
  "mean_width": 9.50181785183365e-07
}