{
  "function": "erfc",
  "backend": "jax_adaptive",
  "samples": 80,
  "seed": 0,
  "error_stats": {
    "mean": 0.19852380056310598,
    "median": 0.06179060677090717,
    "p95": 0.6704658648615835,
    "p99": 0.7287722621071846,
    "max": 0.7315423935226424
  },
  "containment_rate": 0.0,
  "mean_width": 9.615817973923115e-07
}