{
  "function": "exp",
  "backend": "jax_adaptive",
  "samples": 80,
  "seed": 0,
  "error_stats": {
    "mean": 6.891074516568452e-13,
    "median": 3.1202818107090025e-13,
    "p95": 2.760947026558824e-12,
    "p99": 3.5692604427595136e-12,
    "max": 3.6415315207705135e-12
  },
  "containment_rate": 0.0,
  "mean_width": 2.756445062809809e-06
}