{
  "function": "exp",
  "backend": "jax_basic",
  "samples": 80,
  "seed": 0,
  "error_stats": {
    "mean": 7.424616477180734e-17,
    "median": 0.0,
    "p95": 2.3314683517128224e-16,
    "p99": 8.881784197001252e-16,
    "max": 8.881784197001252e-16
  },
  "containment_rate": 0.0,
  "mean_width": 2.7564436858341923e-06
}