{
  "function": "gamma",
  "backend": "jax_basic",
  "samples": 80,
  "seed": 0,
  "error_stats": {
    "mean": 9.103828801926283e-16,
    "median": 8.881784197001252e-16,
    "p95": 2.220446049250313e-15,
    "p99": 2.5357493882438548e-15,
    "max": 2.886579864025407e-15
  },
  "containment_rate": 0.0875,
  "mean_width": 4.970229474099419e-06
}