{
  "function": "log",
  "backend": "jax_adaptive",
  "samples": 80,
  "seed": 0,
  "error_stats": {
    "mean": 1.1520215337235128e-12,
    "median": 1.6331380692236053e-13,
    "p95": 3.627859124222251e-12,
    "p99": 1.4909262713302765e-11,
    "max": 3.8333336505047555e-11
  },
  "containment_rate": 0.0,
  "mean_width": 1.995346294891495e-06
}