{
  "function": "sinh",
  "backend": "jax_rigorous",
  "samples": 80,
  "seed": 0,
  "error_stats": {
    "mean": 7.944896476819174e-13,
    "median": 7.330802631599909e-13,
    "p95": 1.6207923891897734e-12,
    "p99": 1.7131851492990789e-12,
    "max": 1.7394974349826953e-12
  },
  "containment_rate": 0.0,
  "mean_width": 3.969091790956367e-06
}