{
  "function": "sqrt",
  "backend": "jax_rigorous",
  "samples": 80,
  "seed": 0,
  "error_stats": {
    "mean": 6.637662641750808e-13,
    "median": 4.96269692007445e-14,
    "p95": 8.414879903995067e-13,
    "p99": 1.833236118464753e-11,
    "max": 1.9383800120564842e-11
  },
  "containment_rate": 0.0,
  "mean_width": 1.0044470904704838e-06
}