{
  "function": "tan",
  "backend": "jax_rigorous",
  "samples": 80,
  "seed": 0,
  "error_stats": {
    "mean": 1.1604572771467535e-12,
    "median": 7.687184222504584e-13,
    "p95": 4.528055708163947e-12,
    "p99": 5.166183036919846e-12,
    "max": 5.324407581497326e-12
  },
  "containment_rate": 0.0,
  "mean_width": 3.057920894532738e-06
}