{
  "function": "tanh",
  "backend": "jax_rigorous",
  "samples": 80,
  "seed": 0,
  "error_stats": {
    "mean": 2.3510404167643823e-13,
    "median": 2.4463764347615324e-13,
    "p95": 3.828770633873546e-13,
    "p99": 3.8491432263754177e-13,
    "max": 3.8491432263754177e-13
  },
  "containment_rate": 0.0,
  "mean_width": 9.620711477608578e-07
}