{
  "function": "besseli",
  "backend": "jax_rigorous",
  "samples": 360,
  "seed": 1,
  "error_stats": {
    "mean": 5.551784707443502e-13,
    "median": 2.314259894831139e-13,
    "p95": 2.7467805807646092e-12,
    "p99": 4.68222793870156e-12,
    "max": 6.160405519040069e-12
  },
  "containment_rate": 0.0,
  "mean_width": 8.739790881574075e-06
}