{
  "function": "bessely",
  "backend": "jax_rigorous",
  "samples": 360,
  "seed": 1,
  "error_stats": {
    "mean": 5.006507089097545e-07,
    "median": 2.3514523661560816e-12,
    "p95": 2.7664269364180458e-08,
    "p99": 1.5502684254897938e-06,
    "max": 0.0001259204582311213
  },
  "containment_rate": 0.0,
  "mean_width": 0.0761277017518257
}