{
  "function": "besselk",
  "backend": "jax_rigorous",
  "samples": 360,
  "seed": 1,
  "error_stats": {
    "mean": 1.9902772388190593e-06,
    "median": 8.392508910048946e-12,
    "p95": 8.998040357255405e-08,
    "p99": 5.028493123973083e-06,
    "max": 0.0005451293736769003
  },
  "containment_rate": 0.002777777777777778,
  "mean_width": 0.12320950033012935
}