{
  "function": "besselk",
  "backend": "jax_basic",
  "samples": 360,
  "seed": 1,
  "error_stats": {
    "mean": 3.982002533179195e-06,
    "median": 1.6784351686283117e-11,
    "p95": 1.799635015231621e-07,
    "p99": 1.0057096205855611e-05,
    "max": 0.001090773744181206
  },
  "containment_rate": 1.0,
  "mean_width": 3.453662568122764e-12
}