{
  "function": "besselk",
  "backend": "jax_adaptive",
  "samples": 360,
  "seed": 1,
  "error_stats": {
    "mean": 3.982002526229488e-06,
    "median": 1.6784351686283117e-11,
    "p95": 1.799635015231621e-07,
    "p99": 1.0057095132651863e-05,
    "max": 0.001090773744181206
  },
  "containment_rate": 0.008333333333333333,
  "mean_width": 0.1232134837807449
}