{
  "function": "besselj",
  "backend": "jax_adaptive",
  "samples": 360,
  "seed": 1,
  "error_stats": {
    "mean": 9.0707516896373e-14,
    "median": 5.261416302637656e-14,
    "p95": 2.4630297801309113e-13,
    "p99": 7.537151458514333e-13,
    "max": 1.6883161535474756e-12
  },
  "containment_rate": 0.0,
  "mean_width": 7.503811191462166e-07
}