{
  "function": "besselj",
  "backend": "jax_rigorous",
  "samples": 360,
  "seed": 1,
  "error_stats": {
    "mean": 1.2566719950441956e-13,
    "median": 5.843589501175472e-14,
    "p95": 4.221623051137159e-13,
    "p99": 8.962919295640896e-13,
    "max": 1.1445289160860739e-12
  },
  "containment_rate": 0.0,
  "mean_width": 7.503807771793426e-07
}