{
  "function": "besseli",
  "backend": "jax_basic",
  "samples": 360,
  "seed": 1,
  "error_stats": {
    "mean": 1.5403431604014172e-12,
    "median": 5.944134073843088e-13,
    "p95": 6.608225078252874e-12,
    "p99": 9.023608527058969e-12,
    "max": 1.098854340852995e-11
  },
  "containment_rate": 1.0,
  "mean_width": 5.34534795153147e-15
}