{
  "function": "bessely",
  "backend": "jax_adaptive",
  "samples": 360,
  "seed": 1,
  "error_stats": {
    "mean": 1.0015080358128515e-06,
    "median": 4.702460643102313e-12,
    "p95": 5.533262950052637e-08,
    "p99": 3.1005564960651463e-06,
    "max": 0.000251844001468271
  },
  "containment_rate": 0.0,
  "mean_width": 0.07612870346632168
}