{
  "function": "bessely",
  "backend": "jax_basic",
  "samples": 360,
  "seed": 1,
  "error_stats": {
    "mean": 1.0015081959749741e-06,
    "median": 4.702460643102313e-12,
    "p95": 5.5332631188065363e-08,
    "p99": 3.1005564960651463e-06,
    "max": 0.00025184405967593193
  },
  "containment_rate": 1.0,
  "mean_width": 2.1856378433088758e-12
}