{
  "function": "besseli",
  "backend": "jax_adaptive",
  "samples": 360,
  "seed": 1,
  "error_stats": {
    "mean": 1.5404297001423928e-12,
    "median": 5.945244296867713e-13,
    "p95": 6.6117777919316745e-12,
    "p99": 9.027161240737769e-12,
    "max": 1.099209612220875e-11
  },
  "containment_rate": 0.0,
  "mean_width": 8.739793497208103e-06
}