{
  "function": "CubesselK",
  "backend": "jax_rigorous",
  "samples": 360,
  "seed": 1,
  "error_stats": {
    "mean": 1.5994523966929456e-06,
    "median": 1.1530998378361801e-11,
    "p95": 3.771539027752627e-08,
    "p99": 5.8208062273480036e-06,
    "max": 0.000484284246340394
  },
  "containment_rate": 0.002777777777777778,
  "mean_width": 0.24567664318904667
}