{
  "function": "CubesselK",
  "backend": "jax_adaptive",
  "samples": 360,
  "seed": 1,
  "error_stats": {
    "mean": 3.199036929099843e-06,
    "median": 2.3059554266069426e-11,
    "p95": 7.543186590908142e-08,
    "p99": 1.1642162296539175e-05,
    "max": 0.0009685875847935677
  },
  "containment_rate": 0.008333333333333333,
  "mean_width": 0.24567984235807158
}