{
  "function": "erf",
  "backend": "jax_basic",
  "samples": 360,
  "seed": 1,
  "error_stats": {
    "mean": 7.320533068622126e-17,
    "median": 5.551115123125783e-17,
    "p95": 2.220446049250313e-16,
    "p99": 3.3306690738754696e-16,
    "max": 4.996003610813204e-16
  },
  "containment_rate": 0.0,
  "mean_width": 1.3520457738252835e-06
}