{
  "function": "erf",
  "backend": "jax_rigorous",
  "samples": 360,
  "seed": 1,
  "error_stats": {
    "mean": 0.1600501653560395,
    "median": 0.05438574904502491,
    "p95": 0.5860621659312364,
    "p99": 0.7129446541865604,
    "max": 0.7336885118856501
  },
  "containment_rate": 0.0,
  "mean_width": 1.015899516463474e-06
}