{
  "function": "erfc",
  "backend": "jax_basic",
  "samples": 360,
  "seed": 1,
  "error_stats": {
    "mean": 7.517135062566164e-17,
    "median": 0.0,
    "p95": 2.220446049250313e-16,
    "p99": 4.440892098500626e-16,
    "max": 5.551115123125783e-16
  },
  "containment_rate": 0.0,
  "mean_width": 1.3931776264154241e-06
}