{
  "function": "gamma",
  "backend": "jax_rigorous",
  "samples": 360,
  "seed": 1,
  "error_stats": {
    "mean": 1.6784044524579637e-11,
    "median": 6.883382752675971e-13,
    "p95": 7.673881530223527e-11,
    "p99": 3.037157547680636e-10,
    "max": 7.939249258015479e-10
  },
  "containment_rate": 0.0,
  "mean_width": 6.808038093981178e-06
}