{
  "function": "gamma",
  "backend": "jax_basic",
  "samples": 360,
  "seed": 1,
  "error_stats": {
    "mean": 8.061452739917109e-16,
    "median": 6.661338147750939e-16,
    "p95": 2.231548279496567e-15,
    "p99": 3.1996627569697067e-15,
    "max": 3.552713678800501e-15
  },
  "containment_rate": 0.04722222222222222,
  "mean_width": 6.807970957766073e-06
}