{
  "function": "besselk",
  "backend": "jax_adaptive",
  "samples": 560,
  "seed": 1,
  "error_stats": {
    "mean": 2.2342622196253617e-06,
    "median": 1.7053469747452255e-11,
    "p95": 7.749069936835439e-08,
    "p99": 1.3433360274461443e-05,
    "max": 0.0008411621585082685
  },
  "containment_rate": 0.005357142857142857,
  "mean_width": 0.08207525530794753
}