{
  "function": "besselk",
  "backend": "jax_rigorous",
  "samples": 560,
  "seed": 1,
  "error_stats": {
    "mean": 1.1163549185616758e-06,
    "median": 8.527512029843365e-12,
    "p95": 3.8739997876291454e-08,
    "p99": 6.715492727380277e-06,
    "max": 0.0004201528881822014
  },
  "containment_rate": 0.0017857142857142857,
  "mean_width": 0.08207301949330384
}