{
  "function": "besseli",
  "backend": "jax_adaptive",
  "samples": 560,
  "seed": 1,
  "error_stats": {
    "mean": 1.4946133027968773e-12,
    "median": 5.878630915390204e-13,
    "p95": 6.704237165422453e-12,
    "p99": 8.889102787179573e-12,
    "max": 1.0949463558063144e-11
  },
  "containment_rate": 0.0,
  "mean_width": 8.57979351982183e-06
}