{
  "function": "besselj",
  "backend": "jax_basic",
  "samples": 560,
  "seed": 1,
  "error_stats": {
    "mean": 1.8910758026486341e-13,
    "median": 4.977268597272655e-14,
    "p95": 1.98266403295122e-13,
    "p99": 4.5401793435928497e-13,
    "max": 5.420019121016306e-11
  },
  "containment_rate": 1.0,
  "mean_width": 3.9881924457719395e-16
}