{
  "function": "besselk",
  "backend": "jax_basic",
  "samples": 560,
  "seed": 1,
  "error_stats": {
    "mean": 2.2342623505947077e-06,
    "median": 1.7053358725149792e-11,
    "p95": 7.749069652618344e-08,
    "p99": 1.3433360297767246e-05,
    "max": 0.0008411621585082685
  },
  "containment_rate": 1.0,
  "mean_width": 2.3529849509790203e-12
}