{
  "function": "besseli",
  "backend": "jax_basic",
  "samples": 560,
  "seed": 1,
  "error_stats": {
    "mean": 1.4946484857571042e-12,
    "median": 5.877520692365579e-13,
    "p95": 6.705924704419884e-12,
    "p99": 8.889102787179573e-12,
    "max": 1.0949463558063144e-11
  },
  "containment_rate": 1.0,
  "mean_width": 5.2953723869976824e-15
}