{
  "function": "CubesselK",
  "backend": "jax_rigorous",
  "samples": 560,
  "seed": 1,
  "error_stats": {
    "mean": 1.8020522039259562e-05,
    "median": 5.697109450863991e-12,
    "p95": 8.962534572276426e-08,
    "p99": 2.4546183121855765e-05,
    "max": 0.009689109399914742
  },
  "containment_rate": 0.0017857142857142857,
  "mean_width": 2.6590960527145024
}