{
  "function": "CubesselK",
  "backend": "jax_basic",
  "samples": 560,
  "seed": 1,
  "error_stats": {
    "mean": 3.6041847795486255e-05,
    "median": 1.1394551968635369e-11,
    "p95": 1.792609946704684e-07,
    "p99": 4.909318886347939e-05,
    "max": 0.019378656521439552
  },
  "containment_rate": 1.0,
  "mean_width": 2.2838059778356842e-11
}