{
  "function": "CubesselK",
  "backend": "jax_adaptive",
  "samples": 560,
  "seed": 1,
  "error_stats": {
    "mean": 3.604184767238302e-05,
    "median": 1.1394551968635369e-11,
    "p95": 1.7926098792031243e-07,
    "p99": 4.909318027784941e-05,
    "max": 0.019378656521439552
  },
  "containment_rate": 0.010714285714285714,
  "mean_width": 2.6591320953657656
}