{
  "function": "erf",
  "backend": "jax_basic",
  "samples": 560,
  "seed": 1,
  "error_stats": {
    "mean": 4.8262872493130625e-17,
    "median": 0.0,
    "p95": 2.220446049250313e-16,
    "p99": 3.003153281611031e-16,
    "max": 4.440892098500626e-16
  },
  "containment_rate": 0.0,
  "mean_width": 1.3318941755732978e-06
}