{
  "function": "erf",
  "backend": "jax_rigorous",
  "samples": 560,
  "seed": 1,
  "error_stats": {
    "mean": 0.1615930533647935,
    "median": 0.04901878115052155,
    "p95": 0.6283109121630306,
    "p99": 0.7173240881423502,
    "max": 0.7452563177422047
  },
  "containment_rate": 0.0,
  "mean_width": 1.0048338845042247e-06
}