{
  "function": "gamma",
  "backend": "jax_basic",
  "samples": 560,
  "seed": 1,
  "error_stats": {
    "mean": 8.427782281574179e-16,
    "median": 6.661338147750939e-16,
    "p95": 2.4424906541753444e-15,
    "p99": 3.643751966819757e-15,
    "max": 5.329070518200751e-15
  },
  "containment_rate": 0.09821428571428571,
  "mean_width": 6.2084848070841675e-06
}