{
  "function": "besselk",
  "backend": "jax_rigorous",
  "samples": 256,
  "seed": 7,
  "error_stats": {
    "mean": 0.0011633673665596947,
    "median": 8.835598919176846e-12,
    "p95": 2.942600758615299e-07,
    "p99": 4.836965989980466e-05,
    "max": 0.29728537857954507
  },
  "containment_rate": 0.0078125,
  "mean_width": 0.7580476054244958
}