{
  "function": "besselk",
  "backend": "jax_basic",
  "samples": 256,
  "seed": 7,
  "error_stats": {
    "mean": 0.0023426172302679032,
    "median": 1.7672530105983242e-11,
    "p95": 5.88543144885989e-07,
    "p99": 9.678455186232687e-05,
    "max": 0.5986361154918995
  },
  "containment_rate": 1.0,
  "mean_width": 2.0513741801151536e-12
}